Adj Close,Close,High,Low,Open,Volume,Return,EMA_9,EMA_21,EMA_50,EMA_100,EMA_250,Log_Return,Volatility,True_Range,ATR,ATR_Percent,EMA_Score,Trend,Volatility_Regime,Market_Score
1.2909259796142578,1.2909259796142578,1.3065030574798584,1.2271050214767456,1.2333699464797974,1855980787,0.0468430385835803,1.247870201171294,1.2807665341668064,1.3235756465738626,1.347258055035697,1.3642792443810126,0.045779005257013054,0.05546588701200663,0.07939803600311279,0.0864432965006147,0.0669622409539274,-100,Strong Bearish,Medium,23.26
1.2962629795074463,1.2962629795074463,1.315587043762207,1.2572580575942993,1.2910890579223633,967735764,0.004134241604451416,1.2575487568385246,1.2821753019250464,1.322504561590866,1.3462482515598901,1.3637372821111036,0.004125719108925049,0.05408752535348089,0.058328986167907715,0.08581050804683141,0.06619837903527698,-100,Strong Bearish,Medium,23.45
1.407251000404358,1.407251000404358,1.4206409454345703,1.2911590337753296,1.2959330081939697,2436680646,0.08562153100992265,1.2874892055516913,1.29354581996862,1.3258279513482578,1.3474562267845331,1.3640840049660299,0.08215266262290902,0.05854801391844475,0.12948191165924072,0.0920420799936567,0.06540558860303487,-100,Strong Bearish,Medium,23.65
1.5941309928894043,1.5941309928894043,1.5941309928894043,1.3907630443572998,1.408210039138794,5285117130,0.132797910558492,1.348817563019234,1.3208717447796006,1.3363496392518324,1.352340875618293,1.365917048694503,0.12469059946276054,0.060748341668483065,0.2033679485321045,0.10215414421898979,0.06408139900337344,-60,Bearish,Medium,33.98
1.4655410051345825,1.4655410051345825,1.6312979459762573,1.4182369709014893,1.5964800119400024,4287066351,-0.08066463065356322,1.372162251442304,1.3340234957209625,1.3414159673256656,1.354582462341388,1.3667108650804798,-0.08410429463690292,0.07897564319088367,0.21306097507476807,0.11378707204546247,0.07764168429733787,-20,Neutral,Medium,40.59
1.34175705909729,1.34175705909729,1.5311110019683838,1.3314779996871948,1.4649460315704346,3304139176,-0.08446297005925485,1.3660812129733013,1.334726546936992,1.3414293434735725,1.3543284939603168,1.366512029973044,-0.08824446790757609,0.08398704914362336,0.19963300228118896,0.11746114492416382,0.08754278140574089,-60,Bearish,Medium,28.11
1.2580549716949463,1.2580549716949463,1.4233380556106567,1.2578760385513306,1.3416539430618286,1686210420,-0.062382446088010135,1.3444759647176303,1.3277564037331697,1.3381597602665676,1.3524220875788244,1.3656478303054895,-0.06441313815888952,0.08501191282819427,0.16546201705932617,0.12205414261136736,0.0970181314469326,-60,Bearish,Medium,25.75
1.1232329607009888,1.1232329607009888,1.279778003692627,1.1091660261154175,1.2588030099868774,3009627794,-0.10716702690051383,1.3002273639143023,1.309163363457517,1.3297312583228194,1.347883689026788,1.3637162377189995,-0.1133557558019812,0.0925625687607053,0.17061197757720947,0.1278713515826634,0.1138422358108698,-100,Strong Bearish,Medium,15.0
1.066715955734253,1.066715955734253,1.1521949768066406,0.9333969950675964,1.1230789422988892,3930474859,-0.05031636975063891,1.2535250822782924,1.2871226900281294,1.319416932731111,1.3423160111398071,1.3613497016075673,-0.051626370641434154,0.09255149061414275,0.2187979817390442,0.13531734687941416,0.1268541509593068,-100,Strong Bearish,Medium,15.0
1.122370958328247,1.122370958328247,1.1648730039596558,1.056931972503662,1.0676610469818115,2362627205,0.05217415404242742,1.2272942574882835,1.2721452598735945,1.3116896396172733,1.3379606635593801,1.3594454885137082,0.05085864628205284,0.08693836294877981,0.10794103145599365,0.1394162050315312,0.12421579870454715,-100,Strong Bearish,Medium,15.0
1.0665980577468872,1.0665980577468872,1.1243380308151245,0.9591240286827087,1.1227819919586182,3237316963,-0.04969203824057655,1.1951550175400043,1.2534591505893484,1.3020782050341209,1.3325871466125983,1.3571120428502277,-0.05096917664630366,0.05266142741030415,0.16521400213241577,0.14416677611214773,0.1351650465374837,-100,Strong Bearish,Medium,15.0
1.0435739755630493,1.0435739755630493,1.0720239877700806,0.9982119798660278,1.066519021987915,1766326155,-0.02158646550742327,1.1648388091446134,1.2343786801324121,1.2919407842705495,1.326864113522508,1.3546137315571027,-0.021822861413176596,0.052660548694709514,0.07381200790405273,0.14458428110395158,0.13854722759442392,-100,Strong Bearish,Medium,15.0
1.0790469646453857,1.0790469646453857,1.1496479511260986,1.0264860391616821,1.043619990348816,2437592239,0.033991829916223626,1.1476804402447678,1.220257615088137,1.283592007030347,1.3219568432477136,1.352417980426332,0.03342687462003406,0.05724055575854309,0.1231619119644165,0.14472184010914393,0.13412005672682173,-100,Strong Bearish,Medium,15.0
1.0435329675674438,1.0435329675674438,1.0787349939346313,1.0091660022735596,1.0787349939346313,1519972359,-0.03291237382759615,1.126850945709303,1.2041917380408012,1.2741779270514098,1.3164434991748368,1.34995674526411,-0.03346617111679062,0.05540711249450851,0.06988096237182617,0.1412966251373291,0.13540216699305865,-100,Strong Bearish,Medium,15.0
1.0506060123443604,1.0506060123443604,1.0583430528640747,1.0140960216522217,1.0432339906692505,1206550586,0.0067779792270523664,1.1116019590363144,1.1902293993411246,1.2654104009844667,1.3111793905247284,1.3475714804599686,0.006755111996772269,0.04076487151600228,0.04424703121185303,0.13878583908081055,0.13210074704514474,-100,Strong Bearish,Medium,15.0
1.0595699548721313,1.0595699548721313,1.0806139707565308,1.041646957397461,1.0504920482635498,913122499,0.008532163744017218,1.1011955582034778,1.1783512680257615,1.25733822662712,1.3061970254623008,1.3452766475867586,0.008495970560006956,0.03653627301847958,0.038967013359069824,0.1374028410230364,0.1296779324396926,-100,Strong Bearish,Medium,15.0
1.0374729633331299,1.0374729633331299,1.0753459930419922,1.028417944908142,1.0597480535507202,748084610,-0.0208546792379255,1.0884510392294082,1.1655441494173404,1.2487160594391205,1.3008757569052876,1.3428240285887216,-0.02107520950823236,0.028837477505529202,0.0469280481338501,0.13150613648550852,0.126756205832115,-100,Strong Bearish,Medium,15.0
1.0523029565811157,1.0523029565811157,1.0576039552688599,1.012045979499817,1.0376149415969849,925666321,0.014294341898164697,1.0812214226997499,1.155249495523138,1.2410135848172381,1.295953523235502,1.340509119648422,0.014193141052561892,0.023982602455556275,0.04555797576904297,0.12023399557386126,0.1142579661322021,-100,Strong Bearish,Medium,15.0
1.0886240005493164,1.0886240005493164,1.09231698513031,1.0378860235214233,1.0522359609603882,1130552843,0.03451576729025452,1.0827019382696632,1.1491926323436998,1.2350375226890844,1.291847988132805,1.3385020669065966,0.03393345954719917,0.025485535031667006,0.05443096160888672,0.1089032803262983,0.10003755224149571,-100,Strong Bearish,Medium,15.0
1.028905987739563,1.028905987739563,1.1002399921417236,1.027750015258789,1.0903090238571167,1086043481,-0.05485641762410154,1.0719427481636432,1.138257482834233,1.2269539330832209,1.2866412158477905,1.3360351658773773,-0.056418424007843686,0.03134349671634898,0.07248997688293457,0.09982163565499443,0.09701725604133749,-100,Strong Bearish,Medium,15.75
1.0564440488815308,1.0564440488815308,1.057224988937378,1.0192610025405884,1.0286879539489746,873675008,0.026764409450533932,1.068843008307221,1.1308198979294417,1.2202672709576643,1.2820828561058843,1.3338073482120716,0.026412507796019564,0.031021392657219034,0.03796398639678955,0.09071463346481323,0.0858679014386553,-100,Strong Bearish,Medium,18.53
1.1356240510940552,1.1356240510940552,1.1356240510940552,1.0472970008850098,1.0562429428100586,1178757518,0.07494954635444562,1.0821992168645878,1.1312566391262247,1.2169479290022287,1.2791826817492142,1.3322281984342388,0.07227372685443761,0.04104548881120402,0.08832705020904541,0.08483713865280151,0.07470530284302256,-100,Strong Bearish,Medium,21.32
1.1273449659347534,1.1273449659347534,1.1728849411010742,1.1026179790496826,1.1360609531402588,1363912644,-0.007290339748727392,1.0912283666786209,1.1309010324724547,1.2134340873133083,1.2761759943073436,1.3305956627171114,-0.00731704414412225,0.04164452379297463,0.0702669620513916,0.07422778010368347,0.0658430048890461,-100,Strong Bearish,Medium,23.54
1.1445469856262207,1.1445469856262207,1.1478029489517212,1.10316801071167,1.1272350549697876,911521818,0.0152588783480343,1.1018920904681409,1.1321415736682514,1.210732632345187,1.273569479283955,1.3291132031386979,0.015143632533015755,0.03950052622682581,0.04463493824005127,0.06970591630254473,0.060902625386240694,-100,Strong Bearish,Medium,24.77
1.1973069906234741,1.1973069906234741,1.206853985786438,1.1282639503479004,1.1443560123443604,2107219347,0.046096845004913956,1.1209750704992076,1.1380657024823626,1.2102061365913945,1.2720593309936483,1.3280629544333973,0.04506594740367053,0.041208199772027526,0.0785900354385376,0.06351849011012486,0.05305113108631301,-100,Strong Bearish,Medium,26.74
1.1787199974060059,1.1787199974060059,1.257815957069397,1.1359130144119263,1.1976499557495117,2267265855,-0.015523999578244685,1.1325240558805674,1.141761547475421,1.2089713860351048,1.2702110273582496,1.3268729707120634,-0.015645758628475805,0.042346831069226515,0.1219029426574707,0.06695355687822614,0.05680191820412819,-100,Strong Bearish,Medium,25.8
1.1948100328445435,1.1948100328445435,1.2121570110321045,1.1547499895095825,1.1779580116271973,1239455609,0.013650430529682067,1.1449812512733626,1.146584137054432,1.2084160388511613,1.2687179383579783,1.325820676386426,0.013558102664064634,0.03019663088101201,0.05740702152252197,0.06225677898951939,0.05210600620862012,-100,Strong Bearish,Medium,26.97
1.1524779796600342,1.1524779796600342,1.2186670303344727,1.1491819620132446,1.1946359872817993,1810255178,-0.03542994452743864,1.1464805969506968,1.1471199409276684,1.206222389471117,1.2664161569976229,1.3244394596794427,-0.03607281529526391,0.036936274374339856,0.06948506832122803,0.062228500843048096,0.05399539248585442,-100,Strong Bearish,Medium,26.5
1.080346941947937,1.080346941947937,1.162572979927063,1.0725680589675903,1.1525709629058838,1395763170,-0.06258777953690264,1.133253865950145,1.1410496682931472,1.2012860974113844,1.2627316180857477,1.3224944993787933,-0.06463215702730375,0.03620604682447751,0.09000492095947266,0.06549692153930664,0.060625822128224253,-100,Strong Bearish,Medium,24.84
1.0581990480422974,1.0581990480422974,1.0914069414138794,1.0347169637680054,1.0805109739303589,1401190670,-0.020500723467320126,1.1182429023685756,1.1335177937248881,1.195674840573381,1.2586814681838974,1.3203885595275064,-0.020713780206614917,0.03656991032621722,0.05668997764587402,0.06676284755979266,0.06309101079169,-100,Strong Bearish,Low,29.23
1.0458190441131592,1.0458190441131592,1.0709439516067505,1.0356290340423584,1.0580079555511475,1066206015,-0.011699125936695531,1.1037581307174924,1.1255451801238219,1.1897981426729802,1.254466370677546,1.3182007546238064,-0.011768099189477795,0.034983691559880105,0.03531491756439209,0.06593333823340279,0.0630446907660908,-100,Strong Bearish,Low,29.24
1.050266981124878,1.050266981124878,1.0527809858322144,1.021528959274292,1.045469045639038,1261583495,0.004253065610877682,1.0930599007989696,1.1187017074875543,1.184326332416192,1.2504228184091764,1.3160658241576795,0.0042440468897649505,0.02594874677166862,0.03125202655792236,0.06491148471832275,0.06180474668336232,-100,Strong Bearish,Low,29.55
1.1075860261917114,1.1075860261917114,1.1133660078048706,1.0500179529190063,1.0502179861068726,1370174980,0.0545756898930998,1.095965125877518,1.1176911910061138,1.181316908642683,1.2475943670781373,1.314404630548389,0.0531384963532835,0.03767875965315592,0.06334805488586426,0.06554841995239258,0.05918133526636498,-100,Strong Bearish,Low,30.2
1.0849809646606445,1.0849809646606445,1.1105409860610962,1.069288969039917,1.107630968093872,1028924852,-0.02040930545936137,1.0937682936341435,1.1147175340656166,1.1775390284865246,1.2443742997035334,1.3125765535293632,-0.02062045319318018,0.0364800849412134,0.0412520170211792,0.06331713710512434,0.05835783222697219,-100,Strong Bearish,Low,30.41
1.0198949575424194,1.0198949575424194,1.0915119647979736,1.0122220516204834,1.0843180418014526,1093325576,-0.059988155772467744,1.0789936264157989,1.106097299836235,1.1713569080573438,1.2399291642151944,1.310244429258551,-0.061862803555414264,0.04021817164302201,0.07928991317749023,0.06626898901803153,0.06497628851672725,-100,Strong Bearish,Medium,23.76
0.9971129894256592,0.9971129894256592,1.0413110256195068,0.9894729852676392,1.0202230215072632,1288743412,-0.022337563244411607,1.062617499017771,1.0961896352534555,1.1645238132090423,1.2351209231302531,1.3077493580248227,-0.022590825219228096,0.034769626740575155,0.051838040351867676,0.06366263117109026,0.06384695801401623,-100,Strong Bearish,Low,29.04
0.9977030158042908,0.9977030158042908,1.0178539752960205,0.9775140285491943,0.9970049858093262,1104597763,0.0005917347230341985,1.049634602375075,1.0872363062126222,1.157981821153954,1.230419578430729,1.305278869242189,0.0005915597170776405,0.03475639123967525,0.04033994674682617,0.06152498722076416,0.061666634505626164,-100,Strong Bearish,Low,29.58
0.9329019784927368,0.9329019784927368,0.9976289868354797,0.9232950210571289,0.9976289868354797,1429017666,-0.06495022695638053,1.0262880775986076,1.0732059127835416,1.149155160657436,1.2245281408081945,1.3023117227023528,-0.0671555179085546,0.04133113745756125,0.07440799474716187,0.0636516341141292,0.06822971285468742,-100,Strong Bearish,Medium,22.94
0.8582360148429871,0.8582360148429871,0.9862470030784607,0.8577139973640442,0.9324520230293274,2072270994,-0.08003623678704752,0.9926776650474836,1.0536631947889457,1.1377465667039282,1.217274831383141,1.2987732708468998,-0.08342099752677946,0.04695915464591537,0.1285330057144165,0.06721898913383484,0.0783222656370724,-100,Strong Bearish,Medium,20.42
0.8890169858932495,0.8890169858932495,0.8937559723854065,0.8199899792671204,0.8581299781799316,2058499639,0.03586539194104299,0.9719455292166368,1.0386953576166096,1.1279924654956663,1.2107746760269054,1.2955082805285438,0.035237204836746215,0.04197300864487036,0.07376599311828613,0.06378063559532166,0.0717428762412648,-100,Strong Bearish,Medium,22.06
0.8691689968109131,0.8691689968109131,0.9554309844970703,0.8691689968109131,0.8889889717102051,1824386011,-0.022325770370285936,0.951390222735492,1.023283870270637,1.1178425255472446,1.2040102071315393,1.2921111547618696,-0.022578762975085133,0.04189561681879815,0.08626198768615723,0.06584170460700989,0.07575247719211238,-100,Strong Bearish,Medium,21.06
0.8534250259399414,0.8534250259399414,0.8823419809341431,0.752810001373291,0.8685150146484375,3629367685,-0.01811382013019125,0.9317971833763818,1.0078421571496647,1.1074732118371542,1.197067926315864,1.2886156477593045,-0.018279883791565657,0.03985163227944652,0.12953197956085205,0.07013076969555446,0.08217566577487477,-100,Strong Bearish,Medium,19.46
0.8980270028114319,0.8980270028114319,0.9065409898757935,0.8292440176010132,0.8535720109939575,1652894219,0.05226232594054414,0.9250431472633919,0.9978589613007345,1.099259635012616,1.1911463238702316,1.2855033876401978,0.05094244248973787,0.04930363291248683,0.07729697227478027,0.06922305907521929,0.07708349399127677,-100,Strong Bearish,Medium,20.73
0.8879179954528809,0.8879179954528809,0.9282960295677185,0.8854010105133057,0.8979960083961487,1099934921,-0.01125690800711221,0.9176181169012897,0.9878643280418387,1.090971727578901,1.1851418025154323,1.2823353765470717,-0.01132074653111447,0.04888149164566758,0.04289501905441284,0.06823770489011492,0.07685135929169946,-100,Strong Bearish,Medium,20.79
0.858335018157959,0.858335018157959,0.9126759767532349,0.840146005153656,0.8877879977226257,1278510571,-0.03331724038303008,0.9057614971526237,0.9760889362342132,1.081848719366315,1.178670381043007,1.2789568876356048,-0.0338849039346317,0.04458092299783788,0.07252997159957886,0.0708959230354854,0.08259702975608815,-100,Strong Bearish,Medium,19.35
0.9598280191421509,0.9598280191421509,0.9676129817962646,0.8450400233268738,0.8578699827194214,1779202386,0.11824404088977092,0.9165748015505292,0.9746106710440258,1.0770635938673283,1.1743368689261584,1.2764140281256968,0.11175963435598738,0.05269299114273423,0.12257295846939087,0.07741884674344744,0.08065908183493202,-100,Strong Bearish,Medium,19.84
0.9623460173606873,0.9623460173606873,1.0054030418395996,0.9449350237846375,0.9598860144615173,1778795527,0.0026233847817724865,0.9257290447125609,0.9734957025273586,1.072564865376872,1.1701390302812975,1.2739114941753782,0.0026199497142735347,0.05214581306846488,0.06046801805496216,0.07721312982695443,0.080234269622394,-100,Strong Bearish,Medium,19.94
0.9386619925498962,0.9386619925498962,0.9736289978027344,0.929062008857727,0.9624249935150146,1262681262,-0.024610716294900192,0.9283156342800281,0.9703290016203165,1.0673137723248338,1.165555326563844,1.271240183405454,-0.024918622330921607,0.05240619597384728,0.044566988945007324,0.0774499135357993,0.0825109721609212,-100,Strong Bearish,Medium,19.37
0.902658998966217,0.902658998966217,0.9440789818763733,0.8860729932785034,0.9387220144271851,986233549,-0.03835565290747123,0.9231843072172659,0.9641771831972166,1.060856722389202,1.1603494586906236,1.2683032815374125,-0.03911059823992098,0.05487825849310537,0.05800598859786987,0.07592963320868355,0.08411773803356865,-100,Strong Bearish,Medium,18.97
0.8428890109062195,0.8428890109062195,0.9030500054359436,0.83086097240448,0.9027929902076721,1115108721,-0.06621546799893419,0.9071252479550567,0.9531509857162168,1.0523089689977125,1.1540631131899424,1.264913526392941,-0.06850956115620853,0.057798466452304506,0.07218903303146362,0.07738327554294042,0.09180719470970793,-100,Strong Bearish,High,12.05
0.8656719923019409,0.8656719923019409,0.8809400200843811,0.8248389959335327,0.8431749939918518,734896311,0.02702963391494051,0.8988345968244336,0.9451983499512826,1.0449898718723882,1.1483523979248333,1.2617323189499847,0.026670785364539852,0.059313801021673246,0.05610102415084839,0.07850906678608485,0.09069147146290184,-100,Strong Bearish,High,12.33
0.8237519860267639,0.8237519860267639,0.87049800157547,0.8230040073394775,0.8656880259513855,670024869,-0.04842481522788544,0.8838180746648997,0.93415777141269,1.0363138763490305,1.1419246669961587,1.2582424358191224,-0.04963657826608039,0.06092991608004355,0.04749399423599243,0.07658663817814418,0.09297293296681151,-100,Strong Bearish,High,11.76
0.7973790168762207,0.7973790168762207,0.845475971698761,0.7832909822463989,0.8237379789352417,1040234323,-0.03201566684864576,0.866530263107164,0.9217233391821018,1.0269438818599008,1.1351019808551697,1.2545702173414899,-0.03253937659753238,0.03207597636321518,0.06218498945236206,0.07184749415942601,0.09010457089890929,-100,Strong Bearish,High,12.47
0.8012499809265137,0.8012499809265137,0.8191480040550232,0.7903180122375488,0.7971739768981934,955952004,0.004854609876063343,0.853474206671034,0.9107712157043211,1.0180931406468268,1.128491050163513,1.2509581039039204,0.004842864255802959,0.032421338269899284,0.028829991817474365,0.06863777978079659,0.08566337774065005,-100,Strong Bearish,Medium,18.58
0.8492929935455322,0.8492929935455322,0.8614310026168823,0.8010069727897644,0.801485002040863,980869497,0.059960079578990744,0.8526379640459337,0.9051822864171584,1.0114735270350113,1.1229623757750382,1.2477575850962839,0.05823124664025397,0.04553648140507925,0.06042402982711792,0.06679221136229378,0.07864448649629996,-100,Strong Bearish,Medium,20.34
0.8063160181045532,0.8063160181045532,0.8505759835243225,0.7912219762802124,0.8493549823760986,903650101,-0.05060323794920718,0.8433735748576576,0.8961944438432852,1.0034281345279346,1.1166921508706722,1.2442401224110908,-0.05192848339233538,0.04693696356710655,0.05935400724411011,0.06177949905395508,0.0766194614354595,-100,Strong Bearish,Medium,20.85
0.7901250123977661,0.7901250123977661,0.8171470165252686,0.7859299778938293,0.806302011013031,792395101,-0.02008022331597492,0.8327238623656793,0.8865517682573288,0.9950633062091044,1.1102254748613076,1.2406216753193513,-0.020284571194780235,0.041148742716739295,0.03121703863143921,0.05848807522228786,0.0740238244639238,-100,Strong Bearish,Medium,21.49
0.7906739711761475,0.7906739711761475,0.8008009791374207,0.7895650267601013,0.7900729775428772,493606091,0.000694774586005531,0.824313884127773,0.8778356048863124,0.9870480381685963,1.1038977223130866,1.2370364346488876,0.0006945333418765775,0.03845407620108836,0.011235952377319336,0.05622671331678118,0.0711123868579391,-100,Strong Bearish,Medium,22.22
0.7909950017929077,0.7909950017929077,0.8190249800682068,0.7832509875297546,0.7905669808387756,772035954,0.000406021480993779,0.8176501076608,0.8699410046050937,0.9793596838009223,1.0977016288374395,1.233482319646051,0.00040593907657681923,0.03499189840167601,0.03577399253845215,0.053601286240986416,0.0677643804568817,-100,Strong Bearish,Low,28.06
0.8039169907569885,0.8039169907569885,0.8120750188827515,0.7819079756736755,0.7904120087623596,924771999,0.01633637246100328,0.8149034842800378,0.8639388215279932,0.9724795781913562,1.091884111251688,1.230059488340162,0.01620436961986375,0.03360571729190239,0.030167043209075928,0.04700086372239249,0.058464821944035905,-100,Strong Bearish,Low,30.38
0.8000059723854065,0.8000059723854065,0.8156219720840454,0.7859169840812683,0.8038409948348999,832137304,-0.004864952994586336,0.8119239819011116,0.8581267443332126,0.9657159073754367,1.086104346125623,1.2266327670974946,-0.00487682539985318,0.03362929424814472,0.0297049880027771,0.044803504432950704,0.056003962444628366,-100,Strong Bearish,Low,31.0
0.8383740186691284,0.8383740186691284,0.8386319875717163,0.7953959703445435,0.8000239729881287,1233395707,0.047959699812388346,0.817213989254715,0.856331042000114,0.9607221078183266,1.0811987950868804,1.223539071890894,0.046845130781969856,0.030456497683170474,0.04323601722717285,0.044708435024533956,0.05332755313136502,-100,Strong Bearish,Low,31.67
0.8367840051651001,0.8367840051651001,0.8558800220489502,0.8299300074577332,0.8383619785308838,909733920,-0.0018965443449122654,0.821127992436792,0.8545540386514764,0.9558617900672197,1.0763588982567462,1.2204573582118041,-0.0018983450622587707,0.02121328019740308,0.02595001459121704,0.042418722595487325,0.05069255905186426,-100,Strong Bearish,Low,32.33
0.8534330129623413,0.8534330129623413,0.8588799834251404,0.8228790163993835,0.8366569876670837,792706852,0.019896422128618863,0.8275889965419019,0.8544521272251914,0.9518449752787932,1.0719445242905206,1.217532861436908,0.019701075207214265,0.01836910636188421,0.036000967025756836,0.039833860737936835,0.04667485336625307,-100,Strong Bearish,Low,33.33
0.9010990262031555,0.9010990262031555,0.9129210114479065,0.8519719839096069,0.8532739877700806,1103521076,0.05585208506917416,0.8422910024741527,0.8586927544050063,0.9498549380601408,1.0685614451204737,1.2150114762956032,0.05434810451599561,0.023752168637133305,0.06094902753829956,0.04018014669418335,0.04459015660408073,-100,Strong Bearish,Low,33.85
0.8770920038223267,0.8770920038223267,0.9146029949188232,0.8656690120697021,0.9013220071792603,949951339,-0.026641935772568903,0.8492512027437875,0.8603654134429445,0.9470014896586579,1.064769971035362,1.2123188908575693,-0.027003264257868413,0.028955280686284706,0.048933982849121094,0.04028300302369254,0.04592791046793388,-100,Strong Bearish,Low,33.52
0.916782021522522,0.916782021522522,0.9275990128517151,0.8659189939498901,0.8772010207176208,1233477886,0.0452518293716373,0.8627573664995345,0.8654941959956334,0.9458164124768488,1.061839516589563,1.2099640154047004,0.04425784142917158,0.031053867105361503,0.06168001890182495,0.040246933698654175,0.043900221376303956,-100,Strong Bearish,Low,34.02
0.9764400124549866,0.9764400124549866,0.9850329756736755,0.9095919728279114,0.9168879985809326,1699537576,0.06507325572701483,0.885493895690625,0.87558017931012,0.9470173379661876,1.0601484372997694,1.2081032663772129,0.06304358151602976,0.032985662716976984,0.07544100284576416,0.043576291629246304,0.04462772016038737,-60,Bearish,Low,43.84
1.1074819564819336,1.1074819564819336,1.1074819564819336,0.9590680003166199,0.9761620163917542,3447683427,0.13420378349457285,0.9298915078488867,0.8966621590530122,0.95331006810406,1.061085734709317,1.2073015029517524,0.12593089241886474,0.04965833659211426,0.14841395616531372,0.04986128636768886,0.04502221103997034,-60,Bearish,Low,43.74
1.130010962486267,1.130010962486267,1.185750961303711,1.0854220390319824,1.1072039604187012,3671006856,0.02034254903429744,0.9699153987763628,0.9178756866378535,0.960239514942578,1.0624505907049002,1.2066856420715493,0.02013840330367216,0.04721500575165841,0.10032892227172852,0.052788066012518745,0.04671464947240304,-60,Bearish,Low,43.32
1.0978879928588867,1.0978879928588867,1.1638150215148926,1.075631022453308,1.130228042602539,2232929187,-0.028427130969334025,0.9955099175928677,0.9342404417488565,0.9656374944687078,1.0631523214406227,1.2058187285320061,-0.02883900625525571,0.054235384680890356,0.08818399906158447,0.05685713461467198,0.05178773698637208,-60,Bearish,Low,42.05
1.1505939960479736,1.1505939960479736,1.1572309732437134,1.0822720527648926,1.0980149507522583,1407171432,0.048006721570787114,1.026526733283889,0.9539089466851398,0.9728906906090712,1.0648838397496792,1.20537869082297,0.046889999590865775,0.053886596383009085,0.0749589204788208,0.061408775193350654,0.05337136766250798,-60,Bearish,Low,41.66
1.1821479797363281,1.1821479797363281,1.1833950281143188,1.1081249713897705,1.1510059833526611,1322194562,0.027424081645424092,1.0576509825743767,0.9746579496897932,0.9810968588101401,1.0672059019276328,1.2051935855553473,0.02705477818203955,0.046962446224798886,0.07527005672454834,0.06422992263521467,0.054333233855833184,-60,Bearish,Low,41.42
1.1701840162277222,1.1701840162277222,1.242864966392517,1.1624679565429688,1.1823339462280273,2304056098,-0.010120529505345366,1.080157589305046,0.9924330466477868,0.9885120414539669,1.0692450725078324,1.2049146248435734,-0.010172090240362322,0.05098372607782236,0.08039700984954834,0.06781777739524841,0.05795479724109547,-20,Neutral,Low,50.51
1.1911120414733887,1.1911120414733887,1.2393579483032227,1.1690330505371094,1.1692850589752197,1761798381,0.017884388229068016,1.1023484797387144,1.0104947734501142,0.9964571394939443,1.071658279814081,1.2048046440995879,0.017726344124104933,0.04966933135130808,0.07032489776611328,0.070719199521201,0.05937241590952464,-20,Neutral,Low,50.16
1.1903849840164185,1.1903849840164185,1.216668963432312,1.1676080226898193,1.1909799575805664,1424442312,-0.0006104022389622488,1.1199557805942553,1.026848428956142,1.0040621530046296,1.0740093036596718,1.2046897464096822,-0.000610588610253742,0.025303173580982677,0.049060940742492676,0.07113526548658099,0.05975820128927286,-20,Neutral,Low,50.06
1.1418509483337402,1.1418509483337402,1.2263200283050537,1.1371619701385498,1.1902990341186523,1745903089,-0.040771713634123574,1.1243348141421523,1.0373032034450145,1.0094656351743987,1.0753527025641088,1.2041890388552923,-0.04162618616456997,0.031351787991142334,0.0891580581665039,0.07565012574195862,0.06625218979092846,-20,Neutral,Medium,43.44
1.1654249429702759,1.1654249429702759,1.1729730367660522,1.107619047164917,1.1419520378112793,1687785845,0.020645421953658927,1.132552839907777,1.0489506343109471,1.0155816864605116,1.077136311285023,1.2038801615972443,0.020435193805027323,0.02883841444921132,0.06535398960113525,0.0777467702116285,0.06671109167569227,-20,Neutral,Medium,43.32
1.1560070514678955,1.1560070514678955,1.193843960762024,1.1510499715805054,1.165444016456604,1224117012,-0.008081079403000735,1.1372436822198009,1.0586830358706696,1.0210885635196247,1.0786981081203273,1.2034987025523889,-0.008113908306763881,0.023675069574452624,0.042793989181518555,0.07644998175757271,0.06613279880991788,-20,Neutral,Medium,43.47
1.1859409809112549,1.1859409809112549,1.1985429525375366,1.1466870307922363,1.1559089422225952,976725814,0.025894244680730427,1.1469831419580918,1.0702519399652681,1.0275533642016494,1.080821729363712,1.2033588003879176,0.025564666076035945,0.02340343884600658,0.05185592174530029,0.07665869167872838,0.06463955029180733,-20,Neutral,Medium,43.84
1.2129449844360352,1.2129449844360352,1.2403579950332642,1.1654930114746094,1.1857999563217163,2447778820,0.022770107416332674,1.1601755104536804,1.083224034917156,1.0348236238186843,1.083438031444352,1.203435184324556,0.022514737782079155,0.02417718580916398,0.07486498355865479,0.07760047486850194,0.06397691227898739,-20,Neutral,Medium,44.01
1.170801043510437,1.170801043510437,1.2173930406570435,1.1675479412078857,1.2130290269851685,1188106135,-0.03474513804531143,1.1623006170650316,1.0911855811529088,1.0401560716497336,1.0851679920793238,1.2031751513300213,-0.03536310686038256,0.027644471583689254,0.049845099449157715,0.07577219605445862,0.06471825121309191,-20,Neutral,Medium,43.82
1.052770972251892,1.052770972251892,1.1716070175170898,1.0523790121078491,1.1707919836044312,1710318316,-0.10081138201299589,1.1403946881024039,1.0876933439800889,1.040650773634132,1.0845264669342263,1.201976711656092,-0.10626245785542492,0.04789370542163048,0.11922800540924072,0.07368748528616768,0.06999384218254907,-20,Neutral,Medium,42.5
1.0918940305709839,1.0918940305709839,1.0984690189361572,1.0451380014419556,1.053128957748413,1139697598,0.0371619842779356,1.13069455659612,1.088075224579261,1.0426603131218517,1.084672359283469,1.2010995588187605,0.03648812175259744,0.05038457024154416,0.05333101749420166,0.07033049208777291,0.0644114631261378,-20,Neutral,Medium,43.9
1.0263259410858154,1.0263259410858154,1.097432017326355,1.0213700532913208,1.0916320085525513,926095649,-0.060049865325191853,1.1098208334940591,1.0824616533525842,1.0420197495125956,1.0835169846656938,1.1997069403507687,-0.061928453343483174,0.05264232977607617,0.07606196403503418,0.06946463244301933,0.06768281854936677,-20,Neutral,Medium,43.08
1.0450149774551392,1.0450149774551392,1.0450750589370728,1.0237900018692017,1.0259120464324951,640896639,0.018209650191197024,1.0968596622862752,1.07905741008918,1.042137209431911,1.0827545686813265,1.198474335068732,0.018045840138295122,0.05437419722231264,0.021285057067871094,0.06563078505652291,0.06280367886817233,-20,Neutral,Low,49.3
1.0308849811553955,1.0308849811553955,1.0680299997329712,1.0287569761276245,1.0450119972229004,626332866,-0.013521333765142307,1.0836647260600993,1.074678098367927,1.04169594557793,1.0817274481362587,1.197138961730777,-0.013613579465563888,0.05151361149378755,0.03927302360534668,0.06305956840515137,0.06117032409811175,-20,Neutral,Low,49.71
0.92044997215271,0.92044997215271,1.0306710004806519,0.9201160073280334,1.0306710004806519,1398303911,-0.10712641179320725,1.0510217752786215,1.0606573596210889,1.036941201522039,1.0785338347504458,1.1949342685867288,-0.11331026668501916,0.05799584986047352,0.11076897382736206,0.06522899440356664,0.07086642009561019,-60,Bearish,Medium,32.28
0.955145001411438,0.955145001411438,0.9808549880981445,0.9205989837646484,0.9205989837646484,1076130201,0.03769355240196792,1.031846420505185,1.051065327056575,1.0337335074000547,1.0760904915160099,1.1930235971351328,0.03700051225522773,0.06488034899937627,0.06040501594543457,0.0645204314163753,0.06755040472497065,-60,Bearish,Medium,33.11
0.9746959805488586,0.9746959805488586,0.9781529903411865,0.9373999834060669,0.9551219940185547,791702878,0.02046912155592051,1.0204163325139197,1.0441226591922372,1.0314183102686352,1.0740826794176506,1.191283934851577,0.020262444658011095,0.05693285599177986,0.04075300693511963,0.06392700757299151,0.06558661249120339,-60,Bearish,Medium,33.6
0.9324120283126831,0.9324120283126831,0.9836239814758301,0.9254710078239441,0.9745690226554871,812010499,-0.04338168319147595,1.0028154716736726,1.033967147294096,1.0275357109762449,1.0712773199898296,1.1892212104966853,-0.044350800095168244,0.053805845371452485,0.058152973651885986,0.06171235867909023,0.06618571704911026,-60,Bearish,Medium,33.45
0.9547169804573059,0.9547169804573059,0.9579880237579346,0.9324740171432495,0.9325289726257324,574655010,0.02392177649722771,0.9931957734303992,1.0267625866725696,1.0246800744853062,1.0689691944545319,1.187352650894778,0.023640133560014678,0.05308541130824264,0.025575995445251465,0.05887107338224139,0.06166337730166102,-60,Bearish,Low,39.58
0.9526399970054626,0.9526399970054626,0.9610810279846191,0.9398519992828369,0.9547039866447449,468473785,-0.0021754965024801676,0.9850846181454119,1.0200241694301053,1.0218549734076654,1.066665645990194,1.1854824305450624,-0.0021778663326583246,0.05181877910114701,0.021229028701782227,0.05733071906226022,0.060180886003604855,-100,Strong Bearish,Low,29.95
0.9174659848213196,0.9174659848213196,0.96151202917099,0.9153460264205933,0.9525309801101685,528371933,-0.03692266994322024,0.9715608914805935,1.010700698102034,1.0177612875807498,1.0637111972541766,1.1833468413361083,-0.03762156920675528,0.05263710943767968,0.04616600275039673,0.056924296276909966,0.06204512997612246,-100,Strong Bearish,Low,29.49
0.9367300271987915,0.9367300271987915,0.9373679757118225,0.87773597240448,0.9175090193748474,1105222191,0.02099700991227893,0.9645947186242332,1.0039760916562845,1.0145835910951828,1.0611967186392184,1.1813817671198747,0.02077961059085422,0.031920367751679155,0.05963200330734253,0.055836226258959086,0.05960759732015039,-100,Strong Bearish,Low,30.1
0.9533330202102661,0.9533330202102661,0.954662024974823,0.9282010197639465,0.9367619752883911,777142382,0.017724416351981853,0.9623423789414398,0.999372176070283,1.0121816079232253,1.0590608038188432,1.1795646456305553,0.017569170626863737,0.029144737910122034,0.026461005210876465,0.054165933813367574,0.0568174317526742,-100,Strong Bearish,Low,30.8
0.9373409748077393,0.9373409748077393,0.9747350215911865,0.9325100183486938,0.9533249735832214,828312845,-0.016774878309575025,0.9573420981146997,0.9937329759555062,1.0092466811343828,1.056650510175059,1.1776345765403338,-0.01691717011040865,0.028149814577502666,0.042225003242492676,0.048665719372885566,0.051918907506275966,-100,Strong Bearish,Low,32.02
0.9104740023612976,0.9104740023612976,0.969452977180481,0.8969119787216187,0.9372720122337341,871111347,-0.028662965952120478,0.9479684789640194,0.9861639783560328,1.0053732427511246,1.0537559258619151,1.175505807024963,-0.029081770969739906,0.025067924900382527,0.0725409984588623,0.05003786087036133,0.054958033662234236,-100,Strong Bearish,Low,31.26
0.9071540236473083,0.9071540236473083,0.9237409830093384,0.8939729928970337,0.9103350043296814,725788912,-0.0036464288989899174,0.9398055879006773,0.9789812552006941,1.001521508668622,1.0508529178972694,1.1733675458028303,-0.0036530933266879988,0.02210885729683197,0.029767990112304688,0.046731148447309225,0.05151401771820591,-100,Strong Bearish,Low,32.12
0.8885030150413513,0.8885030150413513,0.910614013671875,0.884660005569458,0.9071850180625916,447997661,-0.020559913884269254,0.9295450733288121,0.9707559606407539,0.9970894108793172,1.047638068335766,1.1710977089043324,-0.02077421129304438,0.022504480374298984,0.025954008102416992,0.04706464494977679,0.05297072058622826,-100,Strong Bearish,Low,31.76
0.8863499760627747,0.8863499760627747,0.8978549838066101,0.8818569779396057,0.8882790207862854,487629549,-0.002423220790619851,0.9209060538756046,0.963082689315483,0.9927466879453353,1.0444442447263997,1.1688288026665512,-0.0024261615418067544,0.01894349390174418,0.015998005867004395,0.04540214368275234,0.05122372077498289,-100,Strong Bearish,Low,32.19
0.8986949920654297,0.8986949920654297,0.9017069935798645,0.8302320241928101,0.8863779902458191,1139869029,0.013927925013878184,0.9164638415135697,0.957229262292751,0.9890583861461233,1.041558120911331,1.1666763420243111,0.01383182277472766,0.01749892554853567,0.07147496938705444,0.04259542907987322,0.047396980572883905,-100,Strong Bearish,Low,33.15
0.8276450037956238,0.8276450037956238,0.9011369943618774,0.8210110068321228,0.8985769748687744,1020049782,-0.07905906775614158,0.8987000739699806,0.9454488751566484,0.9827284495833586,1.037322217602109,1.163974897098186,-0.08235937915501618,0.030826545165927557,0.08012598752975464,0.04400406990732465,0.05316780709787368,-100,Strong Bearish,Low,31.71
0.840595006942749,0.840595006942749,0.8539419770240784,0.8225899934768677,0.8275409936904907,927312593,0.01564680882230407,0.8870790605645344,0.9359167053190212,0.9771545890876485,1.0334266292722207,1.1613981649057123,0.015525659607378136,0.03370621337761337,0.03135198354721069,0.04333256823675973,0.05154987583659418,-100,Strong Bearish,Low,32.11
0.8439499735832214,0.8439499735832214,0.8520619869232178,0.827688992023468,0.8406149744987488,836357358,0.003991180785946513,0.8784532431682719,0.9275560933430393,0.9719308786757102,1.0296746162882802,1.1588686972457722,0.003983237153214699,0.03381254611892803,0.024372994899749756,0.040919712611607144,0.04848594572243573,-100,Strong Bearish,Low,32.88
0.8050429821014404,0.8050429821014404,0.8486999869346619,0.7936859726905823,0.8439300060272217,874797260,-0.046101063688159916,0.8637711909549056,0.9164185377756212,0.9653862552806408,1.0252264651162637,1.1560493688382478,-0.047197549925589374,0.03619201841499673,0.05501401424407959,0.04302242824009487,0.05344115680356776,-100,Strong Bearish,Low,31.64
0.756659984588623,0.756659984588623,0.8170480132102966,0.7423589825630188,0.8050559759140015,868001173,-0.060099893531797566,0.8423489496816491,0.9018950329404396,0.9572009113319343,1.0199083169870033,1.1528669833063783,-0.061981679079791935,0.040043301483166927,0.07468903064727783,0.04684099980763027,0.06190495171103377,-100,Strong Bearish,Medium,24.52
0.7903439998626709,0.7903439998626709,0.7994250059127808,0.74965500831604,0.7567009925842285,928448231,0.04451671286986447,0.8319479597178535,0.8917540299333697,0.9506575030390221,1.0153624889251354,1.1499783539562294,0.04355430271927613,0.04711691199145361,0.04976999759674072,0.04709842801094055,0.059592314256987224,-100,Strong Bearish,Low,30.1
0.7815290093421936,0.7815290093421936,0.7958179712295532,0.7661979794502258,0.790278971195221,805325174,-0.01115335919803151,0.8218641696427216,0.88173357351599,0.9440250130901269,1.0107321229928,1.147042502604723,-0.011216024295295626,0.04535861264260155,0.029619991779327393,0.04495471290179661,0.05752148975203699,-100,Strong Bearish,Low,30.62
0.7711449861526489,0.7711449861526489,0.7985889911651611,0.762067973613739,0.7814300060272217,649650331,-0.01328680454009612,0.8117203329447071,0.8716800655738681,0.9372454041906179,1.005987823253391,1.1440473032704435,-0.013375863883310106,0.036087185674402215,0.03652101755142212,0.04567328521183559,0.05922788325410252,-100,Strong Bearish,Low,30.19
0.8969420194625854,0.8969420194625854,0.8976609706878662,0.7696380019187927,0.771107017993927,1516023155,0.16313019674491525,0.8287646702482828,0.8739766068364788,0.9356648792993225,1.0038285004060483,1.1420783368656,0.15111481632049828,0.07132228904663844,0.1280229687690735,0.051801711320877075,0.057753689978661885,-100,Strong Bearish,Low,30.56
0.7911520004272461,0.7911520004272461,0.9041110277175903,0.7781410217285156,0.8970609903335571,1802128590,-0.11794521467365837,0.8212421362840755,0.8664470971629121,0.9299977075788489,0.999617084564884,1.1392821110772464,-0.12550111002192169,0.08780757439451423,0.1259700059890747,0.055618069001606533,0.07030010537996628,-100,Strong Bearish,Medium,22.42
0.7833589911460876,0.7833589911460876,0.7983149886131287,0.7657420039176941,0.791064977645874,1312283636,-0.009850204861960754,0.8136655072564779,0.8588936329795644,0.9242471696795249,0.9953347460813434,1.1364460702809822,-0.009899039079193974,0.08623719248234361,0.03257298469543457,0.05581842575754438,0.07125523085639145,-100,Strong Bearish,Medium,22.19
0.7618820071220398,0.7618820071220398,0.7851160168647766,0.7506570219993591,0.7833520174026489,801558914,-0.02741652839476072,0.8033088072295904,0.850074394265244,0.9178799084027608,0.9907119195672978,1.1334614960725444,-0.027799375188067858,0.08331861060127421,0.03445899486541748,0.05642592481204441,0.07406123820299906,-100,Strong Bearish,High,16.48
0.73956298828125,0.73956298828125,0.7638689875602722,0.7292720079421997,0.7620530128479004,1085127147,-0.029294587130490823,0.7905596434399224,0.8400279028121536,0.9108870880058388,0.9857386734032176,1.130322862544327,-0.029732242025759813,0.08166569312635451,0.03459697961807251,0.05775442293712071,0.07809263558651364,-100,Strong Bearish,High,15.48
0.6100879907608032,0.6100879907608032,0.753233015537262,0.6100879907608032,0.7395089864730835,2306123277,-0.17506960133490135,0.7544653129040986,0.819124274443849,0.8990910449766218,0.9783000460241599,1.1261775647611914,-0.1924562614608302,0.10708089411112312,0.14314502477645874,0.06287371260779244,0.10305679436401706,-100,Strong Bearish,High,10.0
0.6289629936218262,0.6289629936218262,0.6985200047492981,0.5906879901885986,0.6099720001220703,2372592084,0.030938164898943743,0.7293648490476441,0.8018368852782106,0.8884977880607475,0.9713824806300543,1.1222156956684475,0.030469227386484592,0.10982947521443166,0.10783201456069946,0.06485271453857422,0.10311054099562482,-100,Strong Bearish,High,10.0
0.5127999782562256,0.5127999782562256,0.657571017742157,0.484609991312027,0.6287720203399658,2692548110,-0.1846897457300094,0.6860518748893605,0.7755608028216665,0.8737645406174329,0.9623016389988894,1.117359793537673,-0.2041865580956764,0.09354882528216041,0.17296102643013,0.07496764617306846,0.1461927639466672,-100,Strong Bearish,High,10.0
0.47374600172042847,0.47374600172042847,0.5454980134963989,0.4065290093421936,0.5129989981651306,2798263564,-0.07615830380609612,0.6435907002555742,0.7481230936306449,0.8580775390920602,0.9526272699438705,1.1122313967901252,-0.07921454648363757,0.09139718001685254,0.13896900415420532,0.08315307540552956,0.1755224848411505,-100,Strong Bearish,High,10.0
0.5288770198822021,0.5288770198822021,0.6010879874229431,0.46998101472854614,0.4734179973602295,1946134960,0.11637252443622348,0.6206479641808998,0.7281916323807864,0.8451677148093206,0.9442361758832434,1.1075831547430501,0.11008461151747122,0.11377219830216287,0.13110697269439697,0.08858828672340938,0.1675026204449965,-100,Strong Bearish,High,10.0
0.5393580198287964,0.5393580198287964,0.5542250275611877,0.4914349913597107,0.5289419889450073,1178703676,0.01981746143730856,0.6043899753104791,0.7110249403306055,0.8331751777512609,0.9362187866544425,1.1030554644250083,0.01962365190585231,0.11710278833809343,0.06279003620147705,0.08773835854870933,0.16267183452015666,-100,Strong Bearish,High,10.0
0.5975000262260437,0.5975000262260437,0.5978839993476868,0.5165460109710693,0.539385974407196,1090431332,0.10779853874371392,0.603011985493592,0.700704493593827,0.8239330149463505,0.9295114844677415,1.099027134240156,0.10237474755453589,0.13065177088049112,0.08133798837661743,0.08999321503298623,0.15061625285843983,-100,Strong Bearish,High,10.0
0.5567160248756409,0.5567160248756409,0.6084650158882141,0.5478119850158691,0.5975689888000488,1291715346,-0.06825773984982819,0.5937527933700018,0.6876146328012647,0.8134539172965187,0.922129396158987,1.0947059301814746,-0.070699047445388,0.11230971589796376,0.06065303087234497,0.09220986068248749,0.16563177017059158,-100,Strong Bearish,High,10.0
0.5780770182609558,0.5780770182609558,0.5978860259056091,0.5543839931488037,0.5566959977149963,935138863,0.0383696398717579,0.5906176383481926,0.6776566678430547,0.8042234506676732,0.9153164777847687,1.0905893651462513,0.03765182912863174,0.11280560138367203,0.04350203275680542,0.09270850462572915,0.1603739669579437,-100,Strong Bearish,High,10.0
0.5056149959564209,0.5056149959564209,0.5844990015029907,0.5056149959564209,0.5780569911003113,933793601,-0.12535011774473293,0.5736171098698383,0.6620165158533606,0.7925133151888005,0.9072035771545043,1.0859282147941411,-0.13393160726512818,0.09450263709308698,0.07888400554656982,0.0891985786812646,0.1764160070302833,-100,Strong Bearish,High,10.0
0.5333210229873657,0.5333210229873657,0.5442489981651306,0.4956110119819641,0.505499005317688,939230823,0.054796687702143965,0.5655578924933438,0.6503169255928156,0.782348911573058,0.8997999622205015,1.0815249702379117,0.05334803527794195,0.08960988023468097,0.048637986183166504,0.08367486298084259,0.15689398950025046,-100,Strong Bearish,High,10.0
0.5179070234298706,0.5179070234298706,0.5434110164642334,0.50313800573349,0.5333639979362488,722609837,-0.028901916281406925,0.5560277186806492,0.6382796617598205,0.7719786414497958,0.8922377258088058,1.0770339905820707,-0.02932780269384356,0.08048057644890752,0.04027301073074341,0.08422486484050751,0.16262545404911338,-100,Strong Bearish,High,10.0
0.5283139944076538,0.5283139944076538,0.5363900065422058,0.5114240050315857,0.5179049968719482,428041383,0.020094284315478772,0.5504849738260501,0.6282827829096236,0.762423165095202,0.8850313152860106,1.0726617196962187,0.019895058627683135,0.08049335333577583,0.024966001510620117,0.0835467938865934,0.1581385213546466,-100,Strong Bearish,High,10.0
0.5426179766654968,0.5426179766654968,0.547016978263855,0.5233929753303528,0.5283439755439758,489742264,0.027074774488759612,0.5489115743939394,0.6204950732510666,0.7538033537842331,0.8782508531351093,1.068438263576452,0.02671473695107235,0.0681214094523215,0.023624002933502197,0.08276300983769554,0.1525253740141303,-100,Strong Bearish,High,10.0
0.5126050114631653,0.5126050114631653,0.5578050017356873,0.5094329714775085,0.5424839854240417,753004177,-0.0553114096712527,0.5416502618077846,0.6106868858158028,0.7443445952618384,0.8710103414188332,1.0640093133604098,-0.05689993984032219,0.06637653850196443,0.04837203025817871,0.07599351022924695,0.14824964354588188,-100,Strong Bearish,High,10.0
0.5212240219116211,0.5212240219116211,0.5242589712142944,0.49595698714256287,0.5126870274543762,678125877,0.01681413613935212,0.5375650138285519,0.6025538981881499,0.7355947688559475,0.8640838796464131,1.0596843309584276,0.0166743433725414,0.06421034516582443,0.028301984071731567,0.07031279376574925,0.134899373033255,-100,Strong Bearish,High,10.0
0.5138769745826721,0.5138769745826721,0.5314620137214661,0.5082889795303345,0.5212420225143433,589015500,-0.014095757332908798,0.5328274059793761,0.594492359678561,0.7268999533942505,0.8571490894471311,1.0553352683578239,-0.014196046066155701,0.037628131673833734,0.023173034191131592,0.05961365146296365,0.11600763297747844,-100,Strong Bearish,High,10.0
0.48088300228118896,0.48088300228118896,0.5201079845428467,0.4663679897785187,0.5139529705047607,909554798,-0.0642059752303129,0.5224385252397387,0.5841642362787999,0.7172522298211893,0.8496982758398848,1.050757959464783,-0.06635988572782556,0.03777146605671437,0.053739994764328,0.05352586507797241,0.11130745903693635,-100,Strong Bearish,High,10.0
0.4555070102214813,0.4555070102214813,0.48287099599838257,0.44736701250076294,0.48064300417900085,922413717,-0.05276957584137987,0.5090522222360873,0.5724681248190436,0.7069877114055145,0.8418925082038767,1.046014924012645,-0.05421289526834061,0.04044475372588528,0.03550398349761963,0.04669708013534546,0.10251671014380201,-100,Strong Bearish,High,10.0
0.4647639989852905,0.4647639989852905,0.46744900941848755,0.4497080147266388,0.45817598700523376,448858644,0.020322384850472774,0.500194577585928,0.5626768406523387,0.6974887422909959,0.8344246169322215,1.0413834425383235,0.020118640937503658,0.04048005503233736,0.017740994691848755,0.0434792914560863,0.09355133261400134,-100,Strong Bearish,High,11.61
0.48112601041793823,0.48112601041793823,0.48184099793434143,0.4573799967765808,0.46473199129104614,444269488,0.03520498891560142,0.49638086415233007,0.5552631288128478,0.6890039292763662,0.8274286049220376,1.036919239891946,0.034599464029935675,0.04202200243585086,0.02446100115776062,0.039416649511882236,0.08192583368677636,-100,Strong Bearish,Medium,19.52
0.5700730085372925,0.5700730085372925,0.5749559998512268,0.4780830144882202,0.48113399744033813,1185015742,0.18487256185149703,0.5111192930293226,0.55660948151507,0.6843399716003241,0.8223324544985773,1.0331993496022673,0.16963522606260656,0.07808887526210795,0.09687298536300659,0.042003789118358066,0.0736814206063403,-100,Strong Bearish,Medium,21.58
0.6252539753913879,0.6252539753913879,0.6823130249977112,0.5696359872817993,0.5699999928474426,3269050143,0.09679631560820634,0.5339462295017356,0.5628498900492807,0.6820228737097777,0.8184299103578409,1.029948788851583,0.09239349004096575,0.08339453815154685,0.11267703771591187,0.04694486090115139,0.07508126737101589,-100,Strong Bearish,Medium,21.23
0.5527499914169312,0.5527499914169312,0.6299769878387451,0.5408089756965637,0.6254169940948486,1404107650,-0.11595925308443134,0.5377069818847748,0.5619317174463399,0.6769533489139797,0.8131689218639614,1.02614640799553,-0.12325212361088783,0.1005722377063266,0.0891680121421814,0.047679432800837925,0.08625858623464733,-100,Strong Bearish,High,13.44
0.5877950191497803,0.5877950191497803,0.5958110094070435,0.5504440069198608,0.5526360273361206,1257661647,0.06340122709547935,0.547724589337776,0.5642829266921071,0.6734569438251876,0.8087060723052647,1.022653568243771,0.06147247602337598,0.09580020027893847,0.04536700248718262,0.047445791108267646,0.08071825987381775,-100,Strong Bearish,Medium,19.82
0.5596579909324646,0.5596579909324646,0.6032900214195251,0.5414860248565674,0.5878360271453857,910186327,-0.0478687761900648,0.5501112696567138,0.563862477986685,0.6689942397901789,0.8037744271295656,1.0189643604564298,-0.049052413553363906,0.09507310375069553,0.061803996562957764,0.04898371866771153,0.0875243799987527,-100,Strong Bearish,High,13.12
0.5660690069198608,0.5660690069198608,0.5705699920654297,0.548088014125824,0.5599570274353027,559861766,0.011455238898161024,0.5533028171093431,0.5640630715260646,0.6649579561482057,0.799067389105611,1.0153556325398039,0.011390124444984068,0.09527240302631343,0.022481977939605713,0.04880628841263907,0.08621967960798221,-100,Strong Bearish,High,13.45
0.5670899748802185,0.5670899748802185,0.5795530080795288,0.5563979744911194,0.566091001033783,478128224,0.0018036104218335236,0.5560602486635182,0.5643382445582604,0.6611199960984808,0.7944737769427319,1.0117837946301658,0.001801985869636188,0.09570894753890387,0.023155033588409424,0.0487727906022753,0.08600538320674274,-100,Strong Bearish,High,13.5
0.6093279719352722,0.6093279719352722,0.643451988697052,0.5666080117225647,0.5672069787979126,1417826128,0.07448200272624339,0.5667137933178691,0.5684282197743523,0.6590889363273746,0.7908075233782278,1.008576975325824,0.07183868751971109,0.07590885230528736,0.0768439769744873,0.05080650108201163,0.08338120588924598,-100,Strong Bearish,High,14.15
0.6154450178146362,0.6154450178146362,0.64199298620224,0.5748469829559326,0.6093400120735168,1450579665,0.010039003888063558,0.5764600382172226,0.5727024741416509,0.6573774101111888,0.7873349985155824,1.005444449767966,0.009988947818477497,0.06675069322365108,0.06714600324630737,0.05358107388019562,0.08706069970385806,-60,Bearish,High,23.23
0.6416140198707581,0.6416140198707581,0.6660990118980408,0.6109539866447449,0.6154850125312805,1636846100,0.04252045479065614,0.5894908345479297,0.5789671601170242,0.6567592379448973,0.7844494345820215,1.002545402517789,0.04164129540064012,0.04110461287254202,0.0551450252532959,0.05586478752749307,0.08706915029497961,-60,Bearish,High,23.23
0.6329200267791748,0.6329200267791748,0.6552159786224365,0.6277459859848022,0.6416490077972412,1166081755,-0.013550191894707186,0.5981766729941788,0.5838719661772197,0.6558243669187905,0.7814488522492918,0.9996001804003498,-0.013642833571774293,0.0385967597724493,0.027469992637634277,0.0539883588041578,0.08530044321538634,-60,Bearish,High,23.67
0.5742160081863403,0.5742160081863403,0.635083019733429,0.5739319920539856,0.6328629851341248,1170021356,-0.09275108403753551,0.5933845400326111,0.5829941518144125,0.6526240391253612,0.777345231574778,0.9962106650839035,-0.09733842775055354,0.05274821450427395,0.06115102767944336,0.05582029053143093,0.0972113102658687,-60,Bearish,High,20.7
0.5527769923210144,0.5527769923210144,0.613660991191864,0.5464969873428345,0.5742679834365845,1232257018,-0.03733615148250746,0.5852630304902918,0.5802471373150127,0.6487084686624456,0.7728983357479707,0.9926773290459523,-0.03805099508209269,0.05481170505500111,0.06716400384902954,0.05935050547122955,0.10736790115309812,-60,Bearish,High,20.0
0.4968610107898712,0.4968610107898712,0.5599300265312195,0.4968610107898712,0.5529770255088806,1474640183,-0.10115468318672549,0.5675826265502077,0.5726665803581816,0.6427536663929329,0.7674322501052361,0.9887266014104457,-0.1066443207015668,0.0670564179429487,0.06306901574134827,0.06210822079862867,0.1250011964108309,-100,Strong Bearish,High,10.0
0.4631330072879791,0.4631330072879791,0.49646300077438354,0.43920600414276123,0.4961000084877014,2551895485,-0.06788216980091455,0.546692702697762,0.5627089828063451,0.6357097189770523,0.7614065225246963,0.9845386046445296,-0.07029604503555978,0.05553547412304276,0.057655006647109985,0.059306936604636054,0.12805594866132833,-100,Strong Bearish,High,10.0
0.48438599705696106,0.48438599705696106,0.5174030065536499,0.43853700160980225,0.463250994682312,2241209963,0.045889602845272215,0.5342313615696019,0.5555887113745829,0.6297754553723428,0.7559209675649391,0.9805533249027959,0.04486781785982701,0.06188512707101987,0.07886600494384766,0.0568918628352029,0.1174515018618772,-100,Strong Bearish,High,10.0
0.5332959890365601,0.5332959890365601,0.536791980266571,0.4501039981842041,0.48416000604629517,2335125416,0.10097317485799961,0.5340442870629936,0.5535621002529444,0.6259919468885866,0.7515125521485355,0.9769895214297581,0.09619449310040287,0.07506139170783437,0.08668798208236694,0.05671471783093044,0.1063475424470938,-100,Strong Bearish,High,10.0
0.47502198815345764,0.47502198815345764,0.5440170168876648,0.46901801228523254,0.5335289835929871,1226235066,-0.10927140290025217,0.5222398272810864,0.5464220900620819,0.6200715563499541,0.7460374914753656,0.9729897801287517,-0.11571550273912201,0.08178036393879375,0.07499900460243225,0.058831289410591125,0.12384961302377745,-100,Strong Bearish,High,10.0
0.48739200830459595,0.48739200830459595,0.5027390122413635,0.4734779894351959,0.47518301010131836,872710309,0.026040942229272446,0.5152702634857884,0.5410557189932195,0.6148684368187637,0.7409157987393107,0.9691204751739776,0.025707650659299378,0.08087083949424831,0.029261022806167603,0.05650679128510611,0.11593704927921625,-100,Strong Bearish,High,10.0
0.45618200302124023,0.45618200302124023,0.49466899037361145,0.4234189987182617,0.48736700415611267,1214101657,-0.0640347087181844,0.5034526113928788,0.5333399266321305,0.6086454394149392,0.7352775057547944,0.9650333160333184,-0.06617688515597024,0.08240313182303048,0.07124999165534973,0.059990220836230686,0.1315050143121001,-100,Strong Bearish,High,10.0
0.48436400294303894,0.48436400294303894,0.4872260093688965,0.4372130036354065,0.45596998929977417,1050008285,0.06177797399974705,0.49963488970291087,0.5288875699331221,0.6037716575925117,0.7303089215407003,0.9612032816660652,0.059944836932446295,0.07972772326938143,0.05001300573348999,0.061908647418022156,0.12781430296607446,-100,Strong Bearish,High,10.0
0.49226099252700806,0.49226099252700806,0.5079650282859802,0.4628860056400299,0.48440301418304443,1096263588,0.01630383252261991,0.4981601102677303,0.5255578810780208,0.599398690335041,0.7255951011641915,0.957466689720734,0.016172352208905956,0.07418478155028987,0.04507902264595032,0.05963972210884094,0.12115467813665692,-100,Strong Bearish,High,10.0
0.479203999042511,0.479203999042511,0.5097280144691467,0.4773179888725281,0.49226999282836914,1018828248,-0.02652453410429567,0.49436888802268647,0.5213438918020653,0.5946851730294517,0.7207160694390096,0.9536558316276804,-0.02688265644359051,0.07330848143423861,0.03241002559661865,0.05715858084814889,0.11927817998672056,-100,Strong Bearish,High,10.0
0.4585680067539215,0.4585680067539215,0.4809960126876831,0.45794299244880676,0.4795059859752655,818977392,-0.043063063600933815,0.48720871176893354,0.5156369931613249,0.5893472449402152,0.7155250186927702,0.9497109087203198,-0.04401778688015648,0.06012432579895714,0.023053020238876343,0.05486629477569035,0.11964701847404044,-100,Strong Bearish,High,10.0
0.4802919924259186,0.4802919924259186,0.48222100734710693,0.4580399990081787,0.45865198969841003,711554788,0.04737353097477359,0.4858253679003306,0.512423811276288,0.5850705683710271,0.7108669389647136,0.9459705189490497,0.04628563137224044,0.04775005113270566,0.024181008338928223,0.054631367325782776,0.11374615481270854,-100,Strong Bearish,High,10.0
0.4992240071296692,0.4992240071296692,0.5088160037994385,0.4770449995994568,0.48019900918006897,945924412,0.039417718809190205,0.4885050957461983,0.5112238290811408,0.5817040365576406,0.7066759898194652,0.9424107857871423,0.03866067059832749,0.049073699040103703,0.03177100419998169,0.05253279422010694,0.10522890219592744,-100,Strong Bearish,High,10.0
0.49894601106643677,0.49894601106643677,0.5069429874420166,0.47951701283454895,0.4992330074310303,649820170,-0.0005568563595945708,0.49059327881024606,0.5101076638070768,0.5784586237932796,0.7025625248936627,0.9388772019248259,-0.0005570114616795756,0.038741566994985446,0.02742597460746765,0.04969436355999538,0.09959867893077187,-100,Strong Bearish,High,10.1
0.48965299129486084,0.48965299129486084,0.5240370035171509,0.48942598700523376,0.49887600541114807,842528877,-0.018625301265989158,0.490405221307169,0.5082481481241481,0.5749760499698122,0.6983464945253696,0.935297726142914,-0.018800936447322475,0.033901157848423104,0.034611016511917114,0.04766164932932172,0.09733760474593052,-100,Strong Bearish,High,10.67
0.4857900142669678,0.4857900142669678,0.5076149702072144,0.4786199927330017,0.48955801129341125,709992597,-0.007889213578942122,0.4894821798991288,0.5062064995916772,0.5714785583736223,0.694137455312332,0.9317159913869303,-0.007920498073058174,0.03338850896051113,0.028994977474212646,0.045614504388400486,0.09389757518427058,-100,Strong Bearish,High,11.53
0.46967101097106934,0.46967101097106934,0.4965440034866333,0.4682280123233795,0.4855709969997406,724759074,-0.033181009947726436,0.48551994611351695,0.5028850915352583,0.5674861055343065,0.6896925752263663,0.9280343580768438,-0.0337439881733169,0.03433188116865067,0.028315991163253784,0.042003789118358066,0.08943236464927448,-100,Strong Bearish,Medium,17.64
0.46550899744033813,0.46550899744033813,0.4759159982204437,0.4604629874229431,0.4696730077266693,769352065,-0.008861550816444907,0.4815177563788812,0.49948726479935646,0.5634870032561116,0.6852532964583261,0.9243488970359155,-0.008901047867762205,0.02954987745350807,0.01545301079750061,0.03691557688372476,0.07930153248747042,-100,Strong Bearish,Medium,20.17
0.4588490128517151,0.4588490128517151,0.46673598885536194,0.43618500232696533,0.46560201048851013,903962268,-0.014306886924299711,0.476984007673448,0.49579287825866175,0.5593835526520177,0.6807700433176012,0.920639734612137,-0.01441021717120712,0.02250445628120369,0.030550986528396606,0.03374071844986507,0.07353337918320631,-100,Strong Bearish,Medium,21.62
0.44808900356292725,0.44808900356292725,0.4703119993209839,0.4444099962711334,0.45931199193000793,796619668,-0.02344999986360463,0.47120500685134387,0.49145616237723133,0.5550190605308769,0.6761624979759244,0.9168743901416254,-0.023729326559566097,0.011082338616206056,0.025902003049850464,0.03350078846727099,0.07476369248272864,-100,Strong Bearish,Medium,21.31
0.45635101199150085,0.45635101199150085,0.46059200167655945,0.442331999540329,0.4481799900531769,494852064,0.018438319983037355,0.4682342078793753,0.48826478506943766,0.5511497252940386,0.6718097952831636,0.9132048811523814,0.018270395187719453,0.016335374261117322,0.01826000213623047,0.029715789215905324,0.06511608046233226,-100,Strong Bearish,Medium,23.72
0.4555869996547699,0.4555869996547699,0.45888200402259827,0.44454601407051086,0.45632100105285645,439469536,-0.0016741769310356647,0.4657047662344542,0.48529407730446783,0.547402167425832,0.6675281557657697,0.9095585235308865,-0.0016755799313663926,0.016558625459530584,0.014335989952087402,0.027167430945805142,0.05963170803028138,-100,Strong Bearish,Low,30.09
0.4696440100669861,0.4696440100669861,0.4732089936733246,0.44530099630355835,0.4556120038032532,808524892,0.03085472241935827,0.4664926150009606,0.4838713439192422,0.5443528279215636,0.6636096578311403,0.9060532286028873,0.03038828571659693,0.022676946849616606,0.027907997369766235,0.02594092914036342,0.05523530287688205,-100,Strong Bearish,Low,31.19
0.45763200521469116,0.45763200521469116,0.47067299485206604,0.44543999433517456,0.46956899762153625,766706338,-0.025576829672716683,0.4647204930437068,0.4814859494915557,0.5409520113448235,0.6595308924327947,0.9024801511256905,-0.025909603237708037,0.021154224048302743,0.02523300051689148,0.02542828449181148,0.05556491723056429,-100,Strong Bearish,Low,31.11
0.4621790051460266,0.4621790051460266,0.4642910063266754,0.44911500811576843,0.4576680064201355,622551308,0.009935930790510028,0.4642121954641708,0.47973077273287124,0.5378628738468314,0.6556229342687003,0.8989717754605138,0.009886893980211043,0.021573492371134848,0.015175998210906982,0.02486564006124224,0.05380088620292451,-100,Strong Bearish,Low,31.55
0.4778119921684265,0.4778119921684265,0.4819450080394745,0.461557000875473,0.4622099995613098,619107061,0.03382452869632324,0.466932154805022,0.47955633813610354,0.5355079373104235,0.6521019255142394,0.8956159206135649,0.0332650602310835,0.024029459714299022,0.020388007164001465,0.02459471140589033,0.05147361683886077,-100,Strong Bearish,Low,32.13
0.46731099486351013,0.46731099486351013,0.49091699719429016,0.4619159996509552,0.47781699895858765,827327238,-0.021977257743700185,0.46700792281671966,0.4784431251113223,0.5328335474105445,0.64844269916472,0.8922031323605764,-0.022222355376888724,0.023725798828123455,0.02900099754333496,0.02439685378755842,0.05220689017745909,-100,Strong Bearish,Low,31.95
0.4787600040435791,0.4787600040435791,0.484264999628067,0.4664910137653351,0.4672900140285492,666827059,0.024499764195389684,0.46935833906209157,0.47847193228698204,0.5307130162981145,0.6450826457959845,0.8889087648042656,0.024204458531236667,0.024335451500890306,0.017773985862731934,0.023707426020077298,0.04951839297319274,-100,Strong Bearish,Low,32.62
0.4632200002670288,0.4632200002670288,0.4794290065765381,0.45706701278686523,0.47877100110054016,612314122,-0.03245885964846751,0.46813067130307906,0.47708539301244085,0.528066231355719,0.6414814052904606,0.8855168224573554,-0.03299733265508334,0.02865933351406939,0.02236199378967285,0.022832495825631276,0.049290824689066114,-100,Strong Bearish,Low,32.68
0.4355199933052063,0.4355199933052063,0.4631809890270233,0.4338650107383728,0.4631809890270233,737643033,-0.05979881470112369,0.4616085357035046,0.47330672031178317,0.524436967118444,0.6374029614887724,0.8819311903525574,-0.06166139970488168,0.03423779388018768,0.029354989528656006,0.02285821097237723,0.05248487170222405,-100,Strong Bearish,Low,31.88
0.417928010225296,0.417928010225296,0.44090598821640015,0.4174349904060364,0.4355809986591339,707915451,-0.040393055084343876,0.4528724306078629,0.46827229212210253,0.520260145279497,0.6330569228498917,0.8782339538575195,-0.04123151074010211,0.03581974345844464,0.02347099781036377,0.022512140018599375,0.053866071351531486,-100,Strong Bearish,Low,31.53
0.43810799717903137,0.43810799717903137,0.4397299885749817,0.4064370095729828,0.4178810119628906,977278539,0.04828579674010536,0.44991954392209665,0.4655300834909142,0.5170384924128122,0.6291965480841321,0.8747269741230296,0.04715625553418403,0.042016393096755415,0.0332929790019989,0.023786423461777822,0.0542935157882032,-100,Strong Bearish,Low,31.43
0.4410249888896942,0.4410249888896942,0.4444189965724945,0.41774100065231323,0.438057005405426,861474952,0.006658156731776943,0.4481406329156162,0.463302347618076,0.5140575707060232,0.6254703785951333,0.871271181412007,0.006636089105231866,0.038776054208922675,0.026677995920181274,0.02350978127547673,0.053307141018616555,-100,Strong Bearish,Low,31.67
0.4424560070037842,0.4424560070037842,0.45155999064445496,0.4339680075645447,0.44111499190330505,739541229,0.003244755172927105,0.4470037077332498,0.46140722574404947,0.5112496662471119,0.6218463316329284,0.8678543274326586,0.0032395023146199364,0.03879082390222574,0.01759198307991028,0.022916208420481,0.05179319086583224,-100,Strong Bearish,Low,32.05
0.45723000168800354,0.45723000168800354,0.45792698860168457,0.4324580132961273,0.4424450099468231,653009372,0.03339087830282983,0.44904896652420057,0.4610274781025907,0.5091312480291076,0.6185866023270883,0.8645824204546135,0.032845509952591785,0.04009490110627003,0.02546897530555725,0.023431135075432912,0.05124583905021489,-100,Strong Bearish,Low,32.19
0.4473530054092407,0.4473530054092407,0.4650610089302063,0.4437899887561798,0.4573180079460144,695937971,-0.02160181143472406,0.4487097743012086,0.45978434422137704,0.5067085718479364,0.6151958380316854,0.8612578832829373,-0.021838546036403533,0.039078160485605314,0.02127102017402649,0.02392649437699999,0.05348459513558407,-100,Strong Bearish,Low,31.63
0.4925430119037628,0.4925430119037628,0.49724599719047546,0.446382999420166,0.44741499423980713,1514608156,0.10101643656821313,0.45747642182171944,0.4627624049197757,0.5061530596932629,0.6127670691974691,0.8583199161803143,0.09623378639224639,0.04588435349688855,0.05086299777030945,0.02556613726275308,0.05190640542017964,-100,Strong Bearish,Low,32.02
0.5157679915428162,0.5157679915428162,0.5245940089225769,0.474606990814209,0.4920780062675476,1558576681,0.04715320099514719,0.46913473576593884,0.46758109461277936,0.5065301158442258,0.6108462953825256,0.8555904187728441,0.04607524496172003,0.03850752335632221,0.04998701810836792,0.027334281376429966,0.05299724260643814,-60,Bearish,Low,41.75
0.49104300141334534,0.49104300141334534,0.5460000038146973,0.4892680048942566,0.5158010125160217,1559480054,-0.04793820193360776,0.4735163888954202,0.4697139952310126,0.505922778023407,0.6084739529276904,0.8526856584751589,-0.0491253323623041,0.04751967967502552,0.056731998920440674,0.030302567141396657,0.06171061812138294,-60,Bearish,Medium,34.57
0.5000979900360107,0.5000979900360107,0.5014479756355286,0.47723498940467834,0.4910709857940674,929201777,0.018440317032526465,0.47883270912353837,0.4724761765769215,0.5056943549650778,0.606327894256568,0.8498761949816198,0.018272356079696832,0.04732861661042579,0.02421298623085022,0.030575779931885854,0.061139577724925814,-60,Bearish,Low,39.72
0.4839459955692291,0.4839459955692291,0.5106430053710938,0.47890400886535645,0.500091016292572,783147406,-0.03229765923598005,0.4798553664126765,0.473518887394404,0.5048414781260249,0.6039044903221652,0.8469604165002461,-0.0328307382038597,0.05101788504892971,0.031738996505737305,0.030771351286343167,0.06358426677371129,-60,Bearish,Medium,34.1
0.5173680186271667,0.5173680186271667,0.5175319910049438,0.4755159914493561,0.48372700810432434,837188756,0.06906147248646177,0.48735789685557457,0.4775051720519279,0.5053327150084226,0.6021908968232543,0.8443341822542455,0.06678113505418241,0.05471784741996472,0.04201599955558777,0.03250292369297573,0.06282360432564436,-60,Bearish,Medium,34.29
0.5138139724731445,0.5138139724731445,0.5340740084648132,0.5106319785118103,0.5173599720001221,910596091,-0.0068694740031531865,0.49264911197908856,0.4808059720902203,0.5056653133403725,0.6004408587173116,0.841700555084675,-0.006893177455564073,0.053190371372266884,0.02344202995300293,0.03258006913321359,0.063408297318961,-60,Bearish,Medium,34.15
0.4762499928474426,0.4762499928474426,0.5148119926452637,0.4762369990348816,0.5137630105018616,747132740,-0.07310813181061415,0.4893692881527594,0.4803917921590587,0.5045117713602576,0.5979816336505815,0.8387885984134621,-0.07591836726496876,0.05173191112563616,0.03857499361038208,0.03323864085333688,0.06979242278746706,-60,Bearish,Medium,32.55
0.4676069915294647,0.4676069915294647,0.47660401463508606,0.45210498571395874,0.4762980043888092,753266177,-0.018148034536026758,0.4850168288281005,0.4792295375563683,0.5030645250923833,0.5953999575689752,0.8358309760478525,-0.018314729991320212,0.04665206378042977,0.02449902892112732,0.03331207164696285,0.07123946444428601,-60,Bearish,Medium,32.19
0.5105530023574829,0.5105530023574829,0.5105530023574829,0.4598250091075897,0.46771299839019775,1108377917,0.09184210588372288,0.490124063533977,0.4820771252655605,0.5033581908674853,0.5937198198420149,0.8332391196837858,0.0878662751867559,0.05704035343701295,0.05072799324989319,0.03455742980752673,0.06768627282173936,-60,Bearish,Medium,33.08
0.5133280158042908,0.5133280158042908,0.5229480266571045,0.49211201071739197,0.5105800032615662,1404871202,0.005435309231351493,0.49476485398803977,0.484918115314536,0.503749164394419,0.5921279029303769,0.8306900272225946,0.005420591245248919,0.05676939982386388,0.030836015939712524,0.034854431237493246,0.06789894602359224,-60,Bearish,Medium,33.03
0.5233349800109863,0.5233349800109863,0.5440840125083923,0.5083330273628235,0.5132279992103577,1601170272,0.019494288054815234,0.5004788791926291,0.48841055755966784,0.5045172355950687,0.5907656668329632,0.8282409830217052,0.01930670832400012,0.05454996119833302,0.03575098514556885,0.036151502813611715,0.06907908738080681,-60,Bearish,Medium,32.73
0.5255759954452515,0.5255759954452515,0.5512179732322693,0.5119810104370117,0.5232189893722534,1247885850,0.0042821816233611365,0.5054983024431536,0.4917892337310845,0.5053430693146838,0.5894747822510283,0.8258293098139248,0.004273039174093132,0.04873743026529442,0.03923696279525757,0.03713493049144745,0.07065568217206705,-60,Bearish,Medium,32.34
0.5170199871063232,0.5170199871063232,0.5425360202789307,0.5149509906768799,0.5255929827690125,875157898,-0.016279298166347655,0.5078026393757875,0.49408293858337893,0.5058009876594539,0.5880400338323213,0.8233686777604778,-0.01641326181991381,0.04916599196248366,0.02758502960205078,0.03758593116487775,0.0726972498205342,-60,Bearish,Medium,31.83
0.5141230225563049,0.5141230225563049,0.5257329940795898,0.5025309920310974,0.5170509815216064,647889797,-0.005603196437785951,0.509066716011891,0.4959047643990995,0.5061273419691343,0.5865763306387368,0.8209045689540702,-0.005618953229444362,0.0363794915510437,0.02320200204849243,0.03561014575617654,0.06926386135971307,-60,Bearish,Medium,32.68
0.4968329966068268,0.4968329966068268,0.5146099925041199,0.4902209937572479,0.5139070153236389,709947033,-0.03363013362737444,0.5066199721308782,0.4959891491452565,0.5057628578372791,0.5847992349153326,0.8183223253497096,-0.03420863360745093,0.038916582428970156,0.024388998746871948,0.03378171580178397,0.06799410673707212,-60,Bearish,Medium,33.0
0.5009880065917969,0.5009880065917969,0.5157430171966553,0.4902360141277313,0.49686598777770996,553477710,0.00836299121303763,0.5054935790230619,0.4964435907313056,0.5055756087688289,0.5831396066316982,0.8157937650408816,0.008328215155408419,0.017841206172690915,0.02550700306892395,0.031551358955247064,0.06297827201471311,-60,Bearish,Medium,34.26
0.4996680021286011,0.4996680021286011,0.510420024394989,0.4948889911174774,0.5009750127792358,499753654,-0.0026348025218722038,0.5043284636441697,0.4967367190401506,0.5053439379201925,0.5814867035722309,0.8132748346591104,-0.002638279723205695,0.017486210804631735,0.015531033277511597,0.030931219458580017,0.06190354260591447,-60,Bearish,Low,39.52
0.517503023147583,0.517503023147583,0.5184270143508911,0.49951401352882385,0.4995819926261902,536832135,0.035693742531049066,0.5069633755448524,0.498624564868099,0.5058207647918549,0.5802196999994655,0.8109180871570265,0.035071484816950105,0.021516836661457067,0.01891300082206726,0.030015076909746443,0.05799980979277614,-60,Bearish,Low,40.5
0.5112559795379639,0.5112559795379639,0.5214679837226868,0.5112059712409973,0.5175639986991882,370884770,-0.012071511334606377,0.5078218963434747,0.4997728752926321,0.5060339104681729,0.5788540817725052,0.8085303412795838,-0.012144963747146412,0.021664148570880396,0.010262012481689453,0.027746934975896562,0.05427209868718256,-60,Bearish,Low,41.43
0.5274699926376343,0.5274699926376343,0.5366640090942383,0.5076680183410645,0.5113720297813416,495713645,0.031714080125426536,0.5117515156023067,0.5022907950512686,0.5068745411414851,0.5778365750569632,0.8062908165892098,0.03122157453075336,0.024403607282105833,0.028995990753173828,0.028143646461623057,0.05335591949200685,-60,Bearish,Low,41.66
0.5365960001945496,0.5365960001945496,0.5484070181846619,0.5236330032348633,0.5274879932403564,782794306,0.017301472471031643,0.5167204125207553,0.5054094500642942,0.5080400885553308,0.5770199300101827,0.8041418539087742,0.017153506247002306,0.024602190209511272,0.024774014949798584,0.027157862271581377,0.05061137664413256,-60,Bearish,Low,42.35
0.5140519738197327,0.5140519738197327,0.5370849967002869,0.5076410174369812,0.5366560220718384,636681258,-0.04201303469769302,0.5161867247805507,0.5061951340420613,0.508275848761778,0.5757730397885896,0.8018303807606544,-0.042921107260096854,0.02707782634473033,0.029443979263305664,0.0275110730103084,0.0535180767926707,-60,Bearish,Low,41.62
0.5370929837226868,0.5370929837226868,0.5378860235214233,0.5040609836578369,0.5139920115470886,816259967,0.04482233524315604,0.5203679765689779,0.5090040294675726,0.5094059324857352,0.5750070980843143,0.7997209194296746,0.04384685684135353,0.030893532091046397,0.033825039863586426,0.026303719197000777,0.048974237225526636,-60,Bearish,Low,42.76
0.5312579870223999,0.5312579870223999,0.5465980172157288,0.5298910140991211,0.5371040105819702,819277170,-0.010864034491464558,0.5225459786596623,0.5110271165180115,0.5102628758008985,0.5741407790533852,0.7975817725579034,-0.010923479044687932,0.03160629868882139,0.016707003116607666,0.02529450399535043,0.0476124681665895,-20,Neutral,Low,53.1
0.5407530069351196,0.5407530069351196,0.5414419770240784,0.5220350027084351,0.5311949849128723,538287825,0.017872709953854038,0.5261873843147538,0.513729470192294,0.5114585672179268,0.5734796350510434,0.7955353282103115,0.017714870972200383,0.0298287562541542,0.01940697431564331,0.024127074650355747,0.04461755060245194,-20,Neutral,Low,53.85
0.5598130226135254,0.5598130226135254,0.5663920044898987,0.5386880040168762,0.5407080054283142,930190208,0.035247174650833824,0.5329125119745082,0.5179188840487695,0.5133548203706954,0.5732090090621816,0.7936570628270702,0.034640214293071986,0.03025124711500052,0.02770400047302246,0.023303291627338955,0.041626919499917925,-20,Neutral,Low,54.59
0.570343017578125,0.570343017578125,0.5938979983329773,0.5575540065765381,0.5598189830780029,1180283864,0.01880984282116116,0.5403986130952315,0.52268471436962,0.5155896516337318,0.5731522567555667,0.79187766804421,0.018635125267270486,0.029345536669398865,0.03634399175643921,0.023928931781223843,0.0419553339722373,-20,Neutral,Low,54.51
0.5511710047721863,0.5511710047721863,0.5810099840164185,0.5456050038337708,0.5703859925270081,876107175,-0.03361488124699019,0.5425530914306225,0.5252743771334897,0.516984998815632,0.572716984439064,0.7899596866635564,-0.034192850561486035,0.03369388627967973,0.035404980182647705,0.024800573076520647,0.0449961497643937,-20,Neutral,Low,53.75
0.5579149723052979,0.5579149723052979,0.5692669749259949,0.5491570234298706,0.5510039925575256,734187541,0.012235708110043042,0.5456254676055576,0.5282417039672904,0.5185900958152267,0.5724238752879003,0.78811072479616,0.012161456897433006,0.026652507404864093,0.020109951496124268,0.024494926844324385,0.04390440848560068,-20,Neutral,Low,54.02
0.5370380282402039,0.5370380282402039,0.579925000667572,0.5329669713973999,0.5579209923744202,1035477916,-0.03741958022533565,0.543907979732487,0.5290413698102826,0.519313544145618,0.5717231654453716,0.786110145540734,-0.03813766329791802,0.028142149045591636,0.04695802927017212,0.026027143001556396,0.04846424579436877,-20,Neutral,Low,52.88
0.5126330256462097,0.5126330256462097,0.5429829955101013,0.5114129781723022,0.5372999906539917,642877241,-0.04544371405869674,0.5376529889152315,0.5275497021590032,0.5190515630279942,0.5705530636671704,0.7839310449838055,-0.04650866852266816,0.033200592343471086,0.03157001733779907,0.02717278472014836,0.05300630931043736,-20,Neutral,Low,51.75
0.450980007648468,0.450980007648468,0.5126979947090149,0.4493190050125122,0.5126979947090149,1294433367,-0.12026735483930984,0.5203183926618788,0.5205888208398637,0.5163820902680127,0.5681852803796713,0.7812780486703765,-0.12813722998759416,0.05506490324360346,0.06337898969650269,0.030348926782608032,0.06729550372056527,-60,Bearish,Medium,33.18
0.45138800144195557,0.45138800144195557,0.4629789888858795,0.43887001276016235,0.45087501406669617,792647751,0.0009046826612446601,0.5065323144178943,0.5142978372582356,0.5138333024709125,0.5658724629749641,0.7786494427163653,0.0009042736825312619,0.050135342934640025,0.024108976125717163,0.0313379956143243,0.0694258498547044,-60,Bearish,Medium,32.64
0.4635460078716278,0.4635460078716278,0.47227799892425537,0.4484820067882538,0.45126599073410034,616272980,0.02693471335266695,0.497935053108641,0.5096840345867258,0.5118612517023131,0.5638461965372742,0.7761386583749729,0.02657835867517944,0.051510533247894216,0.023795992136001587,0.03096656714166914,0.06680365404040944,-100,Strong Bearish,Medium,23.3
0.46144598722457886,0.46144598722457886,0.46353599429130554,0.4400149881839752,0.46353599429130554,722091304,-0.004530339192632016,0.49063723993182856,0.5052987575538034,0.5098841825071079,0.5618184696201911,0.7736311470510653,-0.004540632278443706,0.052285117665221856,0.023531019687652588,0.030877781765801565,0.06691526770341988,-100,Strong Bearish,Medium,23.27
0.4652070105075836,0.4652070105075836,0.46880999207496643,0.4478049874305725,0.4614830017089844,562953519,0.008150516825654597,0.4855511940469796,0.5016540532768743,0.5081321365463423,0.5599053714199415,0.7711735842100814,0.008117480749392954,0.05182142724073173,0.02100500464439392,0.030274997864450728,0.06507855036711059,-100,Strong Bearish,Medium,23.73
0.4581089913845062,0.4581089913845062,0.46660101413726807,0.45451799035072327,0.46518200635910034,494717036,-0.015257764742910518,0.48006275351448496,0.497695411286659,0.5061704445792115,0.5578896015182496,0.7686790456218299,-0.015375362151201137,0.05164382838931625,0.0120830237865448,0.02872199671609061,0.06269686309645749,-100,Strong Bearish,Medium,24.33
0.4649989902973175,0.4649989902973175,0.47341498732566833,0.4580410122871399,0.45810800790786743,525337287,0.015040086622155613,0.4770500008710515,0.4947230093785371,0.5045558777446274,0.5560501834742708,0.7662592842248218,0.014928105922895224,0.05214308060572232,0.015373975038528442,0.02862678042479924,0.06156310233382539,-100,Strong Bearish,Medium,24.61
0.43086299300193787,0.43086299300193787,0.48163899779319763,0.4281570017337799,0.4649589955806732,1299179883,-0.07341090627649172,0.4678125992972288,0.48891755334430076,0.5016659606958945,0.5535712292074919,0.7635868038166713,-0.07624507627875676,0.03358774545191859,0.053481996059417725,0.031060710549354553,0.07208952974342554,-100,Strong Bearish,Medium,21.98
0.44970300793647766,0.44970300793647766,0.4507949948310852,0.42807701230049133,0.4310390055179596,733099946,0.043726231401950644,0.4641906810250786,0.4853525946708623,0.49962819784258405,0.5515144327466797,0.7610857377140403,0.04279722461412684,0.038503432880954085,0.022717982530593872,0.030704566410609653,0.06827743170209526,-100,Strong Bearish,Medium,22.93
0.43004900217056274,0.43004900217056274,0.45340099930763245,0.43004900217056274,0.44971901178359985,519341943,-0.04370441251015855,0.45736234525417546,0.4803249953526532,0.49689960193387733,0.5491091766956674,0.7584479948013433,-0.044688221785730904,0.039547443834656595,0.023351997137069702,0.029776566794940403,0.06923993927354968,-100,Strong Bearish,Medium,22.69
0.4507029950618744,0.4507029950618744,0.45204898715019226,0.4276820123195648,0.43007001280784607,587946527,0.048027068513276205,0.45603047521571527,0.47763208623530967,0.49508797029183804,0.5471605394355923,0.755995843408997,0.046909414299336594,0.04525541547482094,0.02436697483062744,0.02898813784122467,0.06431760640340332,-100,Strong Bearish,Medium,23.92
0.4521690011024475,0.4521690011024475,0.4625459909439087,0.4400179982185364,0.45073598623275757,640051711,0.0032527097814645245,0.45525818039306176,0.4753172603141404,0.4934048734608815,0.54527951887454,0.7535749123946022,0.0032474311644454627,0.04508658792953329,0.022527992725372314,0.029160855071885244,0.06449105312568364,-100,Strong Bearish,Medium,23.88
0.4466649889945984,0.4466649889945984,0.4627789855003357,0.44605499505996704,0.4522629976272583,521553602,-0.01217246669813632,0.4535395421133691,0.4727125083760002,0.49157193681514494,0.5433267559066204,0.7511294149969926,-0.012247157907250535,0.044971106361900035,0.016723990440368652,0.027001280869756426,0.06045085586522869,-100,Strong Bearish,Low,29.89
0.4574809968471527,0.4574809968471527,0.45850199460983276,0.4424760043621063,0.44667699933052063,582859437,0.02421503390471713,0.45432783306012586,0.47132782550974134,0.490235037208557,0.5416268398856409,0.7487895869639262,0.023926498619227608,0.045711970059898854,0.01602599024772644,0.025890993220465525,0.05659468567853075,-100,Strong Bearish,Low,30.85
0.45455899834632874,0.45455899834632874,0.46563899517059326,0.44991299510002136,0.4574640095233917,525812957,-0.006387147271606164,0.45437406611736647,0.46980338667670385,0.48883597686101865,0.539902724211595,0.7464451201223516,-0.006407632370891515,0.03264388505036914,0.0157260000705719,0.022487208247184753,0.04947038410633715,-100,Strong Bearish,Low,32.63
0.48038700222969055,0.48038700222969055,0.4848169982433319,0.4539940059185028,0.45453399419784546,778592386,0.056819915516628905,0.4595766533398313,0.47076553354515716,0.48850464452253517,0.5387241950634385,0.7443251351192229,0.05526431916255702,0.03512685496443311,0.0308229923248291,0.022966780832835605,0.047808913909486564,-100,Strong Bearish,Low,33.05
0.5030840039253235,0.5030840039253235,0.5058280229568481,0.4768050014972687,0.48037201166152954,907968827,0.04724732682251198,0.4682781234569297,0.47370357630699045,0.48907638410695825,0.538018448704268,0.7424028950300285,0.0461651282731287,0.02782388670867399,0.029023021459579468,0.023340140070234026,0.04639412083890979,-100,Strong Bearish,Low,33.4
0.4991210103034973,0.4991210103034973,0.5053390264511108,0.4838849902153015,0.503167986869812,646475147,-0.007877399382418937,0.47444670082624324,0.4760142521248547,0.4894702910166265,0.5372482023993023,0.7404643939565103,-0.007908590001557617,0.027491004721595314,0.021454036235809326,0.02319178410938808,0.04646525317635096,-100,Strong Bearish,Low,33.38
0.4630660116672516,0.4630660116672516,0.5111560225486755,0.46299099922180176,0.4990909993648529,982012136,-0.07223698840952819,0.47217056299444493,0.4748371393559817,0.48843482908135694,0.5357792481273804,0.7382540482808987,-0.07497895425109906,0.04387913095106911,0.04816502332687378,0.025131785443850925,0.054272576286402203,-100,Strong Bearish,Low,31.43
0.4792819917201996,0.4792819917201996,0.4816190004348755,0.4554769992828369,0.4630109965801239,693147052,0.03501872226502423,0.4735928487395959,0.47524121684363785,0.4880758942828802,0.534660490574763,0.7361905259178652,0.03441951569867673,0.044643687331063706,0.026142001152038574,0.02613599811281477,0.05453156714486515,-100,Strong Bearish,Low,31.37
0.4792740046977997,0.4792740046977997,0.4814310073852539,0.46456900238990784,0.4792740046977997,647768733,-1.6664557688117476e-05,0.4747290799312367,0.4756078339212889,0.4877307221422888,0.5335637284781894,0.7341433823224861,-1.666469654340159e-05,0.04432104140021657,0.01686200499534607,0.02624228596687317,0.05475424435635711,-100,Strong Bearish,Low,31.31
0.5029199719429016,0.5029199719429016,0.5029379725456238,0.47867700457572937,0.47925299406051636,858927416,0.04933705357128981,0.48036725833356975,0.47809075555961733,0.4883263789972148,0.5329569214180848,0.7323009647098997,0.0481585872155367,0.04639223516411051,0.02426096796989441,0.02415506967476436,0.04802964889512635,-60,Bearish,Low,42.99
0.5124220252037048,0.5124220252037048,0.5234929919242859,0.49636200070381165,0.5028420090675354,995666468,0.0188937679768304,0.4867782117075968,0.4812117800727162,0.4892713062994301,0.5325502898098792,0.7305489412875396,0.018717497556618126,0.04296227522857695,0.027130991220474243,0.024470284581184387,0.047754162345884005,-60,Bearish,Low,43.06
0.5097519755363464,0.5097519755363464,0.5191500186920166,0.5033079981803894,0.5123800039291382,705305295,-0.005210645788102042,0.4913729644733467,0.4838063432966826,0.49007446979891706,0.5320988380420864,0.72878960291502,-0.0052242685457152115,0.03987733764229034,0.015842020511627197,0.023933857679367065,0.04695196650132556,-60,Bearish,Low,43.26
0.5015460252761841,0.5015460252761841,0.5188620090484619,0.4978199899196625,0.50975102186203,856809100,-0.016097927333245332,0.4934075766339142,0.48541904165845545,0.4905243347195942,0.5314938318487021,0.7269788971171011,-0.01622890652989938,0.0403390952062549,0.02104201912879944,0.023696360843522207,0.04724663271027507,-60,Bearish,Low,43.19
0.4688810110092163,0.4688810110092163,0.5075240135192871,0.46291399002075195,0.5014950037002563,1004511415,-0.06512864746357083,0.48850226350897463,0.48391558432670645,0.4896755769270304,0.5302539740102964,0.7249223402556836,-0.0673463500300714,0.03798739017003711,0.044610023498535156,0.02527364875589098,0.053902052253069814,-60,Bearish,Low,41.52
0.4813759922981262,0.4813759922981262,0.485709011554718,0.4630489945411682,0.4639120101928711,737527013,0.026648512086287823,0.48707700926680497,0.4836847123241082,0.4893501030200145,0.5292860931843129,0.7229817319054241,0.026299625128190205,0.03693406510026942,0.022660017013549805,0.025697650653975352,0.05338373966531397,-60,Bearish,Low,41.65
0.4656440019607544,0.4656440019607544,0.48140600323677063,0.46386900544166565,0.48137399554252625,685227625,-0.032681294017730456,0.4827904078055949,0.4820446477456215,0.48842045199808276,0.5280258537541433,0.7209312320652276,-0.03322725563442919,0.039099454911792106,0.01753699779510498,0.02580557976450239,0.055419117729078676,-60,Bearish,Low,41.15
0.47412601113319397,0.47412601113319397,0.4741300046443939,0.45601901412010193,0.46570301055908203,558761609,0.01821565216500831,0.48105752847111477,0.48132477168994625,0.48785988568965577,0.5269585301378868,0.7189646565996337,0.018051734755499454,0.033668865980432526,0.018110990524291992,0.025975936225482395,0.05478698830169244,-100,Strong Bearish,Low,31.3
0.4871560037136078,0.4871560037136078,0.48772600293159485,0.4730989933013916,0.47422099113464355,511814025,0.02748212980188791,0.4822772235196134,0.48185488369209734,0.4878322824749088,0.526170361297802,0.7171175757001435,0.027111275316707685,0.034922678597025546,0.014627009630203247,0.024819080318723406,0.05094688381037422,-60,Bearish,Low,42.26
0.4471859931945801,0.4471859931945801,0.48962101340293884,0.44465500116348267,0.4870910048484802,677522389,-0.08204766073769976,0.47525897745460677,0.47870316637414123,0.48623831034626847,0.5246063144046689,0.7149667264371509,-0.08560980772435686,0.04570715856200036,0.04496601223945618,0.025957865374428884,0.05804713423377299,-100,Strong Bearish,Low,30.49
0.4535039961338043,0.4535039961338043,0.45568498969078064,0.43438801169395447,0.447282999753952,776470650,0.014128356065202574,0.4709079811904463,0.47641233271592875,0.4849546117497013,0.5231983477062359,0.7128833580681999,0.014029481048659087,0.04738074944823477,0.021296977996826172,0.02594664692878723,0.057213711786415634,-100,Strong Bearish,Low,30.7
0.44189900159835815,0.44189900159835815,0.4540709853172302,0.4388140141963959,0.4535430073738098,544680283,-0.025589619130990338,0.4651061852720287,0.47327475715978595,0.4832661564496486,0.5215884596644956,0.7107241201680419,-0.02592272848205329,0.041937756157565884,0.01525697112083435,0.023596071771212986,0.0533969791419883,-100,Strong Bearish,Low,31.65
0.4411590099334717,0.4411590099334717,0.46184200048446655,0.4325459897518158,0.4419510066509247,1223771049,-0.0016745719320702124,0.4603167502043173,0.4703551437755755,0.4816148958019554,0.5199957972935842,0.7085761910028262,-0.0016759755948898274,0.039323991476911804,0.029296010732650757,0.023821358169828142,0.053997215592220336,-100,Strong Bearish,Low,31.5
0.4589659869670868,0.4589659869670868,0.46549901366233826,0.43571001291275024,0.4408760070800781,762487961,0.040364078784881796,0.4600465975568712,0.46931976588389474,0.4807267032986272,0.5187872861980101,0.7065872650742546,0.03957072764575551,0.04242165647391826,0.029789000749588013,0.024744715009416853,0.05391404965089785,-100,Strong Bearish,Low,31.52
0.4618209898471832,0.4618209898471832,0.4791080057621002,0.44835200905799866,0.4589509963989258,1025328778,0.006220510802908752,0.46040147601493364,0.46863805897146643,0.4799853027711196,0.5176592407257165,0.7046369361879832,0.006201243286829463,0.04171570494435133,0.030755996704101562,0.02520864563328879,0.05458531809398777,-100,Strong Bearish,Low,31.35
0.45159998536109924,0.45159998536109924,0.4670960009098053,0.4512940049171448,0.4618299901485443,582129449,-0.022131961757446583,0.4586411778841668,0.46708914318870576,0.4788721530687659,0.5163511366590904,0.7026207055041036,-0.022380548273559123,0.0397603482254435,0.015801995992660522,0.024399431688444956,0.05402885845741376,-100,Strong Bearish,Low,31.49
0.4461880028247833,0.4461880028247833,0.46177300810813904,0.4402160048484802,0.45159900188446045,528836100,-0.011984018405112429,0.4561505428722901,0.4651890395192582,0.47759042168664895,0.5149617676722724,0.7005774170365393,-0.012056405661767014,0.02280882048393863,0.021557003259658813,0.024807644741875783,0.0555990851049791,-100,Strong Bearish,Low,31.1
0.4467569887638092,0.4467569887638092,0.45026999711990356,0.43823400139808655,0.4462989866733551,630690579,0.0012752156835766915,0.45427183205059396,0.4635133985414901,0.47638126745438075,0.5136111779909167,0.6985549435044857,0.0012744032866377388,0.021965380587651236,0.012035995721817017,0.024164357355662754,0.054088370105918875,-100,Strong Bearish,Low,31.48
0.44189000129699707,0.44189000129699707,0.46249398589134216,0.43817201256752014,0.446819007396698,683067297,-0.010894037674215817,0.45179546589987457,0.4615476351556271,0.4750286687815422,0.5121909566702451,0.6965098045227527,-0.010953812223184867,0.019895404427963205,0.02432197332382202,0.022715210914611816,0.05140467276457966,-100,Strong Bearish,Low,32.15
0.4372900128364563,0.4372900128364563,0.44251400232315063,0.42641401290893555,0.44178199768066406,618645006,-0.010409804356376617,0.44889437528719095,0.45934239676297517,0.47354872148957805,0.5107077696636354,0.6944443081746547,-0.010464365346204043,0.020291919265491867,0.016099989414215088,0.022246637514659336,0.05087387514376972,-100,Strong Bearish,Low,32.28
0.4381699860095978,0.4381699860095978,0.4383679926395416,0.42846399545669556,0.43730801343917847,533583651,0.0020123331137467115,0.44674949743167236,0.45741763214903175,0.4721613200982063,0.5092713779081098,0.69240228170322,0.0020103110836773366,0.010105266714185615,0.00990399718284607,0.02170142318521227,0.04952740689257734,-100,Strong Bearish,Low,32.62
0.43441399931907654,0.43441399931907654,0.4405440092086792,0.43024900555610657,0.4381830096244812,562475136,-0.008571985326349951,0.44428239780915324,0.45532639280085396,0.4706810330088287,0.5077890535796141,0.6903465981782468,-0.008608936105122355,0.008374685500477529,0.010295003652572632,0.02114313840866089,0.048670481250147925,-100,Strong Bearish,Low,32.83
0.4302929937839508,0.4302929937839508,0.43623098731040955,0.4289569854736328,0.43442898988723755,317805815,-0.009486355277650405,0.4414845170041128,0.45305062925386275,0.4690971883333433,0.5062544781381159,0.6882744579041887,-0.009531637347955051,0.005941197568155877,0.007274001836776733,0.02061792356627328,0.04791601040249681,-100,Strong Bearish,Low,33.02
0.41963300108909607,0.41963300108909607,0.43229401111602783,0.41896599531173706,0.4302839934825897,404886268,-0.0247738002915453,0.4371142138211095,0.4500126630570657,0.4671574162845493,0.504539201364868,0.686133888527176,-0.025085835191079674,0.009051311466082986,0.013328015804290771,0.01835806667804718,0.04374790979356129,-100,Strong Bearish,Low,34.06
0.42799800634384155,0.42799800634384155,0.4286009967327118,0.41809698939323425,0.41964399814605713,454947649,0.0199340977307203,0.43529097232565594,0.4480113306285908,0.4656217531496196,0.5030235341367288,0.6840770289081853,0.019738015140938092,0.013871521671345947,0.010504007339477539,0.017587140202522278,0.04109164047926257,-100,Strong Bearish,Low,34.73
0.43576499819755554,0.43576499819755554,0.4372200071811676,0.4259200096130371,0.4280030131340027,443212603,0.018147261759612565,0.4353857775000359,0.44689802768031484,0.46445090001424455,0.5016916819399135,0.6820984469901723,0.017984565583488113,0.016294228887180035,0.011299997568130493,0.017304499234472002,0.039710622252930344,-100,Strong Bearish,Low,35.07
0.4312730133533478,0.4312730133533478,0.43622100353240967,0.42471200227737427,0.4357770085334778,442089311,-0.010308273640122212,0.4345632246706983,0.4454775718324087,0.4631498064196996,0.5002972528589914,0.6800998379572095,-0.01036177185993536,0.016285383937154528,0.0115090012550354,0.016033998557499478,0.03717830251614331,-100,Strong Bearish,Low,35.71
0.4286870062351227,0.4286870062351227,0.4366840124130249,0.42678898572921753,0.4312649965286255,429115801,-0.005996218261183794,0.4333879809835832,0.44395115677811,0.46179832405952015,0.4988792281733702,0.678096548461416,-0.006014267766586873,0.01624010874274177,0.009895026683807373,0.014613000409943717,0.03408780811501644,-100,Strong Bearish,Low,36.48
0.4243200123310089,0.4243200123310089,0.43031901121139526,0.42239099740982056,0.4286929965019226,412845097,-0.010186905225950782,0.4315743872530684,0.44216650728291895,0.46032858634467655,0.4974028080576799,0.6760744246675482,-0.010239146834699009,0.01634320653650516,0.007928013801574707,0.01298243020262037,0.030595847061987903,-100,Strong Bearish,Low,37.35
0.4217360019683838,0.4217360019683838,0.42676201462745667,0.4201120138168335,0.424252986907959,295762328,-0.0060897678344932205,0.4296067101961315,0.4403091886179612,0.4588151516632533,0.49590445546185224,0.6740478236898656,-0.006108386096377958,0.016178087655105894,0.006650000810623169,0.012328716261046273,0.029233255409791926,-100,Strong Bearish,Low,37.69
0.4230720102787018,0.4230720102787018,0.424001008272171,0.41997501254081726,0.4217909872531891,280279986,0.0031678782557864604,0.42829977021264554,0.4387421724053013,0.4574134598442513,0.49446222882456214,0.672048016411689,0.003162871101381519,0.012904851965634212,0.00402599573135376,0.011076501437595912,0.026181125596796594,-100,Strong Bearish,Low,38.45
0.4018009901046753,0.4018009901046753,0.42626500129699707,0.40178799629211426,0.4230540096759796,522186013,-0.05027754060121836,0.42300001419105154,0.43538388310524434,0.45523257867799344,0.49262735281030695,0.6698946536522706,-0.05158548507237382,0.021253579917286602,0.024477005004882812,0.011965144957814897,0.029778784155553708,-100,Strong Bearish,Low,37.56
0.3905400037765503,0.3905400037765503,0.40173500776290894,0.3884730041027069,0.40173500776290894,647675205,-0.02802627819605752,0.4165080121081513,0.43130716680263576,0.45269561495636823,0.49060582114627216,0.6676687201871254,-0.028426510068284207,0.01848267099562827,0.013327986001968384,0.011179860149111067,0.028626670868543567,-100,Strong Bearish,Low,37.84
0.3813000023365021,0.3813000023365021,0.395018994808197,0.37863999605178833,0.39058300852775574,470666876,-0.02365955177625012,0.40946641015382146,0.42676106094207816,0.4498957870104911,0.4884413494866727,0.6653868977341324,-0.023943933491179403,0.018547403565280687,0.01637899875640869,0.01119978938783918,0.02937264442488837,-100,Strong Bearish,Low,37.66
0.3776380121707916,0.3776380121707916,0.38200899958610535,0.35116899013519287,0.3813230097293854,1059234268,-0.009603960512118426,0.4031007305572155,0.4222953292355976,0.44706214878148326,0.48624722399526915,0.6630940779288469,-0.009650375961374556,0.018217036658088163,0.030840009450912476,0.01269521883555821,0.03361742840076341,-100,Strong Bearish,Low,36.6
0.36685100197792053,0.36685100197792053,0.3885340094566345,0.3620469868183136,0.37762901186943054,563104935,-0.028564418425104265,0.39585078484135655,0.417254935848536,0.4439166136127161,0.4838829423711632,0.6607335753316284,-0.0289803205721913,0.018244121785248504,0.026487022638320923,0.013851791620254517,0.03775863101251174,-100,Strong Bearish,Low,35.56
0.36374399065971375,0.36374399065971375,0.36936700344085693,0.36208298802375793,0.36684900522232056,349542728,-0.008469409382705684,0.389429426005028,0.41239030446773395,0.4407725891831866,0.4815039532283622,0.6583671244577486,-0.00850547863156535,0.017942617917058687,0.007284015417098999,0.013852506875991821,0.03808312228297672,-100,Strong Bearish,Low,35.48
0.37028101086616516,0.37028101086616516,0.3744179904460907,0.36381301283836365,0.36381301283836365,337167739,0.01797148646935831,0.38559974297725547,0.4085621868675913,0.4380082135629113,0.47930151872614046,0.6560716175765408,0.017811908373938024,0.021707825153871586,0.010673999786376953,0.013662934303283691,0.03689882522283067,-100,Strong Bearish,Low,35.78
0.3723450005054474,0.3723450005054474,0.375328004360199,0.3665989935398102,0.3702709972858429,360241999,0.005574116896932102,0.3829487944828939,0.4052697153801237,0.43543318559987354,0.47718356787028515,0.6538108477194006,0.005558638997783119,0.017826818196660408,0.008729010820388794,0.013536148837634496,0.036353781625265744,-100,Strong Bearish,Low,35.91
0.3618200123310089,0.3618200123310089,0.3739030063152313,0.35931798815727234,0.3723430037498474,435708572,-0.02826676378130799,0.3787230380525169,0.4013197423756587,0.4325463944912906,0.47489914102792324,0.6514842275171027,-0.028673960524213258,0.017867618018967028,0.014585018157958984,0.013770793165479387,0.03805978855829914,-100,Strong Bearish,Low,35.49
0.3500320017337799,0.3500320017337799,0.36219900846481323,0.34957700967788696,0.3618920147418976,430500856,-0.0325797639585641,0.37298483078876954,0.3966572204991243,0.42931053595178037,0.47242652440823724,0.6490822177499049,-0.03312230084486636,0.01926544158446636,0.01262199878692627,0.013850292989185877,0.039568647782438605,-100,Strong Bearish,Low,35.11
0.340254008769989,0.340254008769989,0.35550400614738464,0.3377240002155304,0.35004401206970215,497190070,-0.027934568597609677,0.36643866638501343,0.3915296557964756,0.4258181231211219,0.46980924687084613,0.6466214352082322,-0.028332160529732357,0.020124474775415305,0.017780005931854248,0.014413505792617798,0.042361016831873086,-100,Strong Bearish,Low,34.41
0.3490769863128662,0.3490769863128662,0.34957700967788696,0.33099400997161865,0.34025099873542786,513576018,0.025930561625922,0.362966330370584,0.38767032220705655,0.4228086667757001,0.46741850903801485,0.6442505631054802,0.025600065731097858,0.023963563839317407,0.01858299970626831,0.015174576214381627,0.04347057184910252,-100,Strong Bearish,Low,34.13
0.351408988237381,0.351408988237381,0.3539870083332062,0.3439610004425049,0.34909799695014954,345854400,0.006680480283580481,0.3606548619439434,0.3843738373007224,0.42000867938204056,0.4651212908043389,0.6419171641025471,0.006658264760528032,0.024494289567038897,0.010026007890701294,0.01541571957724435,0.04386831325677659,-100,Strong Bearish,Low,34.03
0.3620989918708801,0.3620989918708801,0.36329999566078186,0.3466019928455353,0.3513979911804199,394201921,0.03042040468890317,0.36094368792933074,0.3823488513525549,0.417737711244348,0.46308124528090405,0.6396875372321752,0.02996687885909342,0.026706043595702587,0.016698002815246582,0.01632086294037955,0.04507293117844239,-100,Strong Bearish,Low,33.73
0.35785698890686035,0.35785698890686035,0.36458998918533325,0.35438400506973267,0.36209601163864136,389895509,-0.011715036659180833,0.36032634812483666,0.3801223184029463,0.41538944762327007,0.46099759663983386,0.6374418754925313,-0.011784198386572662,0.026563001273561208,0.010205984115600586,0.015301504305430822,0.042758713060689596,-100,Strong Bearish,Low,34.31
0.4019879996776581,0.4019879996776581,0.41418901085853577,0.35771000385284424,0.3578380048274994,1215554912,0.12332024283109289,0.36865867843540095,0.38211010760973824,0.4148639006450108,0.4598290897692957,0.6355657489920145,0.11628880236217141,0.050951266444518604,0.05647900700569153,0.018383720091411045,0.045732012164921315,-100,Strong Bearish,Low,33.57
0.4034920036792755,0.4034920036792755,0.4102120101451874,0.396356999874115,0.40167200565338135,761857225,0.003741415173645679,0.37562534348417587,0.3840539163433325,0.41441794390125647,0.458713503906127,0.6337165558022716,0.0037344334887307834,0.046887075393190564,0.013855010271072388,0.018203435199601308,0.045114735939279504,-100,Strong Bearish,Low,33.72
0.3886969983577728,0.3886969983577728,0.41426798701286316,0.3885039985179901,0.4035109877586365,719088729,-0.036667406507670974,0.3782396744588953,0.38447601470828163,0.4134092793701395,0.4573270384497239,0.6317642087310007,-0.03735655454510635,0.048542123919948006,0.025763988494873047,0.017840862274169922,0.04589915113712417,-100,Strong Bearish,Low,33.53
0.40450701117515564,0.40450701117515564,0.4107449948787689,0.38010698556900024,0.38867101073265076,618236710,0.040674388750567614,0.3834931418021474,0.38629701438708836,0.41306017081347346,0.45628109731557404,0.6299533944078466,0.039868953721656164,0.04916037395868212,0.030638009309768677,0.018137361322130476,0.04483818777192174,-100,Strong Bearish,Low,33.79
0.4197779893875122,0.4197779893875122,0.4357289969921112,0.40226098895072937,0.40450799465179443,855151911,0.03775207299372152,0.3907501113192204,0.3893407393871269,0.41332361467912204,0.4555582634952164,0.6282786899853738,0.037056905533907766,0.049019233093305005,0.033468008041381836,0.02000764650957925,0.04766244780668924,-60,Bearish,Low,43.08
0.406046986579895,0.406046986579895,0.4211589992046356,0.40037500858306885,0.4198639988899231,577564479,-0.03271015430716551,0.3938094863713554,0.3908594891319239,0.4130382567144465,0.4545778421701605,0.6265079194403103,-0.03325709142670065,0.053643301899654675,0.020783990621566772,0.020729788712092807,0.051052684534611,-60,Bearish,Low,42.24
0.4063360095024109,0.4063360095024109,0.4151740074157715,0.39871299266815186,0.40602999925613403,569992895,0.000711796742909776,0.3963147909975665,0.3922664455292409,0.4127754234904451,0.4536225583549576,0.6247535615921995,0.0007115435357557281,0.052750961323845526,0.01646101474761963,0.02128207470689501,0.05237555670479837,-60,Bearish,Low,41.91
0.40140199661254883,0.40140199661254883,0.4144349992275238,0.39992499351501465,0.4062890112400055,452398724,-0.012142691699670305,0.397332232120563,0.393096950173178,0.41232940675013546,0.4525884878254049,0.6229738678473418,-0.012217016461771688,0.030625963305517142,0.014510005712509155,0.021276716675077165,0.05300600608525225,-60,Bearish,Low,41.75
0.3860760033130646,0.3860760033130646,0.4077480137348175,0.38229599595069885,0.40138500928878784,741360035,-0.0381811586111207,0.3950809863590633,0.392458682276804,0.4112998615173092,0.45127140892417045,0.6210862354606145,-0.038929160614419055,0.03379206706902233,0.025452017784118652,0.02219314660344805,0.05748387989152458,-60,Bearish,Medium,35.63
0.3894200026988983,0.3894200026988983,0.3984470069408417,0.3851360082626343,0.3860599994659424,445099982,0.008661505395667124,0.39394878962703034,0.39218243867881264,0.41044182783815586,0.4500466286028779,0.6192402893828319,0.008624209760640898,0.031112448809113274,0.013310998678207397,0.021873931799616133,0.05617053990040973,-60,Bearish,Medium,35.96
0.4215250015258789,0.4215250015258789,0.4253070056438446,0.38881200551986694,0.389396995306015,909794346,0.08244311695463757,0.3994640320068001,0.3948499443921823,0.4108764621004195,0.4494818439082839,0.6176648687624577,0.07922063166591146,0.04133635560643426,0.03649500012397766,0.023153360400881087,0.05492760884186752,-60,Bearish,Medium,36.27
0.4267350137233734,0.4267350137233734,0.43621399998664856,0.42077499628067017,0.4215250015258789,701622249,0.012359912647256444,0.4049182283501148,0.3977485870586542,0.4114983660856334,0.44903141162739457,0.6161435153358515,0.012284152546969934,0.03922980086106387,0.015439003705978394,0.023540002959115163,0.055163045454654745,-60,Bearish,Medium,36.21
0.4030050039291382,0.4030050039291382,0.4302760064601898,0.4030050039291382,0.42674899101257324,495843423,-0.05560830264942351,0.40453558346591956,0.3982264431377891,0.41116529305988847,0.4481199976135677,0.6144452005039255,-0.05721426526370583,0.043649782237875426,0.027271002531051636,0.024295217224529812,0.06028515027769166,-60,Bearish,Medium,34.93
0.40425899624824524,0.40425899624824524,0.41574299335479736,0.3990289866924286,0.4029659926891327,554735710,0.0031116048358732495,0.40448026602238474,0.39877485705692145,0.4108944578908044,0.4472514629330662,0.6127704100317687,0.003106773812442242,0.04367549533068595,0.016714006662368774,0.024760075977870395,0.06124805188668172,-60,Bearish,Medium,34.69
0.37183400988578796,0.37183400988578796,0.4134860038757324,0.35325801372528076,0.40423399209976196,1420168187,-0.08020844721670939,0.39795101479506545,0.39632568913227295,0.4093626756160979,0.4457580480212389,0.6108505980784142,-0.08360820767224555,0.0539347437160709,0.06022799015045166,0.025027860488210405,0.06730922891076567,-60,Bearish,Medium,33.17
0.3178369998931885,0.3178369998931885,0.3752500116825104,0.3123779892921448,0.37196099758148193,1446651845,-0.1452180504122932,0.38192821181469006,0.3891903537469016,0.4057734334308858,0.44322495795929734,0.6085158283717591,-0.15690887229296682,0.07744994190162388,0.0628720223903656,0.02852907563958849,0.08976008346786529,-100,Strong Bearish,High,12.56
0.36897701025009155,0.36897701025009155,0.37656301259994507,0.31427401304244995,0.3178919851779938,1353707790,0.1609001166449755,0.3793379715017704,0.38735277706537335,0.40433043644340366,0.44175470156901603,0.6066071525301522,0.14919566683990423,0.10260328547374126,0.06228899955749512,0.031138005001204356,0.08439009514467881,-100,Strong Bearish,High,13.9
0.3546670079231262,0.3546670079231262,0.37303200364112854,0.3433910012245178,0.3689669966697693,595121832,-0.038782910396683135,0.3744037787860416,0.38438134350698727,0.40238285101123594,0.4400301927839489,0.6045996613380643,-0.039554995832061214,0.09540086706228071,0.029641002416610718,0.031066790223121643,0.08759424905362312,-100,Strong Bearish,High,13.1
0.3391439914703369,0.3391439914703369,0.3558340072631836,0.33852899074554443,0.35489898920059204,389700815,-0.0437678614193342,0.3673518213229007,0.3802688569582009,0.3999028957351223,0.4380324462232833,0.6024844767176043,-0.0447545726242929,0.09414598653797386,0.01730501651763916,0.029912290828568593,0.08819938309650065,-100,Strong Bearish,High,12.95
0.3301270008087158,0.3301270008087158,0.3448689877986908,0.3273569941520691,0.3391819894313812,405636157,-0.02658749937608662,0.3599068572200637,0.37571050639915676,0.39716658613016514,0.4358957047299255,0.6003142976266969,-0.026947339438088094,0.0935319249455519,0.017511993646621704,0.02967857675892966,0.08990048280275686,-100,Strong Bearish,High,12.52
0.33184900879859924,0.33184900879859924,0.34055599570274353,0.3159460127353668,0.33012300729751587,484659345,0.005216198571049935,0.35429528753577083,0.3717230975263788,0.39460511250931946,0.433835374117424,0.5981751319786642,0.0052026413316824515,0.0936532266973852,0.02460998296737671,0.030260645917483737,0.09118799548938557,-100,Strong Bearish,High,12.2
0.3370090126991272,0.3370090126991272,0.3441289961338043,0.3303369879722595,0.3318740129470825,312070544,0.015549252110798273,0.35083803256844215,0.3685672716329923,0.39234644192852763,0.43191802042597255,0.596094127044166,0.015429601217489377,0.09133923322520487,0.0137920081615448,0.03020936037812914,0.0896396216118388,-100,Strong Bearish,High,12.59
0.3323819935321808,0.3323819935321808,0.3439300060272217,0.32543399930000305,0.3369640111923218,279986402,-0.013729660016770229,0.3471468247611899,0.36527770089655487,0.3899948949325925,0.4299470099924321,0.5939928351436721,-0.013824783477575231,0.06673743112324416,0.018496006727218628,0.029712502445493425,0.08939263565316062,-100,Strong Bearish,High,12.65
0.32485899329185486,0.32485899329185486,0.3340280055999756,0.3199630081653595,0.3324210047721863,238288352,-0.022633597447262344,0.34268925846732295,0.3616032729324912,0.38744054584864196,0.42786605916667814,0.5918483423799126,-0.02289366904348393,0.022201739448823275,0.014064997434616089,0.029766359499522617,0.09162855304664562,-100,Strong Bearish,High,12.09
0.3262209892272949,0.3262209892272949,0.3321560025215149,0.32139700651168823,0.3248690068721771,223268757,0.004192575743828808,0.33939560461931734,0.3583867016865643,0.38503977892231467,0.4258532855045121,0.5897317897651507,0.004183811386426794,0.02132484513278277,0.01075899600982666,0.027928073491368974,0.0856109030799059,-100,Strong Bearish,High,13.6
0.3285120129585266,0.3285120129585266,0.3316879868507385,0.32307401299476624,0.32621699571609497,160053174,0.007022919453032017,0.33721888628715924,0.3556708208931063,0.3828230037864799,0.4239257355531065,0.5876503572806357,0.006998373609524632,0.01647268187173815,0.00861397385597229,0.02744057135922568,0.08352988711767428,-100,Strong Bearish,High,14.12
0.3123070001602173,0.3123070001602173,0.3307340145111084,0.3110789954662323,0.3285129964351654,241625735,-0.04932852425203438,0.3322365090617709,0.35172865537193454,0.3800576703109402,0.42171546356512846,0.5854563863075647,-0.050586727487937515,0.022970975210994858,0.0196550190448761,0.026896572538784573,0.0861222211637469,-100,Strong Bearish,High,13.47
0.3045479953289032,0.3045479953289032,0.3126220107078552,0.2972880005836487,0.3122999966144562,402254597,-0.024844159200189675,0.3266988063151974,0.3474395044589317,0.37709650658615446,0.41939531567926264,0.5832180724352248,-0.025157984039062872,0.022944924125653375,0.015334010124206543,0.02679800135748727,0.08799270318146796,-100,Strong Bearish,High,13.0
0.31192201375961304,0.31192201375961304,0.315869003534317,0.2991040050983429,0.3045240044593811,303965817,0.024212992841230463,0.3237434478040805,0.3442106416680845,0.37454064412236854,0.41726713148283395,0.5810563508521522,0.023924505809658495,0.024803187979944595,0.01676499843597412,0.023693501949310303,0.07595969795055896,-100,Strong Bearish,High,16.01
0.3183169960975647,0.3183169960975647,0.31916600465774536,0.30985400080680847,0.31198298931121826,326001398,0.020501862824212402,0.3226581574627774,0.34185667388894636,0.37233579518021936,0.4153077228613435,0.5789628101768169,0.02029452866953823,0.02738530031031574,0.00931200385093689,0.019867786339351108,0.062415097474913334,-100,Strong Bearish,Medium,24.4
0.31645798683166504,0.31645798683166504,0.3206849992275238,0.3125399947166443,0.3183329999446869,221490892,-0.005840119405153832,0.3214181233365549,0.3395477023382844,0.37014450857831527,0.4133503023459043,0.5768711382776524,-0.005857239590981358,0.02639100687556585,0.008145004510879517,0.016000358121735708,0.05056076568624211,-100,Strong Bearish,Low,32.36
0.31498900055885315,0.31498900055885315,0.3168269991874695,0.3083139955997467,0.3164199888706207,205372207,-0.004641963021755902,0.32013229878101457,0.3373150930856088,0.36798154747951284,0.41140255379566565,0.5747844280169447,-0.004652770390009078,0.026158970606081543,0.008513003587722778,0.014491215348243713,0.04600546470681013,-100,Strong Bearish,Low,33.5
0.3137899935245514,0.3137899935245514,0.3218970000743866,0.31221500039100647,0.3149529993534088,206097213,-0.0038065044562650696,0.31886383772972193,0.3351764476709672,0.3658563885008869,0.409469631810099,0.5727047910887185,-0.0038137676317512993,0.025646250623906505,0.009681999683380127,0.01394671414579664,0.04444601304568187,-100,Strong Bearish,Low,33.89
0.3124539852142334,0.3124539852142334,0.31919100880622864,0.31228798627853394,0.31379300355911255,167898046,-0.004257651097511639,0.3175818672266243,0.33311076926580957,0.36376217660729265,0.40754852989730955,0.570631079488125,-0.00426674070336749,0.016861434459202726,0.006903022527694702,0.01318893049444471,0.04221079300813446,-100,Strong Bearish,Low,34.45
0.3066999912261963,0.3066999912261963,0.31378498673439026,0.3014039993286133,0.31246399879455566,268746809,-0.01841549239351803,0.3154054920265387,0.3307097894440265,0.3615244438472497,0.40555152913154496,0.568528042928269,-0.018587168506967528,0.015337074870085529,0.012380987405776978,0.012315430811473302,0.040154650028634886,-100,Strong Bearish,Low,34.96
0.3093720078468323,0.3093720078468323,0.3123700022697449,0.30496999621391296,0.3066970109939575,184241191,0.008712150952314035,0.31419879519059746,0.3287699911170089,0.3594792502786059,0.40364698415561007,0.5664630546009269,0.008674419156900422,0.012326634462451358,0.007400006055831909,0.01185885923249381,0.03833203693840666,-100,Strong Bearish,Low,35.42
0.3188830018043518,0.3188830018043518,0.32062798738479614,0.3090580105781555,0.3093850016593933,272587134,0.030742904064637866,0.3151356365133483,0.32787117390676734,0.3578872405345175,0.40196848945558517,0.564490305176253,0.030279808336342313,0.015415629138658899,0.011569976806640625,0.011364142809595381,0.035637342678327404,-100,Strong Bearish,Low,36.09
0.31448400020599365,0.31448400020599365,0.31946200132369995,0.31362301111221313,0.3188909888267517,205527704,-0.013795033204865303,0.3150053092518774,0.3266541581157879,0.35618515267849693,0.40023612333183084,0.5624982230649361,-0.013891068908773643,0.016224270713124975,0.005838990211486816,0.010776570865086146,0.03426746943573366,-100,Strong Bearish,Low,36.43
0.31940698623657227,0.31940698623657227,0.31984201073646545,0.311832994222641,0.3144940137863159,189604155,0.015654170092449737,0.3158856446488164,0.32599532430858646,0.3547428716415587,0.3986355463596475,0.5605612410981762,0.015532907445312653,0.01720883393917029,0.008009016513824463,0.010580143758228846,0.03312433420098253,-100,Strong Bearish,Low,36.72
0.3196539878845215,0.3196539878845215,0.3255949914455414,0.3171299993991852,0.31940001249313354,228514876,0.0007733132291798395,0.3166393132959574,0.325418839179126,0.35336683698441995,0.3970715551027143,0.5586416613912945,0.0007730143765658225,0.017037496537831036,0.008464992046356201,0.010569502200399126,0.03306544764339832,-100,Strong Bearish,Low,36.73
0.3227500021457672,0.3227500021457672,0.32365700602531433,0.31883400678634644,0.31963300704956055,174449332,0.009685517398782428,0.31786145106591934,0.3251762176306388,0.3521661767946689,0.39559984118277475,0.556762046576589,0.009638913455706949,0.016907472840622193,0.0048229992389678955,0.009510072214262826,0.029465754147284823,-100,Strong Bearish,Low,37.63
0.31951698660850525,0.31951698660850525,0.3287560045719147,0.3173210024833679,0.32270899415016174,202743238,-0.010017089127087875,0.3181925581744366,0.3246617420831721,0.3508858163952115,0.3940932500030862,0.5548716476923812,-0.010067597747020275,0.015175434811094566,0.011435002088546753,0.009231571640287126,0.02889227185782864,-100,Strong Bearish,Low,37.78
0.3184640109539032,0.3184640109539032,0.3208560049533844,0.31431299448013306,0.3195129930973053,162651156,-0.003295523238932563,0.31824684873032993,0.32409831198051126,0.349614373044572,0.39259564130904295,0.55298792150323,-0.00330096543552134,0.01547581864045291,0.006543010473251343,0.008501429642949785,0.02669510321585551,-100,Strong Bearish,Low,38.33
0.3103199899196625,0.3103199899196625,0.3190059959888458,0.30806100368499756,0.318477988243103,224226547,-0.025572814365575347,0.31666147696819646,0.3228457372477068,0.34807341684359516,0.3909664204894513,0.5510543124866278,-0.025905482544573175,0.01417296163550589,0.010944992303848267,0.008618071675300598,0.027771564692083476,-100,Strong Bearish,Low,38.06
0.31484299898147583,0.31484299898147583,0.31564798951148987,0.30813801288604736,0.31032100319862366,164158396,0.014575306808253918,0.31629778137085235,0.3221182155871404,0.34677026320194343,0.38945902600414484,0.5491721506260291,0.014470107995277454,0.014873479846137249,0.007509976625442505,0.008572712540626526,0.02722853158037321,-100,Strong Bearish,Low,38.19
0.3116770088672638,0.3116770088672638,0.31627601385116577,0.3093680143356323,0.3148230016231537,158935988,-0.010055774225420588,0.31537362687013465,0.3211690149762425,0.3453940571496031,0.3879187880410383,0.5472797590582301,-0.010106675041958653,0.013556309956766158,0.006907999515533447,0.008458069392613001,0.02713729005341906,-100,Strong Bearish,Low,38.22
0.31260600686073303,0.31260600686073303,0.31480100750923157,0.31126001477241516,0.311708003282547,95343947,0.0029806433167640645,0.31482010286825435,0.3203905596930144,0.34410825125592187,0.3864274458394481,0.5454098486821544,0.002976210006699186,0.013696895119765051,0.0035409927368164062,0.008019426039287023,0.025653461108505516,-100,Strong Bearish,Low,38.59
0.30771100521087646,0.30771100521087646,0.3149070143699646,0.30674201250076294,0.31262099742889404,121149579,-0.015658693506927057,0.31339828333677877,0.3192378729219109,0.34268090827376324,0.3848687044408625,0.5435158339931402,-0.015782585878438962,0.013086574998265349,0.00816500186920166,0.008109567420823234,0.02635449263592536,-100,Strong Bearish,Low,38.41
0.3069489896297455,0.3069489896297455,0.3078080117702484,0.30263999104499817,0.3076989948749542,180119689,-0.002476400155427494,0.31210842459537214,0.31812070171353224,0.34127965656223314,0.38332573979113743,0.5416308392173362,-0.0024794715059354307,0.013086687971963828,0.005168020725250244,0.007594355515071324,0.024741425356154284,-100,Strong Bearish,Low,38.81
0.3128649890422821,0.3128649890422821,0.31804800033569336,0.3001750111579895,0.3069410026073456,304333274,0.019273558840094962,0.31225973748475416,0.3176429096525095,0.34016535587517627,0.38193047740007097,0.539808003757774,0.019090176347670518,0.016156560641085355,0.017872989177703857,0.008342425738062178,0.026664619021768338,-100,Strong Bearish,Low,38.33
0.308133989572525,0.308133989572525,0.31520599126815796,0.306782990694046,0.31291601061820984,255357209,-0.015121536878380804,0.3114345879023084,0.31677846237251095,0.33890922386330763,0.3804691608094265,0.5379619956766167,-0.015237033116723508,0.013934892124091944,0.008423000574111938,0.008117641721452986,0.026344518930594474,-100,Strong Bearish,Low,38.41
0.3002009987831116,0.3002009987831116,0.3084929883480072,0.29836198687553406,0.3081200122833252,221898095,-0.025745263612167224,0.30918787007846904,0.31527142022802007,0.33739125425231953,0.37887969225444995,0.5360674857412103,-0.026082473201789403,0.014827680539818651,0.010131001472473145,0.00842421395438058,0.028061911814180485,-100,Strong Bearish,Low,37.98
0.2640700042247772,0.2640700042247772,0.301146000623703,0.26178601384162903,0.3002069890499115,415410448,-0.12035601048895306,0.3001642969077307,0.31061674604590706,0.33451591111398454,0.3766062330855455,0.5339001751315176,-0.1282380107391071,0.048409892662097706,0.039359986782073975,0.01066356897354126,0.04038159882962094,-100,Strong Bearish,Low,34.9
0.2669000029563904,0.2669000029563904,0.2672480046749115,0.26027199625968933,0.2640239894390106,336512356,0.010716850404577816,0.29351143811746266,0.3066424966741328,0.3318643068725103,0.3744338324889286,0.5317726837197635,0.010659831973531065,0.04919574475569626,0.006976008415222168,0.01055721299988883,0.03955493774053575,-100,Strong Bearish,Low,35.11
0.26633501052856445,0.26633501052856445,0.27068498730659485,0.26399800181388855,0.26692599058151245,178941855,-0.00211686932022348,0.288076152599683,0.3029781797518084,0.3292945305452967,0.37229326175704014,0.5296576424991165,-0.0021191130551045005,0.049778071047048754,0.006686985492706299,0.010690354875155858,0.04013875176958501,-100,Strong Bearish,Low,34.97
0.2529439926147461,0.2529439926147461,0.2692889869213104,0.2511399984359741,0.2663480043411255,225101432,-0.05027884951078243,0.2810497206026956,0.2984296172848028,0.3263003918029222,0.3699299098928363,0.5274527528586036,-0.05158686327550368,0.05025198756201369,0.018148988485336304,0.011169925332069397,0.04415967826159084,-100,Strong Bearish,Low,33.96
0.2590070068836212,0.2590070068836212,0.2614690065383911,0.25220999121665955,0.25296100974082947,187028227,0.023969789541946396,0.27664117785888076,0.2948457436119681,0.32366143553157706,0.36773341676394095,0.5253137429305161,0.023687023781668693,0.050989137366028246,0.009259015321731567,0.011363925678389413,0.04387497394422047,-100,Strong Bearish,Low,34.03
0.2531540095806122,0.2531540095806122,0.2592009902000427,0.24921900033950806,0.2589940130710602,204481179,-0.022597833832499137,0.2719437442032271,0.2910555859727539,0.3208964384354608,0.3654645176117958,0.5231451394775288,-0.02285707789367778,0.05077735005352395,0.009981989860534668,0.011295139789581299,0.044617661036826566,-100,Strong Bearish,Low,33.85
0.2565230131149292,0.2565230131149292,0.2567630112171173,0.2481759935617447,0.25315800309181213,174290867,0.013308118405465086,0.2688595979855675,0.2879162611674971,0.31837199038367525,0.36330726009700637,0.5210206603830062,0.013220343287928303,0.05315202883598799,0.00858701765537262,0.011372071291719164,0.044331583173101784,-100,Strong Bearish,Low,33.92
0.259429007768631,0.259429007768631,0.2623080015182495,0.25581398606300354,0.25654101371765137,178906111,0.01132839747364045,0.26697347994218024,0.28532651085850924,0.31606050086935983,0.36125026500139495,0.5189362647446446,0.011264711699492084,0.026203072600883434,0.006494015455245972,0.01134250100169863,0.043721020633954395,-100,Strong Bearish,Low,34.07
0.25936800241470337,0.25936800241470337,0.2603900134563446,0.2573640048503876,0.259427011013031,90666010,-0.00023515240046723118,0.26545238443668484,0.28296664645452685,0.3138372656358439,0.3592327944551238,0.5168679917380316,-0.0002351800531280986,0.0256055901124084,0.0030260086059570312,0.01130571642092296,0.04358948025842546,-100,Strong Bearish,Low,34.1
0.2592700123786926,0.2592700123786926,0.25990501046180725,0.25529998540878296,0.2593710124492645,118238326,-0.0003778031025356565,0.26421591002508643,0.28081240699308735,0.31169737335124975,0.35725333342390736,0.5148154181973197,-0.00037787448810815935,0.025636360595915425,0.004605025053024292,0.011051432362624578,0.04262518546295564,-100,Strong Bearish,Low,34.34
0.265296995639801,0.265296995639801,0.2653070092201233,0.2579900026321411,0.25929298996925354,151542330,0.023245971278411215,0.26443212714802933,0.27940191505187945,0.3098777506958988,0.3554324158440241,0.5128272235952678,0.022979899200519762,0.016272021599557242,0.007317006587982178,0.011204931352819716,0.0422354249651318,-100,Strong Bearish,Low,34.44
0.2603699862957001,0.2603699862957001,0.26596900820732117,0.2574859857559204,0.2653059959411621,164331309,-0.018571674105161917,0.2636196989775635,0.2776717397104086,0.30793626973902827,0.3535499914965325,0.5108156121426816,-0.018746293001018714,0.016831910616722432,0.008483022451400757,0.010534219443798065,0.040458654984274714,-100,Strong Bearish,Low,34.89
0.2483779937028885,0.2483779937028885,0.2608419954776764,0.24796399474143982,0.2603839933872223,209596269,-0.046057507485491755,0.26057135792262853,0.27500867189154315,0.30560065107094436,0.35146737767883657,0.5087244757407708,-0.04715188973390089,0.02363911410316257,0.012878000736236572,0.010852433741092682,0.04369321766112033,-100,Strong Bearish,Low,34.08
0.24413999915122986,0.24413999915122986,0.24845999479293823,0.24109399318695068,0.24838000535964966,214425739,-0.01706268131277422,0.25728508616834883,0.272202428915151,0.303190429427034,0.3493420830545275,0.5066162328994199,-0.01720992619133496,0.02300858239460715,0.007366001605987549,0.010654933750629425,0.043642720519669304,-100,Strong Bearish,Low,34.09
0.2455569952726364,0.2455569952726364,0.24598699808120728,0.24034999310970306,0.24412600696086884,159952057,0.005804030991778619,0.25493946798920636,0.2697801167658315,0.30093029475431254,0.34728693280142076,0.5045360796115571,0.005787252494543245,0.02236534311768499,0.005637004971504211,0.008246149335588728,0.03358140673790708,-100,Strong Bearish,Low,36.6
0.2464659959077835,0.2464659959077835,0.2516860067844391,0.2444310039281845,0.24557699263095856,144122815,0.003701790837348673,0.2532447735729218,0.2676606512332817,0.2987944398975859,0.34529047860550716,0.5024797442832402,0.0036949560717024926,0.022636069675671736,0.007255002856254578,0.008266077509948186,0.033538409546122465,-100,Strong Bearish,Low,36.62
