Adj Close,Close,High,Low,Open,Volume,Return,EMA_9,EMA_21,EMA_50,EMA_100,EMA_250,Log_Return,Volatility,True_Range,ATR,ATR_Percent,EMA_Score,Trend,Volatility_Regime,Market_Score
489.867431640625,489.867431640625,491.66064453125,468.9396057128906,475.127197265625,3112235914,0.03123664937785864,473.31097097618897,486.8039324504776,504.8330691163653,514.8248686371571,522.0025682408286,0.03075871252511871,0.04730715036432851,22.721038818359375,27.818287440708705,0.05678737887828532,-100,Strong Bearish,Medium,25.8
494.9880676269531,494.9880676269531,501.3111267089844,486.305908203125,489.9179992675781,1766015929,0.010453105586502254,477.64639030634186,487.54794473924807,504.44699062658447,514.432060696361,521.7873132558575,0.010398849646151035,0.041400813846155134,15.005218505859375,27.786575317382812,0.05613584879044825,-100,Strong Bearish,Medium,25.97
498.42791748046875,498.42791748046875,505.30096435546875,489.50213623046875,494.9241027832031,1771927950,0.006949359143154199,481.8026957411672,488.5370331702681,504.21094854242307,514.1151469693136,521.6011826122289,0.006925323636898589,0.041698064537945924,15.798828125,27.870956420898438,0.05591772740536866,-100,Strong Bearish,Medium,26.02
475.7098693847656,475.7098693847656,498.94390869140625,468.5765075683594,498.50616455078125,2134608006,-0.045579405364253756,480.5841304698869,487.37092737158605,503.0932591636914,513.354646423085,521.2355147777471,-0.04665082981038845,0.04486279460831266,30.367401123046875,28.50838361467634,0.059928089470891496,-100,Strong Bearish,Medium,25.02
472.00506591796875,472.00506591796875,479.662109375,458.1524658203125,475.7364196777344,2106859289,-0.007787947455427546,478.8683175595033,485.9740308758026,501.8741143305258,512.5358428487262,520.8432402848405,-0.007818431895504853,0.03254851064197013,21.5096435546875,28.867194039481028,0.06115865299737683,-100,Strong Bearish,Medium,24.71
462.82208251953125,462.82208251953125,472.7742919921875,454.75860595703125,471.9172058105469,1780063381,-0.019455264490812585,475.65907055150893,483.8693082979597,500.34266210264366,511.55141195111844,520.3809203026468,-0.019647009185934792,0.025739563381524024,18.01568603515625,26.355340140206472,0.056944863124793244,-100,Strong Bearish,Medium,25.76
440.00543212890625,440.00543212890625,478.35394287109375,439.9780578613281,462.8569641113281,1881741995,-0.04929896660594657,468.5283428669884,479.8816831916821,497.9764962213206,510.1346598754311,519.7404781658042,-0.05055563663546324,0.03012063837214125,38.375885009765625,27.609736851283483,0.06274862725602622,-100,Strong Bearish,Medium,24.31
383.07391357421875,383.07391357421875,444.18023681640625,376.7701721191406,440.067138671875,3647221590,-0.12938821750275242,451.43745700843454,471.0809768628218,493.4705125881009,507.61860549322887,518.6515015555127,-0.1385591161888681,0.05147075708999489,67.41006469726562,29.922156197684153,0.07811065994679608,-100,Strong Bearish,Medium,20.47
358.0961608886719,358.0961608886719,388.9119873046875,340.0548095703125,383.47454833984375,4226932408,-0.06520348110497887,432.769197784482,460.8096299560809,488.161714482241,504.6577650060099,517.3721761318726,-0.06742640022785407,0.04830533368565533,48.857177734375,30.605645315987722,0.0854676722588564,-100,Strong Bearish,Medium,18.63
383.9339599609375,383.9339599609375,388.5939025878906,357.170654296875,358.32659912109375,2786834863,0.07215324232503662,423.0021502197731,453.82093268379515,484.07435155983694,502.2671946090778,516.3089234133791,0.06966900236231408,0.0633078656951215,31.423248291015625,31.689180646623885,0.08253810277644633,-100,Strong Bearish,Medium,19.37
371.36895751953125,371.36895751953125,384.0406188964844,337.85394287109375,384.0406188964844,3210871602,-0.032726988888101105,412.67551167972476,446.32529857795294,479.65453218570735,499.67515031027494,515.154023286735,-0.033274495442162655,0.06317976269808528,46.186676025390625,32.39270237513951,0.08722512132273708,-100,Strong Bearish,Medium,18.19
384.6193542480469,384.6193542480469,387.1768493652344,358.08355712890625,371.3868408203125,2325661159,0.03567987162152275,407.0642801933892,440.71566727523424,475.92766246266183,497.3968177149833,514.1139064019645,0.035058091859318755,0.06817717633990969,29.093292236328125,31.236498151506698,0.08121405697998704,-100,Strong Bearish,Medium,19.7
375.7554626464844,375.7554626464844,400.1520690917969,367.5751037597656,384.58624267578125,2226973227,-0.02304588030649657,400.80251668400825,434.810194127166,471.9993409012431,494.9880780106566,513.0114486827973,-0.02331558843762347,0.06810513507670375,32.57696533203125,31.262625558035715,0.08319939073633109,-100,Strong Bearish,Medium,19.2
390.0882873535156,390.0882873535156,391.80438232421875,360.3316955566406,375.54217529296875,1952844398,0.03814402219487034,398.6596708179097,430.74456623865234,468.78714272290085,492.91085443328745,512.0319812618469,0.03743452482488751,0.0716572620171503,31.472686767578125,32.0581294468471,0.08218172779382779,-100,Strong Bearish,Medium,19.45
386.0843811035156,386.0843811035156,393.3755798339844,376.7521667480469,390.00067138671875,1592850476,-0.010264102716756263,396.14461287503093,426.6845494081854,465.5438971691995,490.795478723787,511.02841472672077,-0.010317141864025749,0.04792181304620258,16.6234130859375,31.622584751674108,0.08190588974692443,-100,Strong Bearish,Medium,19.52
389.1327819824219,389.1327819824219,396.77227783203125,381.68377685546875,386.06573486328125,1330610935,0.00789568557576259,394.74224669650914,423.27075236947957,462.5473828481494,488.7823560160372,510.0571347845351,0.007864677762094707,0.03722973735178641,15.0885009765625,31.628533499581472,0.08127953995150738,-100,Strong Bearish,Medium,19.68
377.6129150390625,377.6129150390625,389.2471923828125,373.0362854003906,389.20220947265625,1289330238,-0.029603948772118027,391.3163803650198,419.1200398848962,459.21661940465583,486.5809809471863,509.0018023562843,-0.030050990581637425,0.029757942036645564,16.210906982421875,31.657967703683035,0.08383708936546344,-100,Strong Bearish,Medium,19.04
375.2773132324219,375.2773132324219,384.9773864746094,366.1120300292969,377.64898681640625,1386778184,-0.006185174589166342,388.10856693850025,415.13433746194397,455.9248819077055,484.3769479231315,507.93626857840496,-0.006204382023362668,0.02667153717428086,18.8653564453125,30.836393083844865,0.08216961696468672,-100,Strong Bearish,Medium,19.46
385.46380615234375,385.46380615234375,387.7675476074219,374.32684326171875,375.09918212890625,1392647608,0.027143908146701756,387.57961478126896,412.4370164337985,453.16170246631884,482.41827184846244,506.960392383775,0.026782045907565288,0.025071245591415808,13.440704345703125,30.260040283203125,0.07850293542539165,-100,Strong Bearish,Medium,20.37
367.4716796875,367.4716796875,386.1147155761719,366.8953857421875,385.48876953125,1290849744,-0.04667656516039498,383.5580277625152,408.3492585477713,449.8013094161691,480.14210170666115,505.8489285375896,-0.047801046925631904,0.03011760897884274,19.219329833984375,30.346014840262278,0.08258055387035186,-100,Strong Bearish,Medium,19.35
370.87774658203125,370.87774658203125,370.87774658203125,360.4913330078125,367.370849609375,1202744039,0.009268923519297534,381.02197152641844,404.94275745997675,446.706267736399,477.9784511101338,504.7734609522863,0.009226230656180414,0.025274704674555785,10.38641357421875,28.346766880580358,0.07643156577017915,-100,Strong Bearish,Medium,20.89
399.02960205078125,399.02960205078125,399.2165222167969,369.817626953125,370.7108459472656,1711084752,0.07590602490495701,384.623497631291,404.4051978773226,444.8365945722572,476.415107564404,503.9308804032703,0.0731631204765309,0.039345083305116504,29.398895263671875,25.631683349609375,0.06423504225720937,-100,Strong Bearish,Medium,23.94
414.20001220703125,414.20001220703125,430.3477783203125,396.9337158203125,399.14886474609375,2039010962,0.03801825748837406,390.5388005464391,405.2956355436597,443.6351599696993,475.1831254781194,503.21589340569074,0.03731337369149028,0.041265948114684335,33.4140625,24.52860369001116,0.05921922493269008,-100,Strong Bearish,Medium,25.2
419.5455627441406,419.5455627441406,421.1134338378906,408.6130676269531,414.2172546386719,1427593921,0.012905722789881224,396.34015298597944,406.5910834709762,442.6904698824225,474.08139156259506,502.5491975438457,0.012823153600746401,0.037530678889718054,12.5003662109375,23.176969255719865,0.05524303273314396,-100,Strong Bearish,Medium,26.19
433.2292785644531,433.2292785644531,438.6415710449219,414.2497253417969,419.66644287109375,1755674427,0.03261556559151946,403.7179781016742,409.0127375703832,442.31944277191394,473.27243882995856,501.99684759181866,0.032094967523261984,0.036699374520301954,24.391845703125,21.620195661272323,0.049904742664006733,-100,Strong Bearish,Medium,27.52
408.7767639160156,408.7767639160156,444.2886047363281,407.164306640625,433.4591064453125,2247004672,-0.05644243327566234,404.7297352645425,408.9912854199861,441.0040436010944,471.99529675245475,501.2540580804577,-0.05809790201855539,0.04689077940606521,37.124298095703125,22.193838936941965,0.05429329868050366,-100,Strong Bearish,Medium,26.43
422.4655456542969,422.4655456542969,427.3935241699219,407.9497985839844,408.51690673828125,1601745132,0.0334871816273139,408.2768973424934,410.21621816855986,440.27704368161216,471.01450960199617,500.62626116869546,0.03293869718644052,0.040221450614358806,19.4437255859375,21.255750383649552,0.05031357137238148,-100,Strong Bearish,Medium,27.42
415.1192321777344,415.1192321777344,434.17144775390625,411.2454833984375,422.5140380859375,2037888603,-0.01738914226764887,409.6453643095416,410.66194671484845,439.2904628383228,469.9076724252781,499.944930260401,-0.01754210930624725,0.042609555949620445,22.92596435546875,20.645270211356028,0.04973335035105456,-100,Strong Bearish,Medium,27.57
400.4223937988281,400.4223937988281,419.2860107421875,393.9773254394531,415.18719482421875,1714654174,-0.03540389661497001,407.80077020739895,409.7310782679375,437.76622483677403,468.53172631386326,499.15192200174306,-0.03604581097285175,0.03797460497737002,25.308685302734375,21.26564679827009,0.05310803573327103,-100,Strong Bearish,Medium,26.72
403.3897399902344,403.3897399902344,407.1397399902344,394.79949951171875,400.4990234375,1372516416,0.007410540063094162,406.91856416396604,409.1545929699645,436.4181273918117,467.24178599062304,498.388876726751,0.007383216914241461,0.03468061610458376,12.340240478515625,21.069342476981028,0.05223073466739906,-100,Strong Bearish,Low,31.94
398.88677978515625,398.88677978515625,406.7127685546875,395.65533447265625,403.2715759277344,1151509777,-0.011162803013252454,405.3122072882041,408.2211554077092,434.9463098386096,465.8882215113069,497.59603133279404,-0.011225574674421519,0.03394534857879654,11.05743408203125,20.701237269810267,0.05189752661384297,-100,Strong Bearish,Low,32.03
403.6607971191406,403.6607971191406,403.9344787597656,391.3836669921875,398.64312744140625,1269083662,0.011968351863041793,404.98192525439146,407.8065773814757,433.7194269868657,464.6559952857194,496.8475434107729,0.011897297513660714,0.030755782743121587,12.550811767578125,20.250198364257812,0.0501663736205747,-100,Strong Bearish,Low,32.46
432.4093933105469,432.4093933105469,436.24810791015625,403.0949401855469,403.6642150878906,2538883559,0.07121968840318438,410.46741886562256,410.04319701139127,433.66805311720617,464.0174487119536,496.33409201555196,0.0687978949899083,0.03487105201774768,33.153167724609375,21.658231462751115,0.05008732880878157,-60,Bearish,Low,42.48
427.9181213378906,427.9181213378906,433.4287414550781,423.0782470703125,432.491943359375,1670788158,-0.01038661981477984,413.9575593600762,411.6681901319821,433.44256559644873,463.30261054613055,495.78894483883755,-0.010440937193707776,0.033535471852729065,10.350494384765625,21.024743216378347,0.049132631145987135,-60,Bearish,Low,42.72
402.4500427246094,402.4500427246094,431.01837158203125,400.8066711425781,427.5499267578125,1644013199,-0.0595162423448089,411.6560560329828,410.8301767313119,432.2271725426511,462.0976092031301,495.045208567011,-0.06136090029428152,0.04101108675825808,30.211700439453125,22.44083513532366,0.05576054852273824,-60,Bearish,Low,41.06
399.5691833496094,399.5691833496094,410.94293212890625,393.8162841796875,402.64984130859375,1554511893,-0.00715830306662768,409.2386814963081,409.80645006024804,430.94646708410045,460.8594225525653,494.28444342583646,-0.007184046645148911,0.03868754161415281,17.12664794921875,21.564246041434153,0.053968741684881576,-100,Strong Bearish,Low,31.51
400.0435791015625,400.0435791015625,406.3809509277344,393.93365478515625,399.52142333984375,1192395484,0.0011872681170661536,407.399661017359,408.9189163367312,429.73458912400093,459.6551484248227,493.53352020412905,0.0011865638716388987,0.03855297068659609,12.447296142578125,20.066619873046875,0.050161084745100705,-100,Strong Bearish,Low,32.46
380.825927734375,380.825927734375,400.1314392089844,376.0079650878906,400.0033874511719,1431745519,-0.048038894688292366,402.08491436076224,406.36500828197154,427.8166024028391,458.09417375768516,492.6354517382346,-0.04923110079040423,0.042659272953256125,24.12347412109375,20.896841866629465,0.0548724242357914,-100,Strong Bearish,Low,31.28
356.6612548828125,356.6612548828125,393.62408447265625,356.1849670410156,380.7365417480469,2164511484,-0.0634533289141418,393.0001824651723,401.84648524568433,425.0261966177401,456.0856011066976,491.5519920023348,-0.06555592269014024,0.04689090084221669,37.439117431640625,21.828789847237722,0.06120314317407414,-100,Strong Bearish,Medium,24.7
374.3074645996094,374.3074645996094,374.8593444824219,350.1475830078125,356.7254638671875,2037210077,0.04947610505827127,389.26163889205975,399.34293791422294,423.03722673467615,454.4662320669533,490.61777266048045,0.04829109209012563,0.04083718875055776,24.711761474609375,20.94218008858817,0.05594913825987863,-100,Strong Bearish,Medium,26.01
366.53948974609375,366.53948974609375,383.24761962890625,366.53948974609375,374.2992858886719,1644707704,-0.020752925303867187,384.7172090628666,396.36080626257484,420.82162920571216,452.72510845663925,489.6291010834734,-0.020971293730795867,0.04059322486545833,16.7081298828125,20.746780395507812,0.05660176045391276,-100,Strong Bearish,Medium,25.85
361.2346496582031,361.2346496582031,368.16851806640625,324.4836730957031,366.34918212890625,2972951900,-0.014472765517203445,380.02069718193394,393.16751929854104,418.4848849097314,450.91341620320486,488.6060377255031,-0.01457851757811062,0.036722011700048615,43.684844970703125,22.229557582310267,0.061537722373376055,-100,Strong Bearish,Medium,24.62
374.9149475097656,374.9149475097656,376.8026123046875,357.3665466308594,361.21600341796875,1839035023,0.037870945836748104,378.9995472475003,391.5081945904705,416.77625991365437,449.40849603105755,487.7001326241825,0.037171447377082674,0.04185155492051921,19.436065673828125,21.810084751674108,0.05817342012245593,-100,Strong Bearish,Medium,25.46
373.6387634277344,373.6387634277344,385.2103271484375,371.47503662109375,374.8885803222656,1319208551,-0.00340392958591762,377.92739048354713,389.8837008484036,415.08459338479474,447.90810528643726,486.7912770927367,-0.003409736134697205,0.04169908016036394,13.73529052734375,21.90973118373326,0.05863880659151906,-100,Strong Bearish,Medium,25.34
360.5310363769531,360.5310363769531,380.9590759277344,359.6255187988281,373.5999755859375,1600855952,-0.03508128260176202,374.44811966222835,387.2152768055444,412.94523820801663,446.17786629813065,485.78521939779023,-0.03571141186615474,0.03983745525414975,21.33355712890625,22.64373997279576,0.062806631574211,-100,Strong Bearish,Medium,24.3
395.6124267578125,395.6124267578125,396.45733642578125,356.6175842285156,360.3821716308594,1868349380,0.09730477224207701,378.6809810813452,387.97865407393243,412.2655201119302,445.1765704656491,485.06671108990196,0.09285696608205429,0.04608091523516523,39.839752197265625,24.592950003487722,0.06216425051416074,-100,Strong Bearish,Medium,24.46
408.4822998046875,408.4822998046875,418.4899597167969,391.3292236328125,395.6241149902344,2885318336,0.03253151866929027,384.64124482601363,389.84262186763743,412.117158531254,444.44995124464,484.4564767370317,0.03201357194333827,0.0444929451027562,27.160736083984375,24.16491917201451,0.05915781218321766,-100,Strong Bearish,Medium,25.21
409.00030517578125,409.00030517578125,414.912841796875,404.5347900390625,408.5185241699219,2045870796,0.0012681219512851172,389.51305689596717,391.58422944110504,411.99492898790214,443.74797805515766,483.8552323421214,0.0012673185637672893,0.04245340044903129,10.3780517578125,24.166887555803573,0.059087700546866496,-100,Strong Bearish,Medium,25.23
402.5506896972656,402.5506896972656,412.80059814453125,397.9063415527344,409.0327453613281,1598018507,-0.01576921923259611,392.1205834562269,392.5811803734832,411.62456666277916,442.93219016688255,483.2073873808078,-0.015894876128311395,0.042612279295224154,14.894256591796875,23.072784423828125,0.057316469737462857,-100,Strong Bearish,Medium,25.67
374.2808837890625,374.2808837890625,402.9167175292969,372.868408203125,402.5751953125,1740563403,-0.07022669847979435,388.552643522794,390.91751704762675,410.1601085108687,441.57275835742075,482.3394471131445,-0.07281448435580398,0.052424563575068396,30.048309326171875,23.995760236467635,0.06411163721092202,-100,Strong Bearish,High,18.97
384.87335205078125,384.87335205078125,386.84405517578125,368.17572021484375,374.441650390625,1321262776,0.02830085297032814,387.8167852283915,390.3680475024589,409.16847100263004,440.4499978364972,481.5628248417313,0.027907782748266427,0.05343572528924358,18.6683349609375,24.440120152064733,0.06350172081760556,-100,Strong Bearish,High,19.12
375.0111999511719,375.0111999511719,387.1640930175781,373.0179443359375,384.91180419921875,1305295273,-0.025624408775144603,385.2556681729476,388.9719704523419,407.8289701770827,439.1541800565897,480.71380791033243,-0.025958432396855774,0.05233650001934135,14.146148681640625,23.727454049246653,0.06327132110277259,-100,Strong Bearish,Medium,24.18
381.3446350097656,381.3446350097656,384.4175720214844,364.4313659667969,375.07159423828125,2058321705,0.016888655750597392,384.4734615403112,388.2785763211986,406.79036879797223,438.00943659031594,479.9220216720809,0.01674762803495697,0.03679106659827929,19.9862060546875,22.480817522321427,0.058951445643769786,-100,Strong Bearish,Medium,25.26
381.95855712890625,381.95855712890625,387.6297912597656,377.70556640625,381.2547607421875,1684540144,0.0016098879144448297,383.9704806580302,387.7040291218993,405.81657226193045,436.8995181851395,479.14143629723486,0.001608593434022324,0.03328677585528615,9.924224853515625,21.424564906529017,0.056091333749851015,-100,Strong Bearish,Low,30.98
393.5557556152344,393.5557556152344,402.028076171875,381.8405456542969,382.0426330566406,2425559108,0.03036245233907464,385.8875356494711,388.236004257657,405.3357559228444,436.0412258570226,478.45947868223885,0.02991063581568284,0.03645390430408451,20.187530517578125,21.67309352329799,0.05506994425584519,-100,Strong Bearish,Low,31.23
372.1590270996094,372.1590270996094,394.40411376953125,364.087890625,393.4803771972656,2105808203,-0.05436771844989563,383.1418339394988,386.7744608796527,404.0347077336979,434.7762318222223,477.6124631317797,-0.055901494217896454,0.04118456668809369,30.31622314453125,20.718191964285715,0.05567026581553384,-100,Strong Bearish,Low,31.08
372.1840515136719,372.1840515136719,379.57171630859375,365.6082763671875,372.1961364746094,1550840418,6.724118519318978e-05,380.95027745433345,385.4480600281999,402.78566239173614,433.5367827072015,476.7723961069342,6.72389246060325e-05,0.030959311892229457,13.96343994140625,20.32729012625558,0.054616230984601645,-100,Strong Bearish,Low,31.35
372.7303771972656,372.7303771972656,379.1956481933594,372.1268615722656,372.1861877441406,1211417865,0.0014678911720473753,379.30629740291994,384.2919070435695,401.60702375665886,432.33269546938095,475.94337603594084,0.0014668148729321292,0.028377997067432107,7.06878662109375,19.851111275809153,0.05325863543797788,-100,Strong Bearish,Low,31.69
361.8498229980469,361.8498229980469,376.92840576171875,361.15087890625,372.60888671875,1242011950,-0.029191487640569447,375.81500252194536,382.25171758488557,400.0479178445565,430.93699502440404,475.03426405954326,-0.02962603677152129,0.028868120553568462,15.77752685546875,19.454251970563615,0.053763331454410083,-100,Strong Bearish,Low,31.56
373.4661560058594,373.4661560058594,373.6095275878906,360.3018493652344,361.83453369140625,1455465550,0.03210263559497495,375.3452332187282,381.45303016861044,399.00549581166644,429.7989586081952,474.22495642564934,0.031598115210145675,0.03119361788846636,13.30767822265625,17.55910382952009,0.04701658650227091,-100,Strong Bearish,Low,33.25
371.62884521484375,371.62884521484375,374.3332824707031,362.68475341796875,373.472412109375,1360640456,-0.004919617913080154,374.6019556179513,380.55992244554074,397.93190167061454,428.6470751746635,473.40745753153936,-0.004931759069553948,0.03113107750983061,11.648529052734375,16.45108904157366,0.04426752458373639,-100,Strong Bearish,Low,33.93
385.5282287597656,385.5282287597656,386.3632507324219,368.4816589355469,371.54278564453125,1788844135,0.037401250532332675,376.7872102463142,381.0115866559248,397.4454831250911,427.79323663179423,472.70722463295954,0.03671878838299287,0.03244275938589771,17.881591796875,16.987056187220983,0.04406177011179675,-100,Strong Bearish,Low,33.98
391.8247375488281,391.8247375488281,392.87042236328125,382.1614685058594,385.4595642089844,1635657390,0.016332160187901623,379.794715706817,381.9946003734615,397.2250617299435,427.0809891252008,472.06274266416165,0.016200225045346062,0.02285659063983176,10.708953857421875,16.688105991908483,0.042590741197979766,-100,Strong Bearish,Low,34.35
397.6455078125,397.6455078125,399.92352294921875,384.2483215332031,391.7787780761719,1666543771,0.014855545619925303,383.3648741279536,383.4174101406468,397.2415498116124,426.4981083071275,471.4697766494074,0.014746282779076855,0.02274952304730475,15.675201416015625,15.661455426897321,0.03938547052386694,-100,Strong Bearish,Low,35.15
399.8535461425781,399.8535461425781,406.00372314453125,395.414794921875,397.5616455078125,1532550954,0.005552780772565047,386.6626085308785,384.9116043226405,397.34398104027775,425.9704932147602,470.8991293943729,0.005537420919110331,0.022562611466741003,10.58892822265625,15.084354945591517,0.0377246996834506,-60,Bearish,Low,45.57
390.76837158203125,390.76837158203125,400.6107177734375,386.7667236328125,399.91973876953125,1334193471,-0.02272125544012893,387.4837611411091,385.44403770985787,397.0861140026995,425.2734214992606,470.26063730025066,-0.022983361019600246,0.020677455834719517,13.843994140625,15.062772478376116,0.03854654975630262,-60,Bearish,Low,45.36
396.44781494140625,396.44781494140625,398.96173095703125,386.5613708496094,390.73895263671875,1657341491,0.014534040552928396,389.27657190116855,386.4443810945441,397.06108266696253,424.7026174090061,469.6724873212957,0.01442943374045242,0.01875345317218007,12.400360107421875,14.520926339285714,0.03662758575534553,-60,Bearish,Low,45.84
404.31494140625,404.31494140625,409.6425476074219,395.57574462890625,396.3555908203125,1795119554,0.019844040421830744,392.2842458021849,388.0689774865174,397.3455477155621,424.2989010525159,469.15171006300847,0.019649714058321686,0.018102534258629815,14.066802978515625,14.816824776785714,0.03664674059596026,-60,Bearish,Low,45.84
408.6097717285156,408.6097717285156,411.0295715332031,398.8558654785156,404.3272705078125,1645651129,0.010622487280157689,395.5493509874511,389.9363224176081,397.78728199057986,423.98822522431783,468.6693041798651,0.010566465043269111,0.014501558327807635,12.1737060546875,14.244408743722099,0.0348606659196252,-60,Bearish,Low,46.28
414.1269836425781,414.1269836425781,416.5054016113281,406.0115661621094,408.55426025390625,1831451218,0.013502398365862422,399.2648775184765,392.13547343805993,398.4280546043837,423.7929531137883,468.2347040162214,0.013412053326320889,0.014285289216976069,10.49383544921875,12.828523908342634,0.030977271259905605,-60,Bearish,Low,47.26
410.8111572265625,410.8111572265625,421.1537170410156,406.2960510253906,414.14825439453125,1678265707,-0.008006786678931843,401.5741334600937,393.8332628733784,398.9136664719202,423.5358878486947,467.7771458744711,-0.008039013130880365,0.015043315353133479,14.857666015625,12.892397199358259,0.031382782508626215,-60,Bearish,Low,47.15
415.9197998046875,415.9197998046875,416.3175354003906,407.98126220703125,410.8162536621094,1082240527,0.01243550105263469,404.4432667290125,395.84112986713376,399.5805736614405,423.38507422406093,467.3639399296919,0.012358815305391771,0.015328376331000239,8.336273193359375,12.982931954520089,0.03121498894887131,-60,Bearish,Low,47.2
430.5032653808594,430.5032653808594,431.02557373046875,412.3829040527344,415.9313659667969,1499505093,0.035063167425595454,409.6552664593819,398.9922330956543,400.7932282386726,423.52602850439354,467.07022937551795,0.03446245618407434,0.01259080333915952,18.642669677734375,13.187585013253349,0.030632950023239666,-60,Bearish,Low,47.34
430.390869140625,430.390869140625,440.7283935546875,428.5652160644531,430.54681396484375,2128699500,-0.0002610810399659158,413.8023869956305,401.846654554288,401.95392003874923,423.66196594273475,466.7779635569132,-0.0002611151275538417,0.013654458742368323,12.163177490234375,13.1058349609375,0.030451006052025067,-60,Bearish,Low,47.39
434.50567626953125,434.50567626953125,441.5075378417969,430.07489013671875,430.07489013671875,1987696098,0.009560628312404562,417.9430448504107,404.81565652840106,403.2304594987799,423.876692879899,466.5208138574122,0.00951521473100974,0.013205366945275371,11.432647705078125,13.090414864676339,0.030127143509527207,-20,Neutral,Low,57.47
442.6848449707031,442.6848449707031,448.9471740722656,427.69207763671875,434.4297180175781,2181737151,0.018824077907093173,422.8914048744692,408.2583100231558,404.77769030160044,424.24913153516246,466.33088581847426,0.018649097439393685,0.013581792915793046,21.255096435546875,13.33137948172433,0.030114831427325236,-20,Neutral,Low,57.47
428.9161071777344,428.9161071777344,451.9610900878906,424.9502868652344,442.65887451171875,2632534284,-0.03110279908922553,424.09634533512224,410.1362915826629,405.72429488497824,424.3415468944213,466.0327600922532,-0.03159676053045896,0.02107878263952177,27.01080322265625,14.495797293526786,0.03379634630396385,-20,Neutral,Low,56.55
446.6042785644531,446.6042785644531,446.7965393066406,414.7493896484375,429.1240234375,2718206274,0.04123923324564993,428.59793198098845,413.451563126462,407.3274314998596,424.7823930661051,465.87795147450186,0.040411574225190774,0.023851188093154875,32.047149658203125,15.66522216796875,0.03507629218941299,-20,Neutral,Low,56.23
436.9553527832031,436.9553527832031,453.5584716796875,436.7767028808594,446.8442077636719,2272901729,-0.02160509033246416,430.2694161414314,415.58827127707485,408.48931076587303,425.0234417733744,465.64749252078633,-0.02184189733373084,0.027039538798736218,16.781768798828125,16.107567923409597,0.036863189387226526,-20,Neutral,Low,55.78
450.348876953125,450.348876953125,455.22845458984375,432.82171630859375,436.8658142089844,2128734028,0.030651928359754166,434.28530830377014,418.74832633853396,410.1308623810594,425.52493553931004,465.5255912015221,0.030191542174506866,0.026357441730822127,22.40673828125,16.719192504882812,0.0371249787897729,-20,Neutral,Low,55.72
447.5249328613281,447.5249328613281,450.4326171875,434.1780090332031,450.2645568847656,2248856403,-0.006270569854425978,436.93323321528175,421.3643814769698,411.59729651754054,425.96057905063714,465.3821596609628,-0.006290312452406902,0.02670901852189677,16.254608154296875,16.994495936802455,0.037974411454899736,-20,Neutral,Low,55.51
445.172607421875,445.172607421875,459.8055725097656,445.0386047363281,447.6300354003906,2268650039,-0.005256300301333172,438.58110805660044,423.5287656537793,412.91397537653404,426.3410152560082,465.22112737220516,-0.005270163247639773,0.026929381476583,14.7669677734375,17.044507707868302,0.038287413519394284,-20,Neutral,Low,55.43
420.1463623046875,420.1463623046875,445.02764892578125,418.8811340332031,445.0011291503906,2323241738,-0.05621694753889239,434.89415890621785,423.2212744402255,413.19759839332437,426.2183488609325,464.86196589756355,-0.057858956556829357,0.034266034271029366,26.291473388671875,18.05291966029576,0.04296816842889597,-20,Neutral,Low,54.26
436.7967834472656,436.7967834472656,438.293701171875,417.6010437011719,420.1826477050781,2125042415,0.039630049517133115,435.2746838144274,424.45541162268364,414.12305663073386,426.42782281313714,464.6383389457684,0.03886492825119717,0.03628549356110188,20.692657470703125,18.781406947544642,0.04299804316167112,-20,Neutral,Low,54.25
421.67724609375,421.67724609375,440.6429748535156,419.43328857421875,436.93450927734375,1951923760,-0.03461458034143472,432.55519627029196,424.2028511200533,414.4192993547737,426.33375198701066,464.2960194808121,-0.03522785877163282,0.03436050823689238,21.209686279296875,19.235122680664062,0.045615747254210595,-20,Neutral,Low,53.6
427.1530456542969,427.1530456542969,428.0207824707031,420.2725524902344,421.66534423828125,1399108286,0.012985760107457889,431.47476614709296,424.4710506231664,414.918661954755,426.3499756239866,464.0000595300032,0.01290216801814633,0.03457104295470212,7.74822998046875,19.193119594029017,0.044932653036875166,-20,Neutral,Low,53.77
418.5906677246094,418.5906677246094,429.3641052246094,418.5906677246094,427.1497497558594,1410282903,-0.020045222706002175,428.8979464625963,423.93647035966114,415.0626621810238,426.1963259626128,463.63823170685265,-0.02024885400063082,0.031567357964030325,10.7734375,18.631031581333705,0.04450895114936258,-20,Neutral,Low,53.87
394.0868835449219,394.0868835449219,419.49078369140625,392.10992431640625,418.658447265625,2192782724,-0.058538773243288156,421.93573387906144,421.2228715583212,414.2400826266669,425.5604954196882,463.0840376975942,-0.06032211414748753,0.036588191429114444,27.380859375,19.718008858816965,0.05003467428666479,-20,Neutral,Medium,47.49
413.8739318847656,413.8739318847656,416.63580322265625,393.16680908203125,394.2887878417969,2140526232,0.05020986276390049,420.32337348020235,420.55478613345247,414.22572377404333,425.32907831998676,462.69192530067926,0.04899001349717756,0.04463778104546828,23.468994140625,20.577747889927455,0.0497198453553651,-60,Bearish,Low,42.57
423.1301574707031,423.1301574707031,424.3359375,411.05926513671875,413.8126525878906,1932053164,0.022364843187356653,420.8847302783025,420.78891080047526,414.57491725234377,425.28553533287226,462.37669209087863,0.02211841749606482,0.04051505016372001,13.27667236328125,20.007860456194198,0.047285356770108054,-20,Neutral,Low,53.18
414.6637268066406,414.6637268066406,426.8072204589844,412.047119140625,423.0670166015625,1615484732,-0.020009045714612483,419.6405295839702,420.2320758919448,414.5783999799633,425.0752024907687,461.99650910056596,-0.02021193768115227,0.037344614922140834,14.760101318359375,19.13281032017299,0.04614054493629412,-60,Bearish,Low,43.46
417.2937316894531,417.2937316894531,419.7969665527344,413.2726135253906,414.6671142578125,1242920077,0.006342500471566259,419.17117000506676,419.96495369171834,414.6848835764139,424.9211139600495,461.64031167099535,0.006322471460182064,0.03544333859070808,6.52435302734375,17.30975341796875,0.04148098114938985,-60,Bearish,Low,44.63
417.47845458984375,417.47845458984375,418.6585998535156,411.91290283203125,417.29388427734375,1022481382,0.0004426687639009774,418.8326269220222,419.7389083188206,414.7944353808621,424.77373456658006,461.2884243635758,0.00044257081498859385,0.034908771234864855,6.745697021484375,16.592891148158483,0.039745502949272794,-60,Bearish,Low,45.06
407.3777160644531,407.3777160644531,417.88067626953125,406.1683044433594,417.4115295410156,1088306780,-0.02419463427235835,416.5416447505084,418.61516356842355,414.50358364296375,424.42925895267655,460.85885696677,-0.024492132816951603,0.03528747542535785,11.712371826171875,15.829007829938616,0.0388558509848247,-60,Bearish,Low,45.29
416.9684143066406,416.9684143066406,417.94696044921875,397.149658203125,407.43292236328125,1925668122,0.023542520525767108,416.6269986617349,418.46545909007966,414.6002436689903,424.28151945473525,460.5091323240598,0.023269669492485316,0.0258979637084776,20.79730224609375,16.153485979352677,0.03874031083676598,-60,Bearish,Low,45.31
422.3870544433594,422.3870544433594,424.2740173339844,415.0993957519531,417.0076599121094,1854452731,0.012995325187230788,417.7790098180598,418.82196775855965,414.90560879739695,424.24400529609414,460.2053707473212,0.012911610435790203,0.019090773062383364,9.17462158203125,15.754032679966517,0.03729762196601382,-60,Bearish,Low,45.68
418.354248046875,418.354248046875,430.97515869140625,415.7283935546875,422.3642883300781,2035166767,-0.00954765624102516,417.8940574638229,418.7794477847701,415.0408495522785,424.127376439674,459.87189566604275,-0.009593527318556028,0.017466024765424217,15.24676513671875,14.965124947684151,0.0357714186423353,-60,Bearish,Low,46.06
405.0214538574219,405.0214538574219,425.47412109375,402.0796813964844,418.3168640136719,2190281843,-0.03186962783740932,415.3195367425427,417.5287210641021,414.6479320740488,423.74904133903533,459.43484035282665,-0.03238851878821707,0.02004242665063875,23.394439697265625,15.158109392438616,0.03742544807953473,-60,Bearish,Low,45.64
406.9875183105469,406.9875183105469,413.28125,404.1090393066406,404.96697998046875,1895749713,0.004854222990906321,413.6531330561436,416.570429904688,414.3475236911664,423.4171299919365,459.0169334042826,0.004842479239674558,0.019930744153729446,9.172210693359375,14.298289707728795,0.035132010355213544,-60,Bearish,Low,46.22
401.6524658203125,401.6524658203125,407.8970642089844,399.2784118652344,406.99334716796875,1354484386,-0.013108639086478191,411.2529996089774,415.21425135156295,413.8496782844662,422.9861465429934,458.5598460131753,-0.013195315603233882,0.020138327984045152,8.61865234375,14.360462733677455,0.0357534534347958,-60,Bearish,Low,46.06
399.1053771972656,399.1053771972656,405.4305725097656,398.34661865234375,401.5250244140625,1222468479,-0.006341523679793237,408.82347512663506,413.74980824662686,413.2714703986937,422.5132600212958,458.0861052257975,-0.006361716555417255,0.01838092779974099,7.083953857421875,14.096928187779017,0.03532131861208008,-60,Bearish,Low,46.17
404.35028076171875,404.35028076171875,404.8739013671875,383.190673828125,399.1299133300781,1910707893,0.013141650962674722,407.9288362536518,412.8953057479988,412.9216198246947,422.1535970656606,457.65793132568535,0.013056048622764488,0.016234551676936687,21.6832275390625,13.689954485212054,0.03385667115012952,-100,Strong Bearish,Low,36.54
385.4830627441406,385.4830627441406,407.0845031738281,382.08099365234375,404.26885986328125,1671963898,-0.0466605785014812,403.43968155174963,410.40328365673895,411.8455979783984,421.4274478711751,457.0828327712507,-0.047784277669482594,0.020971471088699567,25.003509521484375,13.799562726702009,0.035798103886762175,-100,Strong Bearish,Low,36.05
391.4458312988281,391.4458312988281,394.4585266113281,384.07769775390625,385.5621643066406,1512587369,0.015468302322390715,401.04091150116534,408.67987889692887,411.0456071282192,420.8337524935049,456.5598287754545,0.015349887688402708,0.023611696601347276,10.380828857421875,13.592716761997767,0.03472438757847224,-100,Strong Bearish,Low,36.32
406.71820068359375,406.71820068359375,408.2324523925781,388.8776550292969,391.43865966796875,2116381172,0.039015281716224814,402.17636933765107,408.50154451389835,410.8759049147045,420.5542366160809,456.1626843285074,0.03827342010923992,0.02704875859243299,19.35479736328125,13.920909336635045,0.03422740687099177,-100,Strong Bearish,Low,36.44
393.0621643066406,393.0621643066406,410.17578125,390.53997802734375,406.6417236328125,1928209754,-0.03357616244859629,400.35352833144896,407.0979644950568,410.1773268516432,420.0098391446068,455.65989134028536,-0.03415278576535315,0.029894591509337383,19.63580322265625,14.85744149344308,0.03779921560156145,-100,Strong Bearish,Low,35.55
377.767822265625,377.767822265625,399.59307861328125,377.767822265625,392.99853515625,1467605770,-0.03891074600882727,395.83638711828416,404.43158792874476,408.90636588748566,419.17336356284477,455.0392374034355,-0.03968799816309815,0.032658204423074155,21.82525634765625,15.934552873883929,0.04218081036737865,-100,Strong Bearish,Low,34.45
390.281982421875,390.281982421875,391.0769958496094,377.2899475097656,377.7656555175781,1553846706,0.03312659103996096,394.72550617900237,403.1452601553929,408.1759979084421,418.60125700559786,454.5232433398374,0.03258972961854622,0.036254915222677146,13.78704833984375,16.08274405343192,0.041208010561059646,-100,Strong Bearish,Low,34.7
389.670654296875,389.670654296875,392.2167053222656,382.7744140625,390.2612609863281,1388077917,-0.0015663754734626112,393.7145358025769,401.92029598643677,407.4502981589689,418.02837378364296,454.0064896422839,-0.0015676035220822345,0.03557750375085376,9.442291259765625,15.271671840122767,0.03919122898202099,-100,Strong Bearish,Low,35.2
383.4757995605469,383.4757995605469,391.7547607421875,380.3462219238281,389.6341552734375,1295877765,-0.015897668115414487,391.6667885541709,400.2435235840831,406.5101217433445,417.3441643930866,453.44449211175214,-0.01602539151940559,0.030982497770976364,11.408538818359375,15.431237357003349,0.04024044639762702,-100,Strong Bearish,Low,34.94
402.5026550292969,402.5026550292969,402.8627014160156,383.42803955078125,383.4835510253906,1714496792,0.04961683498816427,393.83396184919616,400.4488991700116,406.3529661859309,417.0502731185561,453.03858105930226,0.04842517851137837,0.03596740234522705,19.434661865234375,15.730372837611608,0.03908141385170899,-100,Strong Bearish,Low,35.23
378.77362060546875,378.77362060546875,412.4003601074219,372.5527648925781,402.4652099609375,2389487319,-0.05895373391288805,390.8218936004507,398.4784193005077,405.2714232219912,416.29231960344543,452.4468283863634,-0.0607629736690546,0.03953102465288018,39.84759521484375,16.90559823172433,0.044632459369004555,-100,Strong Bearish,Medium,28.84
379.3042907714844,379.3042907714844,382.68109130859375,371.97332763671875,378.7567443847656,1834770716,0.001401021974992256,388.5183730346575,396.73531670696013,404.25310430236345,415.55988338895116,451.86401932170304,0.0014000414594141214,0.03819740072290635,10.707763671875,17.01528058733259,0.04485918298663174,-100,Strong Bearish,Medium,28.79
365.6841125488281,365.6841125488281,380.3874206542969,361.1955871582031,379.2881774902344,1527960119,-0.035908315708618965,383.95152093749164,393.9124799653117,402.74059482183264,414.57224436241404,451.17732683745703,-0.03656888070800831,0.03774201078357068,19.19183349609375,17.7705078125,0.04859524163803312,-100,Strong Bearish,Medium,27.85
355.39874267578125,355.39874267578125,366.50958251953125,351.1437683105469,365.7330017089844,1875845651,-0.02812637880644464,378.2409652851496,390.4112311208089,400.88405160041884,413.40049185376785,450.41415086804125,-0.028529502323140235,0.034634371631704554,15.365814208984375,18.362069266183035,0.05166610643564982,-100,Strong Bearish,Medium,27.08
299.34893798828125,299.34893798828125,358.9507141113281,299.34893798828125,355.3774108886719,2943374129,-0.15770963134394766,362.462559825776,382.13284083603367,396.90228243915857,411.1420452425701,449.2104439925053,-0.1716304683028863,0.06827736403882248,59.601776123046875,21.07053702218192,0.07038787965570394,-100,Strong Bearish,High,17.4
319.32696533203125,319.32696533203125,332.4388427734375,290.5867919921875,298.8207092285156,3210603809,0.0667382602991966,353.8354409270271,376.42321579021524,393.86011314083987,409.323924848302,448.1755158756888,0.06460563791568665,0.07856407951589092,41.85205078125,22.274004255022323,0.06975297006897666,-100,Strong Bearish,High,17.56
269.9627685546875,269.9627685546875,322.7668151855469,262.6204528808594,319.1227722167969,3870618668,-0.15458825009035992,337.0609064525592,366.7449933142581,389.0013937453045,406.56429799100266,446.7554939846848,-0.16793149230676127,0.08649332458930273,60.1463623046875,25.828685215541295,0.09567499012482926,-100,Strong Bearish,High,11.08
269.4072570800781,269.4072570800781,283.4751281738281,216.3614959716797,269.88800048828125,4739990237,-0.0020577336555831494,323.530176578063,357.8961082020599,384.3114276015701,403.8483169828655,445.3423606228951,-0.0020598536983032407,0.08888713995533358,67.11363220214844,29.240030561174667,0.10853468046142281,-100,Strong Bearish,High,10.0
290.5841979980469,290.5841979980469,312.68878173828125,265.7095947265625,269.1427307128906,2774121165,0.07860568103283927,316.94098086205975,351.77684363805866,380.6358499700594,401.605463141582,444.109227852976,0.07566917095035933,0.09964210649009576,46.97918701171875,31.19312940325056,0.10734626871713175,-100,Strong Bearish,High,10.0
297.3876037597656,297.3876037597656,298.8028564453125,272.6511535644531,290.6180725097656,1884570404,0.02341285523641745,313.03030544160094,346.83236728548655,377.3712128637734,399.54174315382323,442.9401312466556,0.02314297861191367,0.10231157688589848,26.151702880859375,31.502161298479354,0.10592963829093326,-100,Strong Bearish,High,10.0
312.0077209472656,312.0077209472656,312.1765441894531,286.6437683105469,297.3973693847656,1611088257,0.049161824510043584,312.8257885427339,343.6664903456483,374.8079386709692,397.80839617943593,441.8968451088119,0.047991583016979575,0.10644134942606633,25.53277587890625,32.341141836983816,0.10365494077773157,-100,Strong Bearish,High,10.0
297.7101135253906,297.7101135253906,312.1442565917969,290.4618225097656,312.0841369628906,1754184298,-0.045824530811183095,309.8026535392653,339.48863790744304,371.7844945476132,395.8262519684647,440.747946849183,-0.0469076944795798,0.08479362896507046,21.68243408203125,33.215437752859934,0.11156973258158094,-100,Strong Bearish,High,10.0
305.96343994140625,305.96343994140625,310.1944580078125,296.9617919921875,297.6993103027344,1584497815,0.027722694127795267,309.03481081969346,336.44089263780336,369.20327671991885,394.04679034416654,439.67396671445965,0.02734537784917064,0.0810934276269552,13.232666015625,33.34573255266462,0.1089860035534001,-100,Strong Bearish,High,10.0
287.43878173828125,287.43878173828125,307.7114562988281,287.43878173828125,305.9898681640625,1520090732,-0.0605453324968257,304.71560500341104,331.98615528330134,365.9968259363252,391.9357406688025,438.4609373520997,-0.06245571301903375,0.04975874711341954,20.272674560546875,33.4055906023298,0.1162181052964045,-100,Strong Bearish,High,10.0
306.79156494140625,306.79156494140625,307.9598083496094,287.214599609375,287.4504699707031,1646882950,0.0673283649690184,305.13079699101013,329.69573797949266,363.675050995348,390.2497173870719,437.4117790061978,0.0651586709633664,0.05361415060343876,20.745208740234375,32.04113442557199,0.10443942430976381,-100,Strong Bearish,High,10.0
302.3592224121094,302.3592224121094,315.27386474609375,294.76080322265625,306.78106689453125,1756670714,-0.014447406760167647,304.57648207523,327.21060020063965,361.2705086979661,388.5093115459835,436.33566301740024,-0.014552786751098406,0.04816574341710093,20.5130615234375,32.74151284354074,0.10828680065499949,-100,Strong Bearish,High,10.0
312.4660339355469,312.4660339355469,313.66015625,300.13006591796875,302.3659362792969,1318736979,0.03342650322622576,306.1543924472934,325.8701850856312,359.3566077268908,387.0035040685491,435.3486540207321,0.032879983170901086,0.048889461840887626,13.53009033203125,32.337102617536274,0.10348997684723238,-100,Strong Bearish,High,10.0
319.6090087890625,319.6090087890625,322.8570251464844,311.82733154296875,312.488037109375,1604297406,0.022860004217255314,308.84531571564725,325.30098724048855,357.7978783567799,385.66895960756915,434.42642577187416,0.02260262933243253,0.04621589932662983,11.029693603515625,32.02737971714565,0.10020800051441377,-100,Strong Bearish,High,10.0
316.76055908203125,316.76055908203125,336.3075256347656,316.3497314453125,319.5171203613281,2228144099,-0.008912294799897746,310.428364388924,324.5245846806288,356.1885717185545,384.3044368248852,433.4888491448635,-0.008952246852652708,0.041288486366812496,19.957794189453125,29.19566672188895,0.09216951380089013,-100,Strong Bearish,High,11.96
328.1893310546875,328.1893310546875,329.81866455078125,313.5509033203125,316.850830078125,2002782969,0.036080161007976175,313.98055772207675,324.85774344190685,355.0905622807558,383.193246611614,432.6498091600812,0.03544451633428696,0.04200015357707041,16.26776123046875,27.36821746826172,0.08339155139598747,-100,Strong Bearish,High,14.15
325.73480224609375,325.73480224609375,336.6660461425781,324.5485534667969,328.1956787109375,2008481372,-0.007479002442601468,316.33140662688015,324.9374760604693,353.9393560048867,382.05545563407895,431.797896754392,-0.007507110415464524,0.029460275861073124,12.11749267578125,23.937583923339844,0.07348795326222132,-100,Strong Bearish,High,16.63
304.96392822265625,304.96392822265625,330.892333984375,298.7865905761719,325.7552795410156,2686414043,-0.0637662106726472,314.0579109460354,323.1216989843045,352.01875099381886,380.5288907348429,430.78726752306346,-0.06589005877072217,0.03543296145829217,32.105743408203125,21.437020438058035,0.07029362640688022,-100,Strong Bearish,High,17.43
300.9720458984375,300.9720458984375,308.86492919921875,292.1418762207031,304.79083251953125,2593113824,-0.013089686860618621,311.44073793651586,321.10809415831653,350.01691942145095,378.95350766877544,429.75288328701066,-0.013176111823939038,0.035347971014298034,16.723052978515625,19.275868007114955,0.06404537653845621,-100,Strong Bearish,High,18.99
307.8154296875,307.8154296875,309.20904541015625,297.7169189453125,302.4350280761719,1471633413,0.022737605974781472,310.71567628671266,319.899670115515,348.3619590397274,377.544832857265,428.7812701109189,0.0224829594208037,0.03389238363279909,11.49212646484375,18.228755405970983,0.059219758491239886,-100,Strong Bearish,High,20.2
305.9750671386719,305.9750671386719,307.94439697265625,299.3061828613281,307.7525329589844,1208835000,-0.005978785893535288,309.76755445710455,318.63379711762013,346.6997279847841,376.1276097737285,427.80273462906837,-0.00599673039388242,0.03208807268794644,8.638214111328125,17.022000994001115,0.055631987119677706,-100,Strong Bearish,Medium,26.09
321.7528991699219,321.7528991699219,323.2577819824219,304.3365783691406,305.944091796875,2064357375,0.051565744159471905,312.164623399668,318.91735184964756,345.72142097243653,375.05088283107887,426.95771601983216,0.05028023837103895,0.038432609546181655,18.92120361328125,16.82477024623326,0.052290967042220436,-100,Strong Bearish,Medium,26.93
320.485107421875,320.485107421875,323.70135498046875,314.2755126953125,321.7203063964844,1711532960,-0.003940265188962067,313.82872020410946,319.0598750834864,344.7317616175126,373.9703724269362,426.1093287003265,-0.003948048486072382,0.03553399034328014,9.42584228515625,16.55285426548549,0.05164937116312213,-100,Strong Bearish,Medium,27.09
300.5040588378906,300.5040588378906,323.88507080078125,297.9685974121094,320.4720153808594,1763624947,-0.062346262341863024,311.1637879308657,317.3729826975232,342.99734190066465,372.5155939400244,425.10848989664174,-0.06437454774659637,0.042457352796276625,25.916473388671875,16.955982753208705,0.05642513721372312,-100,Strong Bearish,Medium,25.89
308.1017761230469,308.1017761230469,309.0408935546875,298.67120361328125,300.4664611816406,1228180850,0.02528324347610522,310.55138556930194,316.53014573620715,341.62888834075807,371.24007279513376,424.17616548410314,0.024968909515499665,0.03654062247974912,10.36968994140625,16.214874267578125,0.05262830507378308,-100,Strong Bearish,Medium,26.84
298.39788818359375,298.39788818359375,309.8567199707031,293.8630676269531,308.1941833496094,1115211127,-0.031495722165449935,308.1206860921603,314.88175868596954,339.9335550012614,369.7976532978755,423.1739481350951,-0.03200237917576531,0.03844102547703198,15.99365234375,15.892059326171875,0.053257948381973966,-100,Strong Bearish,Medium,26.69
301.6311340332031,301.6311340332031,302.6377868652344,295.2839050292969,298.5028381347656,805954970,0.01083535097815469,306.8227756803689,313.67715644480893,338.4314992770238,368.4478212332285,422.205479496833,0.010777069187224136,0.03748028977237792,7.3538818359375,15.450901576450892,0.05122449188136553,-100,Strong Bearish,Medium,27.19
298.9347229003906,298.9347229003906,301.9407653808594,295.4252624511719,301.597900390625,779603321,-0.008939432401284142,305.2451651243733,312.3369352134982,336.88260608578327,367.07132423653866,421.2232423924789,-0.008979628862122434,0.03753828628580057,6.5155029296875,15.12845938546317,0.05060790275107717,-100,Strong Bearish,Medium,27.35
295.3960266113281,295.3960266113281,311.69970703125,289.42828369140625,298.9845886230469,1470941103,-0.011837689026984122,303.2753374217643,310.79685261330087,335.2556814005105,365.65201141227703,420.2206350954179,-0.01190831236578652,0.02916145038751283,22.27142333984375,15.293718610491071,0.05177360977374965,-100,Strong Bearish,Medium,27.06
290.34112548828125,290.34112548828125,295.3734130859375,274.4277648925781,295.3734130859375,1752763456,-0.017112285432660634,300.68849503506766,308.9372410564809,333.4943262666976,364.16070674051474,419.1857386045244,-0.01726039265610962,0.028966309373764983,20.96826171875,15.629468645368304,0.05383139787408154,-100,Strong Bearish,Medium,26.54
288.6160888671875,288.6160888671875,294.0399475097656,284.3733215332031,290.298828125,1136631692,-0.005941413288223174,298.27401380149166,307.08986358472697,331.73439538828546,362.66477371332013,418.1453429890874,-0.005959133708577199,0.018649705840574772,9.6666259765625,15.45440673828125,0.05354658778358301,-100,Strong Bearish,Medium,26.61
289.9196472167969,289.9196472167969,292.98065185546875,286.4792785644531,288.6175537109375,800984464,0.004516582407882552,296.60314048455274,305.52893482400606,330.09460134234473,361.22427615893355,417.1236242976748,0.004506413257931055,0.014070831572818104,6.501373291015625,13.625523158482142,0.04699758463866097,-100,Strong Bearish,Medium,28.25
286.04669189453125,286.04669189453125,297.2312927246094,283.4785461425781,289.8885803222656,1362797648,-0.013358719767513683,294.49185076654845,303.75782183041747,328.36723234439125,359.7356111239949,416.0791865892832,-0.013448750157251504,0.01014817289459822,13.75274658203125,13.413358415876116,0.046892199056865085,-100,Strong Bearish,Medium,28.28
269.48699951171875,269.48699951171875,290.3717956542969,265.6297912597656,286.1053771972656,1220361307,-0.05789157103385856,289.4908805155825,300.6422925287176,326.05820360585506,357.9485099039498,414.91112135360544,-0.05963490597025493,0.020409944504862252,24.74200439453125,14.359778267996651,0.053285606704646285,-100,Strong Bearish,Medium,26.68
255.9508819580078,255.9508819580078,271.3798828125,251.99143981933594,269.6625671386719,1380200465,-0.05022920429644817,282.78288080406753,296.57943702228937,323.3088968745669,355.9287548951193,413.64450590025405,-0.05153459117775137,0.02396451518506847,19.388442993164062,15.127651759556361,0.05910372976186211,-100,Strong Bearish,High,20.22
222.5057830810547,222.5057830810547,256.85430908203125,214.6053009033203,255.667724609375,2471570710,-0.13066998879277247,270.727461259465,289.8454684821771,319.35583358854683,353.28671584929623,412.1214881885473,-0.14003246607508374,0.04980815550517254,42.24900817871094,16.79392351422991,0.07547634619506585,-100,Strong Bearish,High,16.13
223.22125244140625,223.22125244140625,230.36563110351562,205.39317321777344,222.5522003173828,2027226914,0.003215509055290111,261.22621949585323,283.7887215693798,315.5858500141492,350.7111621184469,410.6163070272155,0.00321035036164038,0.0519534544641257,24.972457885742188,17.904396057128906,0.0802091909318924,-100,Strong Bearish,High,14.95
233.39671325683594,233.39671325683594,234.01708984375,199.29222106933594,223.18943786621094,2244407305,0.04558464171372156,255.66031824804978,279.2076299046031,312.36274661190157,348.3881037251477,409.20419871032004,0.044576194728913235,0.05996872564676552,34.72486877441406,18.53356715611049,0.07940800406951601,-100,Strong Bearish,High,15.15
209.5387420654297,209.5387420654297,236.3285369873047,208.0655975341797,233.46786499023438,1483212957,-0.10222068193887679,246.43600301152577,272.8740946464964,308.3304327081184,345.63861141505424,407.61323889641653,-0.10783098914254492,0.0639869388485049,28.262939453125,19.811656406947545,0.0945488944510378,-100,Strong Bearish,High,11.36
215.8917999267578,215.8917999267578,221.64134216308594,208.10292053222656,209.70867919921875,1108538874,0.030319251698782912,240.32716239457218,267.69388603561106,304.70538828531994,343.06936762320674,406.08557802813243,0.02986870732161856,0.06955542860216722,13.538421630859375,19.636282784598215,0.09095427798211839,-100,Strong Bearish,High,12.26
197.04299926757812,197.04299926757812,218.55020141601562,184.54005432128906,215.81561279296875,1579731402,-0.08730670023397935,231.67032976917338,261.2710781476081,300.483333814036,340.17775636863985,404.4199001097216,-0.09135538059940959,0.07202240874863286,34.01014709472656,21.540301731654576,0.1093177723223931,-100,Strong Bearish,High,10.0
214.9205322265625,214.9205322265625,216.0824737548828,190.12149047851562,196.95579528808594,1333254615,0.09072909479370672,228.32037026065123,257.05739215478576,297.1279298302135,337.6974152965195,402.9099449871466,0.08684636693711767,0.08722893413790586,25.960983276367188,22.929264613560267,0.10668717584129633,-100,Strong Bearish,High,10.0
216.93426513671875,216.93426513671875,218.0797119140625,205.1668243408203,214.87974548339844,1235838900,0.009369662773929033,226.04314923586475,253.40983515314332,293.9830802343902,335.3060657884047,401.4280670600516,0.009326039760592821,0.07118076882106279,12.912887573242188,22.26079777308873,0.10261540637233717,-100,Strong Bearish,High,10.0
219.49862670898438,219.49862670898438,227.6422119140625,213.55081176757812,216.90110778808594,1165714518,0.011820915292701573,224.73424473048868,250.32699802185613,291.06212127260955,333.0128491729706,399.9784300851427,0.011751594032578158,0.07139032047203352,14.091400146484375,21.769593375069753,0.09917872244336322,-100,Strong Bearish,High,10.21
214.2619171142578,214.2619171142578,220.5269317626953,211.59193420410156,219.67340087890625,1050984086,-0.023857596164688077,222.63977920724253,247.04835430298354,288.0503485605173,330.6613455678476,398.4986172327851,-0.024146797643259707,0.06852078966923672,8.93499755859375,21.7173342023577,0.10135881585889417,-100,Strong Bearish,High,10.0
228.95375061035156,228.95375061035156,229.77142333984375,214.2310333251953,214.2310333251953,1148541185,0.06856950452963195,223.90257348786434,245.40339033092607,285.7328349154128,328.647333786511,397.1476621202557,0.0663208423555777,0.05897050517696286,15.540390014648438,22.36297825404576,0.09767465348101913,-100,Strong Bearish,High,10.58
240.23831176757812,240.23831176757812,242.81625366210938,228.63003540039062,228.92286682128906,1127877901,0.04928751386314412,227.1697211438071,244.93383773425808,283.9487359684389,326.8966600831658,395.89738841226625,0.04811137561902379,0.060247110781696034,14.18621826171875,22.39394051688058,0.093215525667471,-100,Strong Bearish,High,11.7
239.69065856933594,239.69065856933594,241.4977264404297,230.4462127685547,240.26217651367188,915553554,-0.002279624736840513,229.67390862891287,244.4571850829015,282.2131250900427,325.1698085680404,394.6527132740756,-0.002282227036908204,0.039968482997755315,11.051513671875,21.416048322405135,0.08934869823560546,-100,Strong Bearish,High,12.66
233.85874938964844,233.85874938964844,244.66546630859375,233.63218688964844,239.61257934570312,823875890,-0.02433098233571951,230.51087678106,243.4936909289694,280.3168750625763,323.3616687823297,393.37148647021564,-0.02463187132927175,0.034434564330571585,11.033279418945312,20.819250924246653,0.089024896346975,-100,Strong Bearish,High,12.74
233.65402221679688,233.65402221679688,240.6182098388672,230.507080078125,233.8336639404297,841135242,-0.0008754308888843099,231.13950586820738,242.59917559149915,278.4869592647026,321.58527974142805,392.0988373526585,-0.0008758143022892069,0.03478388567684524,10.111129760742188,18.523688180106028,0.07927827650627278,-100,Strong Bearish,High,15.18
226.92733764648438,226.92733764648438,241.42324829101562,226.1501007080078,233.57284545898438,1082126615,-0.028789080994595984,230.29707222386278,241.17446305104326,276.4650133188901,319.71086504647866,390.78272978527866,-0.029211615942117002,0.037868170446441536,15.273147583007812,17.830880301339285,0.07857528531497107,-100,Strong Bearish,High,15.36
219.2844696044922,219.2844696044922,229.43470764160156,215.94781494140625,226.90460205078125,1062609997,-0.03367980306497287,228.09455169998867,239.18446364681134,274.2226390555804,317.72222355257793,389.41620978383816,-0.034260032886158205,0.03931970372089858,13.486892700195312,16.31388201032366,0.07439597541835885,-100,Strong Bearish,High,16.4
219.3000946044922,219.3000946044922,219.88706970214844,205.92666625976562,219.3875732421875,1088852065,7.12544761067857e-05,226.33566028088939,237.37679373387323,272.06881378298874,315.773270504101,388.0607028899788,7.125193762718771e-05,0.027956421710602874,13.960403442382812,15.292272295270648,0.06973217372682974,-100,Strong Bearish,High,17.57
216.0154571533203,216.0154571533203,226.37962341308594,213.66563415527344,219.52899169921875,1234215934,-0.014977820493400684,224.2716196553756,235.43485404473205,269.87064293476647,313.79786825953107,386.6898244378939,-0.015091120797974929,0.014455924782824299,12.7139892578125,15.233384268624443,0.07051988070377904,-100,Strong Bearish,High,17.37
218.0352325439453,218.0352325439453,219.42201232910156,214.21044921875,216.2319793701172,767361243,0.009350142889040791,223.02434223308956,233.85307027193326,267.8378817429696,311.90157844338086,385.34596314790224,0.009306700885693896,0.016673198656939486,5.2115631103515625,13.176342555454799,0.06043217145100202,-100,Strong Bearish,Medium,24.89
218.98031616210938,218.98031616210938,219.78871154785156,214.46449279785156,218.04757690429688,724525676,0.004334545417899793,222.21553701889354,232.50100171649473,265.9218987790143,310.0615534477121,384.02034046275645,0.0043251783341883,0.01704697996464964,5.32421875,11.702287946428571,0.05343990798590984,-100,Strong Bearish,Medium,26.64
231.57412719726562,231.57412719726562,231.76820373535156,215.21372985839844,218.97860717773438,1039372640,0.057511155595524555,224.08725505456798,232.4167403965648,264.57492734443593,308.5073469873072,382.8056296000832,0.05591818090915616,0.030209156414916963,16.554473876953125,11.962401253836495,0.05165689880219807,-100,Strong Bearish,Medium,27.09
230.8463592529297,230.8463592529297,235.7591552734375,223.22837829589844,231.48411560058594,1310031377,-0.003142699718418851,225.43907589424035,232.27397847441614,263.252238399671,306.96950564603236,381.59479876066365,-0.0031476483699827184,0.027693821349319803,12.530776977539062,11.850928170340401,0.051336864088706656,-100,Strong Bearish,Medium,27.17
238.49993896484375,238.49993896484375,239.4906005859375,229.2979278564453,230.9110870361328,1266715664,0.033154431097301096,228.05124850836106,232.83997488263682,262.2815599904621,305.61367264244444,380.4546006746412,0.03261667663789504,0.02424075708788017,10.192672729492188,11.940762111118861,0.05006610132876804,-100,Strong Bearish,Medium,27.48
241.5445098876953,241.5445098876953,243.30288696289062,235.4365997314453,238.50296020507812,1108137930,0.012765499798724766,230.74990078422792,233.63129624673306,261.4683423393732,304.3449763502712,379.3477473615978,0.012684707647803216,0.023668312028378043,7.8662872314453125,11.392611912318639,0.04716568353226313,-100,Strong Bearish,Low,33.21
240.75071716308594,240.75071716308594,246.68301391601562,237.14039611816406,241.54443359375,1341618380,-0.0032863207074275147,232.75006405999954,234.27851633003786,260.655886450107,303.0856840891388,378.24338855523513,-0.0032917325192090576,0.021597192438898023,9.542617797851562,11.060926164899554,0.04594348168610778,-100,Strong Bearish,Low,33.51
243.24107360839844,243.24107360839844,244.69346618652344,240.6688232421875,240.75657653808594,851653424,0.010344128875950709,234.84826596967935,235.0932942644343,259.97295261317726,301.900642297441,377.16767289828823,0.01029099448008221,0.021553404360998243,4.0246429443359375,10.559006827218193,0.043409637486707835,-100,Strong Bearish,Low,34.15
234.65557861328125,234.65557861328125,243.32713317871094,232.1019744873047,243.2509307861328,881096013,-0.035296238697495874,234.80972849839972,235.0535019325113,258.9801144171029,300.5690568779527,376.0321183621527,-0.03593420787832366,0.02911660921987573,11.22515869140625,10.57271248953683,0.045056301461134006,-100,Strong Bearish,Low,33.74
225.85850524902344,225.85850524902344,234.64993286132812,225.5014190673828,234.599365234375,1021066311,-0.037489299918821106,233.01948384852446,234.21759314310333,257.6812277830606,299.08964001401347,374.83551586722734,-0.0382100959145322,0.025863269530339565,9.154159545898438,10.504357474190849,0.04650857607779314,-100,Strong Bearish,Low,33.37
220.4645538330078,220.4645538330078,228.1908416748047,220.4645538330078,225.86839294433594,1140033692,-0.023881993773351318,230.50849784542115,232.96731684218554,256.2217503732546,297.5327076143896,373.6054683609786,-0.02417179185872273,0.027001712670908146,7.726287841796875,9.965296064104352,0.045201352738330106,-100,Strong Bearish,Low,33.7
230.52476501464844,230.52476501464844,230.53871154785156,216.81680297851562,220.49241638183594,1431776142,0.04563187599427332,230.5117512792666,232.7452666760458,255.21402545723086,296.20581766191947,372.4653830753505,0.04462136870316202,0.030108180774158666,13.721908569335938,9.982082911900111,0.0433015641996894,-100,Strong Bearish,Low,34.17
238.1644744873047,238.1644744873047,239.66015625,227.5799102783203,230.5123291015625,1609361574,0.03314051517272243,232.04229592087424,233.23792193161478,254.54541561527296,295.05648413370926,371.39525631369276,0.03260320719143097,0.03285817943492555,12.080245971679688,9.847785949707031,0.04134867708925231,-100,Strong Bearish,Low,34.66
238.57398986816406,238.57398986816406,241.8334197998047,235.6831512451172,238.22662353515625,1151260376,0.0017194645916061013,233.34863471033222,233.72301901675561,253.9190851938177,293.9380189007282,370.33691952926625,0.0017179880047487742,0.03288024057372133,6.1502685546875,9.378948756626674,0.039312536801725445,-100,Strong Bearish,Low,35.17
249.5938720703125,249.5938720703125,250.75875854492188,234.11767578125,238.55906677246094,1030985968,0.04619062710163013,236.5976821823283,235.16582383980625,253.7494689928959,293.0599169832942,369.37482353357734,0.04515559292134365,0.03727512514296608,16.641082763671875,10.195343017578125,0.04084772968587153,-60,Bearish,Low,44.79
247.84848022460938,247.84848022460938,255.29649353027344,246.9508056640625,249.64080810546875,1050861669,-0.006992927475444777,238.8478417907845,236.31879260206108,253.5180576686494,292.1646410078747,368.40648613669316,-0.007017492581104707,0.03357112987339125,8.345687866210938,10.41116224016462,0.042006157272901745,-60,Bearish,Low,44.5
264.88604736328125,264.88604736328125,264.88604736328125,247.8218231201172,247.83447265625,1632324536,0.06874186649533542,244.05548290528387,238.91581576217197,253.96386118608595,291.6244708366946,367.58162208272176,0.06648213094311228,0.03296476195874528,17.064224243164062,10.447572980608259,0.03944176405139152,-60,Bearish,Low,45.14
268.81732177734375,268.81732177734375,274.24365234375,256.6991882324219,264.49493408203125,1925805446,0.014841379729868986,249.00785067969585,241.63413449082393,254.54634983672352,291.1728441226481,366.7946555464239,0.014732324153156283,0.026346713386389827,17.544464111328125,10.80569349016462,0.040197162216781435,-60,Bearish,Low,44.95
258.33880615234375,258.33880615234375,271.7902526855469,256.9964904785156,268.772705078125,1675018362,-0.038980061090256535,250.87404177422545,243.15274100550755,254.6950736138067,290.52266515293906,365.9304655114113,-0.039760122142022264,0.035398249833739286,14.79376220703125,11.134342738560267,0.04309976849546284,-60,Bearish,Low,44.23
265.4625549316406,265.4625549316406,265.90753173828125,251.545654296875,258.3401184082031,1220055525,0.027575217542407993,253.7917444057085,245.18090590788327,255.11732778313353,290.02642534657673,365.1299243912537,0.02720186912977479,0.03504001840444396,14.36187744140625,11.598313467843193,0.04369095848877775,-60,Bearish,Low,44.08
262.87744140625,262.87744140625,271.1519775390625,261.6124572753906,265.4770202636719,1173778496,-0.009738147536688668,255.6088838058168,246.78968186228025,255.42164596443223,289.48882170419404,364.31516357065607,-0.00978587338909374,0.036049465383928815,9.539520263671875,11.598092215401786,0.04411976985685177,-60,Bearish,Low,43.97
259.4630126953125,259.4630126953125,271.6138610839844,253.22386169433594,262.72015380859375,1108172504,-0.012988671422972553,256.37970958371596,247.94180284710137,255.5801309342707,288.89425122877066,363.4796882648764,-0.013073761826249754,0.03429972043561173,18.389999389648438,12.624189104352679,0.04865506252013372,-60,Bearish,Medium,37.84
261.8648681640625,261.8648681640625,265.8866882324219,257.4329528808594,259.473876953125,913146574,0.009257024513048773,257.47674129978526,249.20753605773422,255.82659121779193,288.3590159205586,362.67000842343566,0.00921444085852089,0.03385508514285963,8.4537353515625,12.426230294363839,0.04745283466806478,-60,Bearish,Medium,38.14
245.14849853515625,245.14849853515625,262.4361267089844,245.14849853515625,261.84100341796875,1005244476,-0.06383586216091108,255.01109274685948,248.83853264659075,255.40784248513955,287.5033621109466,361.73358204982384,-0.06596445693927964,0.03261937708901345,17.287628173828125,13.00719233921596,0.053058421393311635,-60,Bearish,Medium,36.74
248.9583740234375,248.9583740234375,248.9583740234375,240.11329650878906,245.12367248535156,926779355,0.01554109248494906,253.8005490021751,248.84942731721316,255.1549221533081,286.74009502010483,360.83497481455385,0.015421566492819479,0.032711127443850234,8.845077514648438,13.087105887276786,0.05256744601828391,-60,Bearish,Medium,36.86
271.5043640136719,271.5043640136719,271.5043640136719,247.80410766601562,249.01580810546875,1405510237,0.0905612839040788,257.3413120044745,250.9089670168912,255.79607673606748,286.4383973764131,360.1231771189293,0.08669250306681613,0.04626607696161698,23.70025634765625,13.799845014299665,0.05082734144783308,-60,Bearish,Medium,37.29
277.2939147949219,277.2939147949219,280.12738037109375,264.7391052246094,271.5153503417969,1648592412,0.021323969514384977,261.331832562564,253.3075986330758,256.6391292089637,286.2573185134132,359.46318299682565,0.02109979493816588,0.04588009737737436,15.388275146484375,14.0361328125,0.050618250396445574,-60,Bearish,Medium,37.35
293.9533386230469,293.9533386230469,301.2096862792969,275.3043518066406,277.3141174316406,2562325488,0.060078577059456295,267.8561337746606,257.00266590489133,258.10243153892776,286.4097149512277,358.94119220500266,0.05834303467790875,0.04903433242020177,25.90533447265625,15.447208949497767,0.05254986734240363,-60,Bearish,Medium,36.86
287.5361328125,287.5361328125,299.7239685058594,285.4088134765625,293.91510009765625,1578905327,-0.021830695445089088,271.7921335822285,259.77843562376484,259.25669433396985,286.4320202554113,358.37222758832934,-0.022072510887822076,0.05003027852816964,14.315155029296875,15.281071254185267,0.05314487297549463,-20,Neutral,Medium,46.71
283.5794677734375,283.5794677734375,296.210205078125,282.60931396484375,287.5772399902344,1313531523,-0.013760583758155365,274.1496004204703,261.9421658191896,260.210528586498,286.3755340676495,357.7762693427923,-0.013856138193353015,0.051196364764330086,13.60089111328125,15.65644291469029,0.055210072286329355,-20,Neutral,Medium,46.2
283.53948974609375,283.53948974609375,290.08477783203125,278.3435363769531,283.6294860839844,1314157614,-0.00014097645241262224,276.027578285595,263.9055589034536,261.12538980844295,286.3193747741533,357.1847412185158,-0.00014098639052672737,0.039280915715958986,11.741241455078125,15.276229858398438,0.0538769039616955,-20,Neutral,Medium,46.53
283.82098388671875,283.82098388671875,290.5367736816406,274.8204650878906,283.4763488769531,1768344106,0.0009927863694649819,277.58625940581976,265.7160520837504,262.0154131056302,286.2699016872734,356.6001694469477,0.000992293883006227,0.039981561424992144,15.71630859375,15.145647321428571,0.0533633810792286,-20,Neutral,Medium,46.66
298.3567810058594,298.3567810058594,305.1868591308594,278.81182861328125,283.87384033203125,2133584480,0.05121466679483522,281.7403637258277,268.6833910766694,263.4405647879922,286.50924583219586,356.1360787023972,0.04994632108127356,0.03096574707887622,26.375030517578125,15.97288077218192,0.05353617477146676,-20,Neutral,Medium,46.62
310.7060546875,310.7060546875,312.74810791015625,297.4320373535156,298.3701171875,1926587001,0.04139096031270739,287.5335019181622,272.5036332231086,265.2941134115023,286.9883905620039,355.7740864791709,0.040557281387024115,0.032594902276580504,15.316070556640625,16.04103742327009,0.05162769499102213,-20,Neutral,Medium,47.09
315.185546875,315.185546875,320.95660400390625,308.6068115234375,310.693603515625,1585061398,0.01441713838504155,293.0639109095298,276.3838071914623,267.25064021399237,287.54675009295426,355.45067182097034,0.014314199653767892,0.026863228795751096,12.34979248046875,16.241771153041295,0.051530824665265026,-20,Neutral,Medium,47.12
315.06890869140625,315.06890869140625,321.8396911621094,313.733642578125,315.1969909667969,1151509385,-0.000370061967467028,297.4649104659051,279.90063460054813,269.1258664287929,288.0917433325276,355.1289047840814,-0.00037013045729441884,0.023604436661999822,8.106048583984375,15.507203238351005,0.04921844971234376,-20,Neutral,Medium,47.7
322.921142578125,322.921142578125,325.1716613769531,309.0248718261719,315.12310791015625,1012978419,0.024922274683756962,302.5561568883491,283.81158987123695,271.23548510131576,288.7814344066978,354.87226922865545,0.024616780138341312,0.020576661425078184,16.14678955078125,16.05670710972377,0.04972330700161306,-20,Neutral,Medium,47.57
324.8004150390625,324.8004150390625,332.881103515625,322.53936767578125,322.9548034667969,1318773332,0.005819601794833984,307.00500851849176,287.53784670467564,273.3360705890706,289.49468154793277,354.6326528606109,0.005802733325849751,0.019783727765793745,10.34173583984375,15.560571943010602,0.04790810363077643,-20,Neutral,Medium,48.02
324.9123229980469,324.9123229980469,327.8254699707031,313.4969177246094,324.83636474609375,1139003043,0.00034454376842751877,310.5864714144028,290.93552636770943,275.35866872275597,290.1960209825885,354.39583748321996,0.0003444844268534594,0.019885486302821023,14.32855224609375,15.952248709542411,0.04909708736913098,-20,Neutral,Medium,47.73
328.4711608886719,328.4711608886719,336.28369140625,314.41259765625,324.8590393066406,1738218767,0.01095322534333798,314.1634093092566,294.347856778706,277.4415115527919,290.9539445450852,354.18926635497655,0.010893673234449798,0.014648310294173593,21.87109375,15.82159423828125,0.04816737699430372,-20,Neutral,Medium,47.96
323.80023193359375,323.80023193359375,334.09722900390625,322.30755615234375,328.460205078125,1511577808,-0.014220210207925188,316.0907738341241,297.0253454291503,279.25950058733315,291.6043660775309,353.94712265440774,-0.014322286247779982,0.01241760804768733,11.7896728515625,15.564551217215401,0.04806837575214412,-20,Neutral,Medium,47.98
327.5146789550781,327.5146789550781,327.5146789550781,318.2651672363281,323.7721252441406,980643843,0.011471415567874343,318.3755548583149,299.7971030224165,281.15186052332314,292.3154613820368,353.7365055731382,0.011406117777889095,0.012134491538604412,9.24951171875,14.374849591936384,0.043890703274121146,-20,Neutral,Low,54.03
323.8701477050781,323.8701477050781,332.5167541503906,323.4788818359375,327.57415771484375,991712327,-0.011127840931062116,319.47447342766753,301.98556162993117,282.8270874716273,292.94030665576037,353.4985266259823,-0.011190218536688817,0.013604274603089765,9.037872314453125,13.997900826590401,0.04322071955621281,-20,Neutral,Low,54.19
317.98663330078125,317.98663330078125,330.8052978515625,316.6592712402344,323.9740905761719,936178150,-0.018166275731144266,319.1769054022903,303.4402045090994,284.20589319041767,293.4362735200182,353.21556333255444,-0.018333308519659454,0.012350076641033393,14.146026611328125,14.036839076450892,0.044142858870339835,-20,Neutral,Low,53.96
319.8872985839844,319.8872985839844,326.8336486816406,314.85809326171875,318.032470703125,1141553086,0.005977186095760478,319.31898403862914,304.9353948795434,285.60516399016535,293.9600561945521,352.94999947001605,0.005959393583185201,0.012367125519064732,11.975555419921875,14.053575788225446,0.043932897149824686,-20,Neutral,Low,54.02
316.4236755371094,316.4236755371094,322.1582946777344,312.8060607910156,319.7127685546875,963072351,-0.010827635427249183,318.7399223383252,305.9797840302312,286.81373307043765,294.4048803399493,352.65895306417616,-0.010886680873577782,0.012709218841822216,9.35223388671875,13.5989990234375,0.042977185573595436,-20,Neutral,Low,54.26
306.63641357421875,306.63641357421875,323.2359924316406,305.33489990234375,316.401611328125,1111784114,-0.030930877552943437,316.3192205855039,306.03947762513917,287.5910930901938,294.64708891884567,352.2922396021048,-0.03141933584081295,0.014501900165047439,17.901092529296875,12.993717738560267,0.042374999065188476,-20,Neutral,Low,54.41
298.1412353515625,298.1412353515625,310.1879577636719,297.02642822265625,306.7964782714844,1041814513,-0.027704401195000505,312.6836235387156,305.32145560026856,288.0048241592671,294.71627993731533,351.8607574965228,-0.028095406758073253,0.01606377110901149,13.161529541015625,12.839821951729911,0.043066239853032866,-20,Neutral,Low,54.23
279.7187194824219,279.7187194824219,298.1907043457031,278.5794372558594,298.15277099609375,1598319492,-0.06179123745635906,306.0906427274569,302.9939341350098,287.6798788778222,294.4192985421689,351.28592054023517,-0.06378279339184968,0.022004552887343785,19.61126708984375,13.358498709542411,0.047756899267451025,-20,Neutral,Medium,48.06
283.6931457519531,283.6931457519531,288.905517578125,278.3320617675781,279.6201171875,1315367730,0.014208653167315122,301.61114333235616,301.2393170092774,287.5235364022979,294.2068994770161,350.7473326933166,0.014108656355118517,0.025909607267390916,10.573455810546875,13.534742082868304,0.047709090915796726,-20,Neutral,Medium,48.07
302.0562744140625,302.0562744140625,303.6579284667969,283.63909912109375,283.63909912109375,1249205607,0.06472884148623437,301.70016954869743,301.31358586425785,288.0934476968769,294.36233264408634,350.35935613332254,0.06272015780991796,0.040320205026305136,20.018829345703125,13.811316353934151,0.04572431538038977,-20,Neutral,Low,53.57
300.5591125488281,300.5591125488281,303.82379150390625,289.30670166015625,302.0341796875,1463703478,-0.004956566017834341,301.4719581487236,301.24499738103697,288.5822972989142,294.48504115705157,349.9625414434062,-0.00496889053289316,0.039929001256447334,14.51708984375,14.109555925641741,0.046944362478278,-20,Neutral,Medium,48.26
299.0299377441406,299.0299377441406,301.19500732421875,294.3196716308594,300.5709228515625,1034959891,-0.005087767233938334,300.983554067807,301.0436283231373,288.99200868892314,294.5750391092712,349.5567039637308,-0.005100753989437897,0.03994098971324196,6.875335693359375,13.577183314732142,0.045404093707664836,-60,Bearish,Low,43.65
296.4496765136719,296.4496765136719,299.95867919921875,294.7120361328125,299.0151062011719,935405757,-0.008628772255828476,300.07677855698,300.6259963404586,289.284466250678,294.6121606420316,349.1335403983917,-0.00866621566048955,0.03862904042807579,5.24664306640625,12.389722551618304,0.041793678769782384,-60,Bearish,Low,44.55
301.5836486816406,301.5836486816406,306.1381530761719,296.20208740234375,296.4873046875,973529233,0.017318191162647434,300.37815258191216,300.7130556442024,289.7667871303236,294.75020991014264,348.754656799055,0.017169940465067722,0.03786578775774746,9.936065673828125,12.257322038922991,0.040643191673372624,-60,Bearish,Low,44.84
279.5981750488281,279.5981750488281,301.5559997558594,277.8516540527344,301.5559997558594,1210077085,-0.07290008503087286,296.22215707529534,298.79352104462293,289.3680180290885,294.4501696158592,348.20360913570653,-0.07569393608625002,0.04139854166413024,23.73199462890625,13.291785103934151,0.047538883619726476,-60,Bearish,Medium,38.12
277.80157470703125,277.80157470703125,283.85009765625,274.54437255859375,279.57183837890625,962669292,-0.006425651174164937,292.53804060164254,296.88516228666003,288.9144320164588,294.12049446914966,347.64263674982067,-0.006446384535291001,0.040952507494447704,9.30572509765625,13.310917445591517,0.04791519795965582,-60,Bearish,Medium,38.02
276.2508850097656,276.2508850097656,283.6283264160156,276.2508850097656,277.8034362792969,758285305,-0.005582004705700361,289.2806094832672,295.0093188978515,288.4178223299219,293.7666408164886,347.07377817021865,-0.005597642313919622,0.02910832419514393,7.37744140625,12.827447073800224,0.046434048793533335,-60,Bearish,Medium,38.39
286.2214050292969,286.2214050292969,286.3310241699219,272.80596923828125,276.2806091308594,1009161525,0.03609226453402603,288.66876859247316,294.21041763707376,288.3316883181327,293.6172302068412,346.5888987029603,0.035456198302351784,0.034434057897882155,13.525054931640625,12.938125610351562,0.04520320766725064,-60,Bearish,Low,43.7
281.42535400390625,281.42535400390625,291.6630859375,277.074462890625,286.21527099609375,979620743,-0.016756437293359405,287.2200856747598,293.0481391249676,288.06085167835914,293.375806915694,346.06966727109534,-0.016898414646502737,0.03461483918673454,14.588623046875,13.31215340750558,0.04730260873126877,-60,Bearish,Medium,38.17
279.23809814453125,279.23809814453125,289.7711181640625,278.07879638671875,281.45648193359375,952486877,-0.0077720639887500775,285.6236881687141,291.7926808540188,287.7148613436992,293.09585228656204,345.5371448079355,-0.0078024238864248035,0.034616386513805386,11.69232177734375,12.868669782366071,0.04608493564408019,-60,Bearish,Low,43.48
278.417236328125,278.417236328125,280.2213134765625,271.4728088378906,279.2513427734375,954919263,-0.0029396483569422704,284.1823978005963,290.5767313516648,287.3502485979904,292.80518662401875,345.00232482004856,-0.0029439776095754417,0.03291933661981115,8.748504638671875,12.553453717912946,0.04508863705233478,-60,Bearish,Low,43.73
277.4161071777344,277.4161071777344,282.9059143066406,274.4879150390625,278.3879699707031,807053745,-0.0035957872565430815,282.82913967602394,289.3803109722166,286.96067442464704,292.5004523775576,344.463789221305,-0.003602267638921733,0.016779648566893384,8.417999267578125,11.753934587751116,0.04236932998349887,-60,Bearish,Low,44.41
277.77557373046875,277.77557373046875,278.4322814941406,274.77545166015625,277.4311218261719,490102253,0.0012957666964308334,281.8184264869129,288.3253348593304,286.60047439742436,292.20887062216974,343.93240901819075,0.001294927915263326,0.01662442358223915,3.656829833984375,11.259889875139509,0.0405359251856508,-60,Bearish,Low,44.87
278.84185791015625,278.84185791015625,279.8131408691406,275.4532165527344,277.78192138671875,512014471,0.0038386535049410586,281.2231127715616,287.4632005912236,286.2962149273354,291.94417730113975,343.41375920856495,0.0038313046749798314,0.016477891699449056,4.35992431640625,10.141396658761161,0.036369706954214716,-60,Bearish,Low,45.91
276.6859130859375,276.6859130859375,280.6126403808594,273.7195129394531,278.8544921875,665273781,-0.00773178331394353,280.3156728344368,286.48344718165214,285.9193403453198,291.64203345529415,342.88206322352414,-0.007761828519427159,0.00683951932442881,6.89312744140625,9.596827915736608,0.03468491694680485,-60,Bearish,Low,46.33
262.66839599609375,262.66839599609375,285.7541809082031,262.5975646972656,276.7518615722656,1173656468,-0.050662200086384446,276.78621746676816,284.31844252841955,285.00753860613446,291.0682980600625,342.24291049661235,-0.05199059016426375,0.019072218451496984,23.1566162109375,10.759776524135045,0.0409633465165526,-100,Strong Bearish,Low,34.76
278.7613220214844,278.7613220214844,279.76385498046875,259.99395751953125,262.6126403808594,963734560,0.061267081501612974,277.18123837771145,283.8132497550618,284.7625889361482,290.8245955642491,341.7370811063723,0.05946355415733811,0.03249811176711261,19.7698974609375,11.797151838030134,0.04231990203117532,-100,Strong Bearish,Low,34.42
280.5774841308594,280.5774841308594,282.0633239746094,276.0489196777344,278.7602233886719,870477242,0.006515115139377192,277.860487528341,283.5190892437707,284.598467179078,290.6216824665582,341.2497536404319,0.006493983510408907,0.03256314763377227,6.014404296875,11.517033168247767,0.04104760296045817,-100,Strong Bearish,Low,34.74
293.4071350097656,293.4071350097656,294.9559326171875,280.2208251953125,280.5370178222656,1139680146,0.0457258746853777,280.96981702462597,284.41800249522475,284.94390513322264,290.6768399426613,340.86853755572537,0.044711261205903005,0.036304554560459015,14.735107421875,10.874398367745536,0.037062487820494205,-100,Strong Bearish,Low,35.73
296.96905517578125,296.96905517578125,298.4418640136719,291.24749755859375,293.39508056640625,851195253,0.012139855310257186,284.16966465485706,285.55900728436626,285.41547964469555,290.8014382641092,340.51874088337524,0.012066758263849878,0.03620082279730184,7.194366455078125,10.723587036132812,0.036110116017930995,-60,Bearish,Low,45.97
295.161865234375,295.161865234375,297.8752136230469,291.3034973144531,296.91973876953125,700835025,-0.00608544866850369,286.3681047707607,286.43199437073065,285.7976908442908,290.8877833526293,340.15733151565416,-0.006104040475953669,0.036654104855761885,6.57171630859375,10.66603524344308,0.036136223881678115,-60,Bearish,Low,45.97
293.6587219238281,293.6587219238281,299.1763000488281,291.15069580078125,295.1741027832031,998624528,-0.00509260676121992,287.8262282013742,287.08896960283045,286.1059665729001,290.9426534233461,339.7868246663169,-0.0051056182768520406,0.03647553363645091,8.025604248046875,10.273217337472099,0.03498352533229665,-20,Neutral,Low,56.25
277.5769348144531,277.5769348144531,297.6877136230469,275.9689636230469,293.64923095703125,1136956066,-0.05476352619128555,285.77636952398996,286.2242391675234,285.77149473923555,290.67798572812046,339.29112833283585,-0.05632014595779036,0.03768884220388482,21.71875,10.78251211983817,0.038845130007094296,-60,Bearish,Low,45.29
279.3858642578125,279.3858642578125,282.1502685546875,274.83056640625,277.4132995605469,956413768,0.00651685791028922,284.4982684707545,285.60256872118606,285.52107785761115,290.45437936237175,338.8137955513615,0.006495714998964838,0.030176259135606943,7.3197021484375,10.470182146344866,0.03747570470023194,-60,Bearish,Low,45.63
270.806884765625,270.806884765625,280.2467956542969,268.0102233886719,279.383056640625,1080164338,-0.03070656246327108,281.75999172972865,284.25750654340777,284.94405067753326,290.06532006342627,338.271907816017,-0.031187887818338166,0.03218540027403146,12.236572265625,10.719329833984375,0.03958292952286507,-100,Strong Bearish,Low,35.1
274.6545715332031,274.6545715332031,276.26324462890625,269.1295166015625,270.812255859375,803452434,0.01420823097207502,280.3389076904235,283.38451245157097,284.5405416914811,289.7601567261941,337.7649967699388,0.014108240074576383,0.02572819892271544,7.13372802734375,10.627596173967634,0.03869440845146413,-100,Strong Bearish,Low,35.33
279.24932861328125,279.24932861328125,279.5317077636719,274.7300109863281,274.7300109863281,560951664,0.016729221197480326,280.12099187499507,283.00858664809004,284.3330431393949,289.55202151603737,337.2987364659017,0.01659082910507837,0.02640624345730131,4.87713623046875,10.714760916573661,0.03836987171923342,-100,Strong Bearish,Low,35.41
266.31317138671875,266.31317138671875,279.6207580566406,264.74365234375,279.2207336425781,789437105,-0.0463247567713122,277.3594277773398,281.490821624329,283.62638150203503,289.09184626595186,336.73311443339827,-0.04743208139133979,0.030071628323058357,14.877105712890625,11.465988159179688,0.04305452899484905,-100,Strong Bearish,Low,34.24
272.06982421875,272.06982421875,272.6191101074219,257.18682861328125,266.2519226074219,1074224923,0.02161610258349511,276.3015070656219,280.6343673147309,283.1731831772003,288.7547765224429,336.2178690930425,0.02138578773363865,0.03300333635072213,15.432281494140625,12.075927734375,0.04438539911234586,-100,Strong Bearish,Low,33.9
266.3695983886719,266.3695983886719,273.203125,265.6932067871094,272.13055419921875,845702947,-0.020951334262983234,274.3151253302319,279.33757013963464,282.5142190678463,288.3115056683088,335.66130916711126,-0.021173928047664742,0.027086336921954324,7.509918212890625,10.958306448800224,0.04113947881098077,-100,Strong Bearish,Low,34.72
264.7920837402344,264.7920837402344,275.83355712890625,261.2751770019531,266.3947448730469,1057177278,-0.005922277384432073,272.41051701223245,278.0152531942346,281.81923336872427,287.8457745410202,335.0966141437895,-0.005939883616214904,0.02654110544301974,14.558380126953125,10.586055210658483,0.039978745063404486,-100,Strong Bearish,Low,35.01
275.5002746582031,275.5002746582031,275.90765380859375,264.0281066894531,264.6077575683594,843345381,0.040439996417996005,273.0284685414266,277.7866187818681,281.5714310663509,287.601309196806,334.62174291282867,0.03964369716177349,0.02942367184798095,11.879547119140625,11.004993983677455,0.039945491877751114,-100,Strong Bearish,Low,35.01
276.6262512207031,276.6262512207031,277.3817138671875,269.6694641113281,275.4934997558594,869618433,0.004087025190435689,273.7480250772819,277.6811308217622,281.37750244495294,287.38398131609114,334.15962744117826,0.00407869598970494,0.029002805098079336,7.712249755859375,10.503361293247767,0.037969503063784715,-100,Strong Bearish,Low,35.51
275.1353759765625,275.1353759765625,284.6324462890625,275.1353759765625,276.6270446777344,818302597,-0.005389492998447043,274.025495257138,277.4496985631077,281.1327131716827,287.14143467570443,333.689314680504,-0.005404068709889073,0.02821573379432298,9.4970703125,10.667840140206474,0.038773058907245785,-100,Strong Bearish,Low,35.31
274.0612487792969,274.0612487792969,279.2016906738281,271.6731262207031,275.1043395996094,640533920,-0.003903995236719804,274.0326459615698,277.14165767367035,280.85540084256957,286.8824210935973,333.2141906494187,-0.0039116357182091424,0.020232966437817475,7.528564453125,10.73618643624442,0.03917440529832196,-100,Strong Bearish,Low,35.21
275.9278564453125,275.9278564453125,276.4469909667969,271.1883239746094,274.14178466796875,716989161,0.006810914254860023,274.41168805831836,277.03131210745596,280.662163807383,286.66549902135404,332.7577258350434,0.006787824759459039,0.018859708427745762,5.2586669921875,10.538548060825892,0.03819312843795668,-100,Strong Bearish,Low,35.45
272.40155029296875,272.40155029296875,286.0679931640625,270.82208251953125,275.92596435546875,927431127,-0.01277981207759149,274.00966050524846,276.6104246697753,280.3382181793668,286.38304459108895,332.27680013351295,-0.012862176361814874,0.017358590528320117,15.24591064453125,10.076202392578125,0.03699025347594805,-100,Strong Bearish,Low,35.75
281.7812194824219,281.7812194824219,283.3424377441406,266.9765625,272.3344421386719,857467325,0.03443324452215957,275.56397230068313,277.0804969254704,280.3948064657611,286.2919193414124,331.8744449092015,0.03385368690160224,0.020157308506723922,16.365875244140625,10.722357613699776,0.0380520661859392,-100,Strong Bearish,Low,35.49
283.7890319824219,283.7890319824219,285.2337646484375,277.5006408691406,281.76666259765625,800888080,0.007125430515518172,277.2089842370309,277.6903637488296,280.5279133487674,286.2423572154918,331.4912942085897,0.00710016458492748,0.014964457250638894,7.733123779296875,10.400682721819196,0.0366493470489847,-100,Strong Bearish,Low,35.84
284.1922912597656,284.1922912597656,289.537109375,280.89300537109375,283.83428955078125,905481572,0.0014209826029101258,278.60564564157784,278.2814480680056,280.67161444331634,286.20176185003186,331.1144097229417,0.001419973962525138,0.015002766916616872,8.64410400390625,10.508566720145089,0.036976959063747955,-60,Bearish,Low,45.76
282.8719177246094,282.8719177246094,285.19287109375,278.36090087890625,284.2734069824219,593375648,-0.004646056827591338,279.45890005818416,278.6987634913332,280.75790084650436,286.13582434259774,330.7300073962617,-0.004656883296221792,0.014928386842732212,6.83197021484375,10.648197719029017,0.03764317718309385,-60,Bearish,Low,45.59
284.43310546875,284.43310546875,287.3795166015625,279.9544372558594,282.8950500488281,556343468,0.005519062325799684,280.4537411402973,279.220067307462,280.902026517965,286.102107137175,330.36110777930946,0.0055038881073569985,0.014519339342735787,7.425079345703125,10.115910121372767,0.03556516427545098,-60,Bearish,Low,46.11
287.031982421875,287.031982421875,288.6329040527344,283.8986511230469,284.4148864746094,700566674,0.009137041023554504,281.7693893966129,279.93024140877225,281.1424169455693,286.12052050914923,330.0158557844295,0.009095550804606965,0.014584629051660114,4.7342529296875,9.35176522391183,0.03258091709852303,-60,Bearish,Low,46.85
296.2984619140625,296.2984619140625,297.9946594238281,286.5289611816406,287.024169921875,794566055,0.032283787381462536,284.6752039001028,281.4182614547077,281.73677165021616,286.3220639033059,329.7471912914385,0.031773617029898366,0.014903080210632268,11.4656982421875,9.634320940290179,0.032515595518293604,-60,Bearish,Low,46.87
294.1376647949219,294.1376647949219,296.33306884765625,289.90374755859375,296.2894592285156,656837388,-0.007292636975507971,286.56769607906665,282.5745708492726,282.22308118530265,286.4768282773973,329.4634500444543,-0.00731935824413615,0.012826725018281502,6.4293212890625,9.053673880440849,0.03078039627041044,-20,Neutral,Low,57.3
286.6341552734375,286.6341552734375,297.6993713378906,279.8035583496094,294.1552734375,1010110227,-0.02551019614137473,286.58098791794083,282.94362397874215,282.39606448287657,286.4799436634575,329.12218076341037,-0.02584122303576931,0.017575614180108556,17.89581298828125,9.483407156808036,0.03308540514915693,-20,Neutral,Low,56.73
283.18267822265625,283.18267822265625,286.9586181640625,280.19146728515625,286.7719421386719,952606066,-0.012041401861158763,285.90132597888396,282.96535618273435,282.42691208051497,286.41465127849114,328.75612895033663,-0.012114486830068478,0.01830557448425485,6.76715087890625,9.415900094168526,0.03325026853077908,-20,Neutral,Low,56.69
276.4695739746094,276.4695739746094,282.99420166015625,276.04986572265625,282.99420166015625,604706997,-0.02370591411233358,284.01497557802907,282.37483052745023,282.1932909783226,286.21771905465187,328.339503014275,-0.02399142044819286,0.020377285868807007,7.1328125,9.247024536132812,0.033446807195435,-20,Neutral,Low,56.64
278.2380676269531,278.2380676269531,279.280029296875,275.4630432128906,276.4495544433594,570350814,0.006396702635010909,282.8595939878139,281.99876117285953,282.0381841802297,286.05970615509347,327.94028838967483,0.006376330562617286,0.020442461431111454,3.816986083984375,8.981911795479911,0.03228139079632476,-60,Bearish,Low,46.93
271.8060607910156,271.8060607910156,279.0643005371094,271.8060607910156,278.24456787109375,655201928,-0.023116918870214387,280.6488873484543,281.07215204723735,281.6369244394762,285.7774557518444,327.4930037076138,-0.023388305410889397,0.020882716629766682,7.25823974609375,9.124738420758929,0.03357076878346247,-100,Strong Bearish,Low,36.61
271.37139892578125,271.37139892578125,273.662841796875,268.44683837890625,271.7315368652344,584301468,-0.0015991617845805273,278.7933896639197,280.19026539983224,281.2343548114882,285.4921872998431,327.04581960576655,-0.0016004418086128483,0.012454447361827771,5.21600341796875,8.408316476004464,0.03098453451354355,-100,Strong Bearish,Low,37.25
270.97100830078125,270.97100830078125,272.7352294921875,269.66015625,271.4066162109375,546926291,-0.0014754341341237653,277.228913391292,279.3521511181003,280.83187063459775,285.2046392008518,326.5990083603085,-0.0014765236588790468,0.01304551719959097,3.0750732421875,7.458973475864956,0.027526832197433463,-100,Strong Bearish,Low,38.12
271.8514099121094,271.8514099121094,273.4926452636719,257.9745178222656,270.9587097167969,1124480167,0.003249062019029303,276.1534126954555,278.6702655539193,280.4796957043041,284.9402188188965,326.1627725160997,0.003243795222044124,0.012414630895579681,15.51812744140625,8.015045166015625,0.029483184099015416,-100,Strong Bearish,Low,37.63
269.5671691894531,269.5671691894531,276.52886962890625,268.343017578125,271.8459167480469,809144930,-0.008402534029140263,274.836163994255,277.84271133896783,280.05175348803544,284.63580199455106,325.7118115334173,-0.008438034319667687,0.012266945239560283,8.18585205078125,7.982312883649554,0.029611591454742566,-100,Strong Bearish,Low,37.6
268.4040832519531,268.4040832519531,271.364501953125,267.88482666015625,269.55902099609375,491674298,-0.004314642398765445,273.5497478457946,276.9846542401483,279.59498210622826,284.3143818214303,325.25517624830604,-0.004323977329214604,0.009726297007798937,3.47967529296875,7.742863246372768,0.028847784849474433,-100,Strong Bearish,Low,37.79
272.51995849609375,272.51995849609375,273.7430419921875,268.3623046875,268.4115905761719,563344666,0.015334622313763369,273.34378997585446,276.5787728088706,279.3175301999485,284.0808288842949,324.8349753100414,0.01521823531859496,0.011705903628609312,5.3807373046875,7.596838814871652,0.027876265858819818,-100,Strong Bearish,Low,38.03
275.5125732421875,275.5125732421875,275.8415222167969,270.4273376464844,272.5019226074219,594844795,0.010981268170626945,273.77754662912105,276.4818455755358,279.16831620160497,283.9111604557383,324.4419681222497,0.010921411845547952,0.008463897486197617,5.4141845703125,7.645405360630581,0.02774975120249753,-100,Strong Bearish,Low,38.06
273.2145690917969,273.2145690917969,275.81524658203125,270.533203125,275.5345153808594,599934776,-0.008340832228990847,273.66495112165626,276.1848204406504,278.9348359227889,283.6993467653632,324.03378167579194,-0.008375811610695415,0.009283317188155407,5.28204345703125,7.203715733119419,0.026366513898089583,-100,Strong Bearish,Low,38.41
271.9813537597656,271.9813537597656,273.647705078125,270.6843566894531,273.22344970703125,497761035,-0.004513724638223415,273.3282316492781,275.8026871060245,278.66215034776843,283.4673072999058,323.6190212939909,-0.004523942251198849,0.009486243637866985,2.963348388671875,6.956146240234375,0.02557582034237011,-100,Strong Bearish,Low,38.61
269.2712707519531,269.2712707519531,273.28515625,267.8604736328125,271.9537353515625,539795617,-0.009964223540876449,272.51683946981314,275.2089219829271,278.2938805596973,283.18619766529287,323.18597148887505,-0.010014198668958824,0.010154489600907772,5.4246826171875,6.065351213727679,0.022525058825584664,-100,Strong Bearish,Low,39.37
270.0384216308594,270.0384216308594,271.04791259765625,264.5229797363281,269.2449035644531,593811687,0.0028489889647860256,272.02115590202243,274.7388764963755,277.9701370722919,282.925845664611,322.76248503582315,0.0028449382874581593,0.009730801576548882,6.524932861328125,6.0480499267578125,0.022396997768804376,-100,Strong Bearish,Low,39.4
270.4794921875,270.4794921875,271.0074157714844,268.56689453125,270.0330810546875,391459296,0.0016333622229638411,271.71282315911793,274.3516597410232,277.6763862924961,282.6793832195197,322.3458874832469,0.0016320297376449377,0.009522409600396499,2.440521240234375,5.712886265345982,0.021121328715693288,-100,Strong Bearish,Low,39.72
276.0081787109375,276.0081787109375,276.5697937011719,269.1025390625,270.47998046875,483765500,0.020440316856277452,272.57189426948185,274.50225237465173,277.61096638733693,282.5472801599438,321.9766627121528,0.02023421734022537,0.01085705070312783,7.467254638671875,5.973619733537946,0.02164290841466006,-100,Strong Bearish,Low,39.59
273.9774169921875,273.9774169921875,276.8754577636719,271.8848876953125,276.0007629394531,535946814,-0.007357614286049197,272.852998814023,274.454540067155,277.4684742541938,282.3775798991962,321.5941986028304,-0.0073848150339090495,0.010497305483186534,4.990570068359375,5.811643327985491,0.02121212540722366,-100,Strong Bearish,Low,39.7
284.4325256347656,284.4325256347656,289.601806640625,272.36651611328125,273.95135498046875,940035659,0.0381604759887062,275.16890417817154,275.3616296642105,277.74157430833384,282.4182718939599,321.29808965487763,0.03745037393936046,0.017159499404921733,17.23529052734375,6.670163835797991,0.02345077737123152,-100,Strong Bearish,Low,39.14
290.3769836425781,290.3769836425781,291.702392578125,284.163818359375,284.356201171875,1017326051,0.020899360910100917,278.2105200710529,276.7266618440621,278.2370805567356,282.5758701464078,321.0517063400386,0.02068396518627071,0.017289038362066994,7.53857421875,6.988985334123884,0.024068661525620604,-60,Bearish,Low,48.98
286.8441162109375,286.8441162109375,293.0694580078125,285.2253112792969,290.3919982910156,874526054,-0.012166485743199229,279.93723929902984,277.64643042286895,278.5746113667043,282.6603898704579,320.7791359007629,-0.01224110327055615,0.017719847496404303,7.844146728515625,6.440843854631696,0.02245416060720336,-60,Bearish,Low,49.39
298.0141906738281,298.0141906738281,300.7218017578125,286.1366882324219,286.8411560058594,1072756219,0.038941270995694666,283.5526295739895,279.498044991138,279.33694781012093,282.96442552993057,320.59774191489095,0.03820218597254456,0.020485896230921296,14.585113525390625,6.8979339599609375,0.023146327174435186,-20,Neutral,Low,59.21
304.21795654296875,304.21795654296875,307.91497802734375,295.94525146484375,298.0037841796875,1397370727,0.020817014972050574,287.68569496778537,281.74530967766805,280.31267364278165,283.38528753018875,320.467225696788,0.0206033017414674,0.019807937044112652,11.9697265625,7.504366193498884,0.024667729277968977,-20,Neutral,Low,58.83
313.7547912597656,313.7547912597656,318.06927490234375,302.53436279296875,304.22991943359375,1451550019,0.031348691001577444,292.89951422618145,284.65526254876784,281.6241292356046,283.9866638416655,320.41374016342525,0.030867354452931886,0.020511088400737894,15.534912109375,8.229664393833705,0.026229605485196098,-20,Neutral,Low,58.44
326.3607177734375,326.3607177734375,336.7953186035156,307.6253356933594,313.6713562011719,2168405759,0.04017763828580101,299.59175493563265,288.4466675691923,283.37850525669603,284.8257540185323,320.46112643920225,0.03939150461162925,0.018237824280010705,29.16998291015625,9.926507132393974,0.030415753464805906,-20,Neutral,Low,57.4
324.5794372558594,324.5794372558594,334.20623779296875,317.9355163574219,326.2778625488281,1329110451,-0.005458011398340901,304.589291399678,291.73146481343474,284.9942280801926,285.61295566679615,320.49394166483296,-0.005472960763235821,0.020435169544542508,16.270721435546875,10.711412702287946,0.03300089738538907,-20,Neutral,Low,56.75
320.1505432128906,320.1505432128906,329.0394592285156,316.2809143066406,324.4679870605469,1411029750,-0.01364502348150154,307.7015417623206,294.3150173952034,286.3729071050043,286.2968682914713,320.491205422188,-0.013738972416941862,0.023790075879461976,12.758544921875,11.411069597516741,0.035642824413165894,20,Neutral,Low,66.09
329.71697998046875,329.71697998046875,338.642578125,318.4955749511719,320.1744384765625,1514834239,0.029881057428713165,312.1046294059502,297.5333776302275,288.072674668748,287.1566724833326,320.5647175700627,0.02944331734887055,0.021221485837914163,20.147003173828125,12.462663922991071,0.037798065248957805,20,Neutral,Low,65.55
354.4063720703125,354.4063720703125,358.1820068359375,328.7398376464844,329.67095947265625,1938879952,0.07488055996177767,320.56497793882266,302.7036498520534,290.673996135476,288.48834970287675,320.83437218759457,0.07220954839448496,0.028688716432003686,29.442169189453125,14.099609375,0.03978373552550772,20,Neutral,Low,65.05
349.25372314453125,349.25372314453125,360.309326171875,347.0196228027344,354.4194641113281,1231594445,-0.014538815698152852,326.3027269799644,306.93547469682414,292.97124033190954,289.6916244244937,321.06082119920364,-0.014645539971895011,0.0323936866577124,13.289703369140625,14.874550955636161,0.042589527240288416,60,Bullish,Medium,69.35
339.3893737792969,339.3893737792969,354.48809814453125,339.1924133300781,349.28814697265625,1143505730,-0.028244077905369203,328.9200563398309,309.8858291588671,294.79155929063063,290.6757382731036,321.20686544286974,-0.028650615010972002,0.03652794665552383,15.295684814453125,15.433724539620536,0.04547497868821611,60,Bullish,Medium,68.63
337.0145568847656,337.0145568847656,344.0419006347656,327.68377685546875,338.89715576171875,1811518274,-0.006997322479741497,330.5389564488179,312.3520771339488,296.44736311785164,291.59333864165137,321.33282314360196,-0.007021918545576058,0.03473011720597257,16.358123779296875,16.245692661830358,0.04820472092362823,60,Bullish,Medium,67.95
327.6902770996094,327.6902770996094,388.71551513671875,302.75189208984375,336.9876403808594,5390603525,-0.027667290906797426,329.9692205789762,313.7464589490088,297.67257543086174,292.308129502205,321.38348014723545,-0.028057239784922795,0.036807506068617164,85.963623046875,21.154859270368302,0.06455748232022696,60,Bullish,High,58.86
266.8531188964844,266.8531188964844,332.0610046386719,261.7302551269531,327.8196716308594,3191459132,-0.18565445011550363,317.3460002424778,309.48342803514294,296.46396929225875,291.80406988625015,320.9489752767115,-0.20537049460020806,0.0869800736445556,70.33074951171875,25.6400146484375,0.09608287418362,20,Neutral,High,40.98
304.0800476074219,304.0800476074219,311.0740051269531,264.4677429199219,266.8857727050781,2461275687,0.13950344243635504,314.69280971546664,308.99221163262285,296.7626390301083,292.0471585539961,320.8145615104223,0.1305925907050545,0.10438835088401167,46.60626220703125,28.408737182617188,0.09342519315602671,20,Neutral,High,41.64
289.820556640625,289.820556640625,304.91278076171875,280.6268615722656,303.98687744140625,1625174426,-0.04689387244902821,309.71835910049833,307.2493339060776,296.4904005050305,292.00306742699865,320.56759732819285,-0.048029019984654225,0.09800346540767861,24.285919189453125,29.101651872907365,0.10041265605942909,20,Neutral,High,40.0
282.3412780761719,282.3412780761719,290.3691711425781,272.0461120605469,289.8576354980469,1189401392,-0.0258065840848114,304.24294289563306,304.984965194268,295.93553295880076,291.81174486559615,320.2630051429178,-0.026145416085429335,0.09782403730926117,18.32305908203125,29.55546133858817,0.10467991623461627,-20,Neutral,High,30.0
276.5794372558594,276.5794372558594,286.08447265625,274.0527038574219,282.3652648925781,956106804,-0.020407362535059592,298.7102417676783,302.4026444725945,295.17647038221486,291.510115011938,319.91492890477394,-0.020618469790943096,0.0978948284476201,12.031768798828125,29.30523681640625,0.1059559492461344,-20,Neutral,High,30.0
278.57843017578125,278.57843017578125,290.7196350097656,268.2330322265625,276.62225341796875,1541330420,0.0072275543683049115,294.6838794492989,300.2368068092478,294.52556684470767,291.2540420448854,319.5855544129095,0.007201560768854127,0.09857797736757092,22.486602783203125,28.827852521623885,0.103481997882728,-20,Neutral,High,30.0
276.8740234375,276.8740234375,281.8825378417969,274.0931091308594,278.6280212402344,1116291060,-0.006118229387701679,291.12190824693914,298.11291741181617,293.83334945618975,290.96928920117483,319.24522348880265,-0.0061370224458256175,0.09889400345510668,7.7894287109375,28.2220458984375,0.10193099933337801,-20,Neutral,High,30.0
272.08160400390625,272.08160400390625,279.7919921875,269.6501770019531,276.8630065917969,908816092,-0.01730902514469934,287.31384739833254,295.74643437473344,292.98033983061,290.59527563291203,318.8694177558553,-0.01746057768431982,0.05889330318331115,10.141815185546875,28.03513663155692,0.10303944191373711,-20,Neutral,High,30.0
267.91131591796875,267.91131591796875,273.22247314453125,264.39849853515625,272.08831787109375,854777255,-0.015327343063875842,283.4333411022598,293.2159690604821,291.99724085364363,290.1460883118241,318.46337710376054,-0.01544602102686018,0.017115058270951444,8.823974609375,27.226348876953125,0.1016244826526458,-20,Neutral,High,30.0
273.91998291015625,273.91998291015625,274.5059509277344,267.9135437011719,267.91412353515625,685307608,0.022427820831678824,281.5306694638391,291.4617885013615,291.2883287774285,289.8247792939693,318.10844965998683,0.022180015569503036,0.017218174614224875,6.594635009765625,25.59438214983259,0.09343744066393053,-20,Neutral,High,31.64
272.3976745605469,272.3976745605469,274.262451171875,269.6495361328125,273.88720703125,551451228,-0.005557492861368529,279.70407048318066,289.7286872340147,290.547518808139,289.47968811112924,317.7442203763259,-0.005572993180103462,0.015261445731958602,4.6129150390625,24.97461155482701,0.09168437871254957,-60,Bearish,High,22.08
264.2351379394531,264.2351379394531,273.6504821777344,262.5552978515625,272.4302978515625,720361905,-0.029965515066390336,276.61028397443516,287.41109184360005,289.5156607348572,288.9797960285218,317.3178531855939,-0.030423656638699254,0.017242246854549618,11.095184326171875,24.674575805664062,0.09338113014824696,-60,Bearish,High,21.65
254.1682586669922,254.1682586669922,264.7425537109375,250.6569366455078,264.23577880859375,1094850661,-0.03809818539261667,272.12187891294656,284.38901610027204,288.12948810474484,288.29045865502616,316.81466916552534,-0.03884289734298527,0.01973635680918845,14.085617065429688,24.51225389753069,0.09644105060988876,-100,Strong Bearish,High,10.89
266.3243408203125,266.3243408203125,266.89215087890625,252.38995361328125,254.0190887451172,800429058,0.0478269089030785,270.96237129441977,282.74677289300297,287.27438428966906,287.8554860246358,316.41235579225673,0.046718408997475834,0.030187883252406605,14.502197265625,19.40786634172712,0.07287304751022175,-100,Strong Bearish,High,16.78
297.8474426269531,297.8474426269531,300.02020263671875,265.03497314453125,266.42034912109375,1920236928,0.11836357769457151,276.3393855609264,284.1195610506348,287.6890140283861,288.0533465514144,316.26442819731403,0.11186652552806527,0.052793918667196876,34.9852294921875,16.88318634033203,0.05668400638738343,-100,Strong Bearish,High,20.83
300.4278259277344,300.4278259277344,303.06463623046875,294.53155517578125,297.94586181640625,1219177799,0.008663439504542403,281.15707363428805,285.60213058491655,288.18857527934097,288.29838574698505,316.138240131421,0.008626127259237412,0.05140353625232581,8.5330810546875,14.163673400878906,0.047145011808213365,-100,Strong Bearish,Medium,28.21
300.57769775390625,300.57769775390625,304.16326904296875,294.9123229980469,300.3338317871094,949045515,0.0004988613345286996,285.04119845821174,286.9635457820974,288.67442321952,288.5415404401914,316.01425174594283,0.0004987369445803269,0.05164734530277442,9.250946044921875,13.089746747698102,0.0435486293411401,-60,Bearish,Medium,39.11
311.3884582519531,311.3884582519531,316.9621276855469,300.38946533203125,300.5717468261719,1221554861,0.035966608896239594,290.31065041696,289.1839923702661,289.56516969138016,288.9939546542857,315.9773928336401,0.03533491252273255,0.05147435802236011,16.572662353515625,12.964718409946986,0.04163519252681122,-20,Neutral,Low,54.59
307.4292907714844,307.4292907714844,316.2198791503906,307.1563720703125,311.3720397949219,793779029,-0.012714560785889062,293.7343784878649,290.8426558612859,290.2657234592274,289.35901081502226,315.909280466611,-0.012796082560075944,0.04901979343101821,9.063507080078125,12.752699715750557,0.04148173286855019,20,Neutral,Low,64.63
293.5272521972656,293.5272521972656,309.0960998535156,289.4936828613281,307.3995666503906,1154829072,-0.045220279887228765,293.69295322974506,291.0867100736477,290.39362654699363,289.441550248334,315.73093761187516,-0.04627462467519509,0.0506027148183239,19.6024169921875,12.546686444963727,0.04274453683956984,20,Neutral,Medium,59.31
295.4981689453125,295.4981689453125,304.82281494140625,289.7636413574219,293.4918212890625,986451640,0.006714595436345672,294.0539963728586,291.48775178925354,290.59380468026103,289.5614832918385,315.5697203316635,0.006692152945892007,0.04940244477792655,15.059173583984375,13.065953935895648,0.04421670016613114,20,Neutral,Medium,58.95
300.7943420410156,300.7943420410156,304.6509704589844,294.38226318359375,295.5482177734375,1009620336,0.017922862651251315,295.40206550649003,292.3338054485046,290.9938257532318,289.78391613835686,315.45198823373005,0.01776414183031827,0.025738420706594316,10.268707275390625,13.075017656598773,0.04346829653735938,20,Neutral,Medium,59.13
292.0162048339844,292.0162048339844,301.47967529296875,290.5537109375,300.7543640136719,1433086340,-0.02918318591855118,294.7248933719889,292.3049326653664,291.03391905051626,289.82811987490396,315.26524892377194,-0.02961748545947847,0.027917204507826532,10.92596435546875,13.225159781319755,0.04528912972086072,20,Neutral,Medium,58.68
293.5274963378906,293.5274963378906,293.5274963378906,286.14068603515625,292.028564453125,854253818,0.005175368623003163,294.4854139651693,292.416074817414,291.1317063951192,289.901374854369,315.0920397398207,0.005162022430649781,0.028099080278000087,7.386810302734375,13.281743730817523,0.04524872080647737,20,Neutral,Medium,58.69
290.5631408691406,290.5631408691406,294.04302978515625,289.7044677734375,293.5003662109375,634607105,-0.01009907250848352,293.70095934596355,292.2476262766619,291.10940970782593,289.91447913188927,314.8965903464288,-0.010150414102054748,0.02231520576174493,4.33856201171875,13.262147086007255,0.0456429093047974,20,Neutral,Medium,58.59
292.2882995605469,292.2882995605469,292.3376159667969,288.5040588378906,290.5531005859375,633441009,0.005937293650687847,293.4184273888802,292.2513238479242,291.1556406824424,289.9614854770112,314.716444603115,0.005919737379624415,0.023018907917766635,3.83355712890625,12.74345942905971,0.04359893792607983,20,Neutral,Medium,59.1
288.4742736816406,288.4742736816406,296.91217041015625,286.5386962890625,292.2088928222656,705616866,-0.013048848977672445,292.4295966474323,291.9079556509893,291.05048903535214,289.932035738489,314.5073436395973,-0.013134733152037819,0.0159776482838446,10.37347412109375,12.478306361607142,0.04325621901167577,20,Neutral,Medium,59.19
290.3544616699219,290.3544616699219,290.60162353515625,287.1078796386719,288.4617614746094,610280514,0.0065176972777691855,292.0145696519302,291.7667289254377,291.023193844551,289.9404006084184,314.31489039681105,0.006496548931475139,0.015959092431617288,3.493743896484375,11.691988263811384,0.040267982095287945,20,Neutral,Low,64.93
284.284423828125,284.284423828125,290.4856872558594,282.02081298828125,290.3846130371094,759320494,-0.020905612425881626,290.46854048716915,291.08651937113655,290.75892835371076,289.82840106821453,314.07560381060637,-0.021127228868018388,0.014420750709975831,8.464874267578125,9.797677176339286,0.034464347516495825,-20,Neutral,Low,56.38
290.53717041015625,290.53717041015625,291.51171875,282.8092041015625,284.295166015625,646645162,0.02199468580737851,290.4822664717666,291.036578556502,290.7502319637675,289.8424361046886,313.8880465723558,0.021756291970908094,0.01469387443334039,8.7025146484375,9.809779575892858,0.03376428414321041,-20,Neutral,Low,56.56
286.0904235839844,286.0904235839844,291.5705871582031,285.57562255859375,290.5220031738281,644239750,-0.015305259633024981,289.60389789421015,290.5869281044549,290.5674943802466,289.7681388270509,313.66655156846434,-0.015423594098413991,0.01536390118095485,5.994964599609375,9.57720947265625,0.03347616237089731,-20,Neutral,Low,56.63
288.1252136230469,288.1252136230469,289.49261474609375,286.10650634765625,286.10650634765625,439735200,0.007112401783924582,289.3081610399775,290.36313587887236,290.47171866427806,289.73560565469444,313.46303493144904,0.007087227948166072,0.015531901869220856,3.402191162109375,8.636461530412946,0.029974681569215237,-60,Bearish,Low,47.51
284.3904113769531,284.3904113769531,290.9364318847656,284.18829345703125,288.1442565917969,496833486,-0.012962427685971223,288.3246111073727,289.8201609241524,290.23323602555945,289.6297602234521,313.23138056049686,-0.01304717308572663,0.015735168710400805,6.748138427734375,8.471078055245536,0.02978679208708381,-60,Bearish,Low,47.55
276.2781982421875,276.2781982421875,285.5374450683594,273.5308532714844,284.43438720703125,974762447,-0.028524917895396462,285.9153285343357,288.5890734076101,289.6859796418978,289.3653728574864,312.9369328926219,-0.028939659382305773,0.01821708871230037,12.006591796875,7.928519112723214,0.028697592365840668,-60,Bearish,Low,47.83
271.9516906738281,271.9516906738281,280.6873474121094,257.44036865234375,276.28448486328125,1925504273,-0.015659967365816985,283.1226009622342,287.07658406817535,288.9905173294245,289.020547467711,312.6103572574124,-0.015783880002444316,0.017569832436990732,23.246978759765625,8.513362339564733,0.03130468620537256,-100,Strong Bearish,Low,37.17
268.2315368652344,268.2315368652344,277.8570861816406,266.146240234375,271.95806884765625,1026628081,-0.013679465641034061,280.14438814283426,285.3633979588171,288.17643966416216,288.60888389142434,312.25674115866997,-0.0137738916516017,0.01695777166116625,11.710845947265625,8.616372244698661,0.032122890340921105,-100,Strong Bearish,Low,36.97
258.2737121582031,258.2737121582031,268.1503601074219,257.0812072753906,268.1503601074219,709349174,-0.037123989309408745,275.77025294590806,282.9006992496703,287.0037836835363,288.0081874214595,311.82659750129574,-0.03783062865036944,0.01406191420022766,11.15032958984375,8.632398332868304,0.033423449334946675,-100,Strong Bearish,Low,36.64
231.23243713378906,231.23243713378906,264.2475891113281,227.34523010253906,258.2687683105469,1264053277,-0.10470006722112768,266.86268978348426,278.2035845118629,284.8166720541345,286.8839151385353,311.18441295653474,-0.11059649642426755,0.038046671250082695,36.90235900878906,10.74065181187221,0.04644958962075794,-100,Strong Bearish,Medium,28.39
242.52928161621094,242.52928161621094,243.5819549560547,221.00318908691406,231.2207489013672,1196953526,0.048854929794670765,261.9960081500296,274.96046606680363,283.15834301735316,286.00560556383584,310.6373601171696,0.04769902604198684,0.04680602594804459,22.578765869140625,12.043523515973773,0.04965801834613924,-100,Strong Bearish,Medium,27.59
251.15638732910156,251.15638732910156,253.33969116210938,240.03652954101562,242.51690673828125,925487110,0.03557139845300217,259.828083985844,272.7964589088307,281.90336436291193,285.31552203443516,310.1634081427627,0.03495335017955544,0.052009302288959,13.30316162109375,12.719923836844307,0.050645432402150366,-100,Strong Bearish,Medium,27.34
240.65780639648438,240.65780639648438,252.93301391601562,238.65078735351562,251.24267578125,751196285,-0.04180097127635629,255.99402846797207,269.8747632258901,280.28589150148343,284.4312108336836,309.6095786467764,-0.042699768180421246,0.05275722975262087,14.2822265625,12.999120439801898,0.054014954405367646,-100,Strong Bearish,High,21.5
251.74453735351562,251.74453735351562,252.628662109375,239.8014373779297,240.66822814941406,667866377,0.04606844516302888,255.1441302450808,268.22656087385604,279.16662271136704,283.78394997269015,309.14850262053534,0.045038798648244484,0.05823736091729502,12.827224731445312,13.665797642299108,0.05428438601274883,-100,Strong Bearish,High,21.43
246.04698181152344,246.04698181152344,251.69432067871094,245.7572479248047,251.69432067871094,479296549,-0.022632290662145782,253.32470055836933,266.2102355045531,277.86781326431435,283.0366832764294,308.6457016579138,-0.0228923319970707,0.05841068715164366,5.9872894287109375,13.488827296665736,0.05482216118789227,-100,Strong Bearish,High,21.29
245.890625,245.890625,248.0320281982422,240.4832000732422,246.06832885742188,543367184,-0.0006354754298234511,251.83788544669548,264.36299818595734,276.6138058814001,282.30111776600506,308.1456612064563,-0.0006356774299163363,0.057387396137731646,7.548828125,13.406421116420201,0.05452188799967547,-100,Strong Bearish,High,21.37
246.14817810058594,246.14817810058594,248.27471923828125,244.45294189453125,245.89413452148438,388929772,0.001047429525163679,250.6999439774736,262.70710545092356,275.4190753801917,281.58521797065026,307.65165735700714,0.0010468813536059103,0.03491904207115498,3.82177734375,13.251193455287389,0.053834213023800745,-100,Strong Bearish,High,21.54
244.63552856445312,244.63552856445312,246.1817169189453,243.9530487060547,246.15164184570312,280627376,-0.006145280244628459,249.48706089486953,261.0642348248808,274.211877465849,280.85354095270577,307.1495368088593,-0.006164240195320619,0.030622365183997836,2.228668212890625,13.167370387486049,0.05382444023872393,-100,Strong Bearish,Medium,26.54
243.14149475097656,243.14149475097656,245.73098754882812,241.70050048828125,244.6363983154297,298063868,-0.006107182477719797,248.21794766609094,259.43489481816226,272.99343108487363,280.10676776059233,306.6395125693543,-0.006125907594023067,0.026778669169545334,4.030487060546875,12.973252432686943,0.05335680133896535,-100,Strong Bearish,Medium,26.66
244.1982879638672,244.1982879638672,244.595947265625,242.22442626953125,243.14793395996094,276115280,0.004346412421182944,247.4140157256462,258.04974874049907,271.86420978601063,279.39570875471657,306.14197293106355,0.004336994051599248,0.020888258821624255,2.37152099609375,12.285033089773995,0.05030761350624927,-100,Strong Bearish,Medium,27.42
246.5966796875,246.5966796875,247.6796875,242.5621795654297,244.20265197753906,391342277,0.009821492786172614,247.25054851801698,257.0085606447719,270.8733262527357,278.7462230306133,305.667508443067,0.009773575417175667,0.01044377902072894,5.1175079345703125,10.99007088797433,0.04456698647322224,-100,Strong Bearish,Medium,28.86
244.1419219970703,244.1419219970703,246.8400421142578,242.10928344726562,246.60711669921875,414698978,-0.00995454477951807,246.62882321382767,255.83886622225353,269.82503588976846,278.06098934678073,305.1772647263658,-0.010004422543410434,0.006865548064314477,4.7307586669921875,10.491493225097656,0.04297292795632023,-100,Strong Bearish,Medium,29.26
246.47972106933594,246.47972106933594,246.6009979248047,243.5799102783203,244.17141723632812,345312528,0.00957557412976251,246.59900278492933,254.98803484471554,268.9095333477907,277.4356176977224,304.7095552151544,0.009530018900575065,0.007969155023797855,3.021087646484375,9.910833086286273,0.04020952735295537,-100,Strong Bearish,Low,34.95
245.7792205810547,245.7792205810547,246.4972381591797,243.12747192382812,246.4580078125,342300809,-0.0028420207765660344,246.43504634415442,254.15086991165543,268.00246225889913,276.8087583488775,304.2399907957592,-0.002846066985705277,0.008047207313560357,3.3697662353515625,7.515647888183594,0.030578858010923807,-100,Strong Bearish,Low,37.36
246.3491973876953,246.3491973876953,247.5836181640625,245.10824584960938,245.78868103027344,307551853,0.002319060192693012,246.4178765528626,253.44162695493176,267.1533146168912,276.20559872588376,303.77870957338416,0.002316375322719869,0.00762969279848513,2.475372314453125,6.079691205705915,0.024679159786901682,-100,Strong Bearish,Low,38.83
