Adj Close,Close,High,Low,Open,Volume,Return,EMA_9,EMA_21,EMA_50,EMA_100,EMA_250,Log_Return,Volatility,True_Range,ATR,ATR_Percent,EMA_Score,Trend,Volatility_Regime,Market_Score
43099.69921875,43099.69921875,43346.6875,41982.6171875,42598.87109375,23577403399,0.011930269358978673,43213.961675079,44485.6788298463,45932.85928441812,46714.55311494863,47272.33830676283,0.011859664695822615,0.019268938125503628,1364.0703125,1777.873325892857,0.0412502490300307,-100,Strong Bearish,Medium,29.69
43177.3984375,43177.3984375,43724.671875,42669.03515625,43101.8984375,18371348298,0.001802778677309158,43206.6490275632,44366.74424872391,45824.801996303686,46644.51044806846,47239.7093038205,0.0018011556222094572,0.019311206990248457,1055.63671875,1743.359654017857,0.04037667198827181,-100,Strong Bearish,Medium,29.91
43113.87890625,43113.87890625,43436.80859375,42691.0234375,43172.0390625,17902097845,-0.0014711291913973579,43188.095003300565,44252.8473994081,45718.49128688982,46574.59695219087,47206.834161210376,-0.0014722123644015362,0.019461738425336612,745.78515625,1723.4536830357142,0.03997445200380414,-100,Strong Bearish,Medium,30.01
42250.55078125,42250.55078125,43179.390625,41680.3203125,43118.12109375,21690904261,-0.020024366790964976,43000.58615889045,44070.82043412099,45582.49362000199,46488.97227553858,47167.34186336209,-0.02022757169904886,0.021511331775808714,1499.0703125,1710.904296875,0.04049424836455072,-100,Strong Bearish,Medium,29.88
42375.6328125,42375.6328125,42534.40234375,41392.21484375,42250.07421875,22417209227,0.0029604828561313745,42875.595489612366,43916.71246851908,45456.73437264897,46407.52000894376,47129.16091474964,0.002956109256612036,0.019671560772450514,1142.1875,1674.3404017857142,0.03951186780370194,-100,Strong Bearish,Medium,30.12
41744.328125,41744.328125,42478.3046875,41242.9140625,42374.0390625,23091543258,-0.014897823244158781,42649.342016689894,43719.22298274461,45311.14981391764,46315.17957559833,47086.25388056837,-0.01500991044287061,0.015249402079538574,1235.390625,1467.523716517857,0.03515504458769768,-100,Strong Bearish,Medium,31.21
40680.41796875,40680.41796875,43413.0234375,40672.82421875,41744.02734375,20382033940,-0.02548634039729203,42255.55720710192,43442.96798147238,45129.55248665617,46203.60013783896,47035.21136334273,-0.02581674309560386,0.01387239783899067,2740.19921875,1584.4536830357142,0.03894880539951345,-100,Strong Bearish,Medium,30.26
36457.31640625,36457.31640625,41060.52734375,35791.42578125,40699.60546875,43011992031,-0.10381165615712484,41095.909046931534,42807.90874736125,44789.46479722848,46010.60442038175,46950.925347748365,-0.10960468291543993,0.03942565130174599,5269.1015625,1811.997767857143,0.04970189653198133,-100,Strong Bearish,Medium,27.57
35030.25,35030.25,36688.8125,34349.25,36471.58984375,39714385405,-0.039143484680769114,39882.77723754523,42100.8488612375,44406.75049145482,45793.17165958211,46855.939886810134,-0.039930188839646726,0.038019824640903796,2339.5625,1867.9190848214287,0.05332303037578746,-100,Strong Bearish,Medium,26.67
36276.8046875,36276.8046875,36433.3125,34784.96875,35047.359375,26017975951,0.03558509252717301,39161.58272753619,41571.390299988634,44087.92908737816,45604.72874924385,46771.643988807664,0.034966573781181565,0.044498808991741745,1648.34375,1890.958705357143,0.05212583416997352,-100,Strong Bearish,Medium,26.97
36654.328125,36654.328125,37247.51953125,33184.05859375,36275.734375,41856658597,0.010406744495611076,38660.13180702895,41124.384647716935,43796.415324147645,45427.493093318226,46691.02792614784,0.010352967106698903,0.046464924702442297,4063.4609375,2009.5691964285713,0.0548248815140046,-100,Strong Bearish,Medium,26.29
36954.00390625,36954.00390625,37444.5703125,35779.4296875,36654.8046875,26428189594,0.008175727030871549,38318.906226873165,40745.2591257654,43528.08546462225,45259.701228227765,46613.44207738372,0.008142486826951165,0.04693648230967013,1665.140625,2014.693359375,0.05451894643097812,-100,Strong Bearish,Medium,26.37
36852.12109375,36852.12109375,38825.41015625,36374.90625,36950.515625,31324598034,-0.002757016878562668,38025.54920024853,40391.33748649127,43266.28294027432,45093.21449289157,46535.66262731493,-0.0027608244495656064,0.047360678415073444,2450.50390625,2074.9880022321427,0.05630579572213698,-100,Strong Bearish,Medium,25.92
37138.234375,37138.234375,37148.32421875,35629.28125,36841.87890625,25041426629,0.007763821260712289,37848.086235198825,40095.60083999206,43025.967310263564,44935.69013412144,46460.78272092198,0.007733837890785913,0.048106806829959325,1519.04296875,2052.678292410714,0.05527129458239664,-100,Strong Bearish,Medium,26.18
37784.33203125,37784.33203125,37952.87890625,36211.109375,37128.4453125,22238830523,0.017397102127314046,37835.33539440906,39885.48549374278,42820.41298559637,44794.07908257943,46391.647655665634,0.017247505090414967,0.022995911510696555,1741.76953125,2079.656808035714,0.05504018984153824,-100,Strong Bearish,Medium,26.24
38138.1796875,38138.1796875,38576.26171875,37406.47265625,37780.71484375,17194183075,0.00936493083845824,37895.904253027256,39726.639511357076,42636.795993514155,44662.27909455806,46325.88297066033,0.00932135173920975,0.011659804223675237,1169.7890625,2087.810546875,0.05474331926647489,-100,Strong Bearish,Medium,26.31
37917.6015625,37917.6015625,38266.33984375,37437.7109375,38151.91796875,14643548444,-0.005783656346668664,37900.2437149218,39562.18151600643,42451.72954523909,44528.721123626216,46258.88471242797,-0.005800446457155093,0.007951627641296744,828.62890625,2093.727957589286,0.05521783739771016,-100,Strong Bearish,Medium,26.2
38483.125,38483.125,38647.26171875,36733.57421875,37920.28125,20734730465,0.01491453610450133,38016.81997193744,39464.08546909675,42296.0979944454,44409.00634890095,46196.92646770743,0.014804408066392667,0.008487872323592667,1913.6875,2123.3434709821427,0.055175962736449875,-100,Strong Bearish,Medium,26.21
38743.2734375,38743.2734375,39115.1328125,38113.6640625,38481.765625,20288500328,0.00676006528835682,38162.11066504995,39398.557102587954,42156.77154123185,44296.813617982116,46137.534810096215,0.006737318502634114,0.008471721401202337,1001.46875,2113.2921316964284,0.054546039717205515,-100,Strong Bearish,Medium,26.36
36952.984375,36952.984375,38834.6171875,36832.73046875,38743.71484375,19155189416,-0.046209029430310355,37920.28540703996,39176.23230917086,41952.70145628158,44151.39125673494,46064.35114129067,-0.04731073995912287,0.022284607196071515,2001.88671875,2168.0418526785716,0.05867027763379589,-100,Strong Bearish,Medium,25.33
37154.6015625,37154.6015625,37154.6015625,36375.5390625,36944.8046875,18591534769,0.005456046132945147,37767.14863813197,38992.44769583714,41764.540676133285,44012.84096575999,45993.357120742534,0.005441215831991581,0.02217527293694686,779.0625,2027.960658482143,0.05458168230039522,-100,Strong Bearish,Medium,26.35
41500.875,41500.875,41527.78515625,37093.62890625,37149.265625,29412210792,0.116978066100073,38513.893910505576,39220.48654167012,41754.20084569669,43963.09906544791,45957.56045045773,0.11062688345744714,0.047668751476752445,4434.15625,1968.3217075892858,0.047428438739888876,-100,Strong Bearish,Medium,28.14
41441.1640625,41441.1640625,41847.1640625,41038.09765625,41501.48046875,19652846215,-0.001438787435204647,39099.34794090446,39422.36631629102,41741.92489341446,43913.159758458845,45921.57322824292,-0.0014398234837348135,0.04799472607921312,809.06640625,1859.0005580357142,0.044858791978720475,-100,Strong Bearish,Medium,28.79
42412.43359375,42412.43359375,42500.78515625,41244.90625,41441.12109375,16142097334,0.023437312952531153,39761.96507147357,39694.19061424184,41768.21935225115,43883.44240866263,45893.61195625493,0.02316687651757865,0.047463535061660206,1255.87890625,1830.9673549107142,0.04317053278405911,-60,Bearish,Medium,39.21
43840.28515625,43840.28515625,44401.86328125,41748.15625,42406.78125,28641855926,0.033665872045371525,40577.629088428854,40071.10829987894,41849.476834760906,43882.58780960496,45877.250786533776,0.033111582709537346,0.04788890635998019,2653.70703125,1730.2706473214287,0.03946759564073584,-60,Bearish,Medium,40.13
44118.4453125,44118.4453125,45293.8671875,42807.8359375,43854.65234375,33079398868,0.0063448528050995545,41285.79233324309,40439.04802829903,41938.45599075068,43887.258255206834,45863.23640028649,0.006324808965338507,0.047906215010719844,2486.03125,1788.9056919642858,0.04054779535618492,-60,Bearish,Medium,39.86
44338.796875,44338.796875,44727.80078125,43232.96875,44096.703125,23245887300,0.004994545046617338,41896.39324159447,40793.57065072639,42032.58700581928,43896.199614014615,45851.08947179816,0.00498211368199733,0.039210492402038104,1494.83203125,1720.6434151785713,0.038806723151045615,-60,Bearish,Medium,40.3
43565.11328125,43565.11328125,45661.171875,43402.80859375,44347.80078125,32142048537,-0.01744935921313273,42230.137249525586,41045.52907168308,42092.68607544401,43889.643449009374,45832.87452207268,-0.01760339378138894,0.04208901386126448,2258.36328125,1773.4520089285713,0.040708077527066774,-60,Bearish,Medium,39.82
42407.9375,42407.9375,43810.83203125,42114.5390625,43571.12890625,26954925781,-0.026561982607033352,42265.69729962047,41169.38438334825,42105.048876406996,43860.3027371478,45805.58418723544,-0.026921126055171853,0.021086425352691826,1696.29296875,1770.2036830357142,0.04174227249405171,-60,Bearish,Medium,39.56
42244.46875,42244.46875,42992.55078125,41852.57421875,42412.30078125,18152390304,-0.0038546734323026133,42261.45158969638,41267.119325771135,42110.51632243025,43828.30602453102,45777.2087654248,-0.00386212183286643,0.021192735711238232,1139.9765625,1768.07421875,0.04185338982988158,-60,Bearish,Medium,39.54
42197.515625,42197.515625,42693.0546875,41950.94140625,42236.56640625,14741589015,-0.001111462077505676,42248.66439675711,41351.70080751921,42113.92805978593,43796.013145332385,45748.68531410668,-0.001112080209543203,0.01918460250661052,742.11328125,1761.89453125,0.04175351333257549,-60,Bearish,Medium,39.56
42586.91796875,42586.91796875,42775.77734375,41681.95703125,42157.3984375,20827783012,0.009228086961576842,42316.315111155694,41463.99327672201,42132.47668366688,43772.07066658817,45723.49194880504,0.009185768314632001,0.013415099577651995,1093.8203125,1703.3325892857142,0.039996615639939205,-60,Bearish,Low,45.0
44575.203125,44575.203125,44667.21875,42491.03515625,42586.46484375,22721659051,0.04668769779745485,42768.09271392456,41746.830535656365,42228.26987744465,43787.97427962603,45714.34223706157,0.045630604487240684,0.023191147911532303,2176.18359375,1787.2407924107142,0.04009495565054061,-60,Bearish,Low,44.98
43961.859375,43961.859375,44578.27734375,43456.69140625,44578.27734375,19792547657,-0.013759752216496501,43006.846046139646,41948.19679377851,42296.25377930957,43791.41754884135,45700.37823019256,-0.01385529504989858,0.02380079047007873,1121.5859375,1724.3621651785713,0.03922404988536887,-60,Bearish,Low,45.19
40538.01171875,40538.01171875,44132.97265625,40249.37109375,43937.0703125,26246662813,-0.07788223029977337,42513.07918066172,41819.9981505941,42227.30311026802,43726.993671017764,45659.24383567907,-0.08108233071910446,0.03858503840577358,3883.6015625,1946.114955357143,0.048007163470649664,-60,Bearish,Medium,38.0
40030.9765625,40030.9765625,40929.15234375,39637.6171875,40552.1328125,23310007704,-0.012507647384577658,42016.65865702938,41657.35982440373,42141.17265741437,43653.80521342335,45614.39708449836,-0.012586526423760572,0.03792998255874849,1291.53515625,1721.6420200892858,0.0430077446999401,-60,Bearish,Medium,39.25
40122.15625,40122.15625,40418.87890625,39713.05859375,40026.0234375,13736557863,0.0022777282826873524,41637.75817562351,41517.795863094296,42061.995543398116,43583.87157058329,45570.63420932308,0.002275138191892225,0.03811851343359539,705.8203125,1714.267299107143,0.04272620066642462,-60,Bearish,Medium,39.32
38431.37890625,38431.37890625,40119.890625,38112.8125,40118.1015625,18340576452,-0.04214073972532317,40996.48232174881,41237.212503381175,41919.6184203727,43481.84201287372,45513.74771288425,-0.043054421746525254,0.04021106153248559,2009.34375,1768.086216517857,0.04600631741137755,-100,Strong Bearish,Medium,28.5
37075.28125,37075.28125,39394.4375,36950.4765625,38423.2109375,29280402798,-0.03528620868790788,40212.24210739905,40858.855116710154,41729.64441369142,43354.97942350988,45446.50893628756,-0.03592381094835431,0.03960664699002403,2443.9609375,1753.1043526785713,0.047284991335799276,-100,Strong Bearish,Medium,28.18
38286.02734375,38286.02734375,38359.85546875,36488.93359375,37068.76953125,25493150450,0.03265642371222732,39826.99915466924,40624.961682804686,41594.60060702705,43254.60413480177,45389.453306068135,0.03213453434150656,0.03606046578938933,1870.921875,1709.16796875,0.0446420819116145,-100,Strong Bearish,Medium,28.84
37296.5703125,37296.5703125,39122.39453125,37201.81640625,38285.28125,21849073843,-0.025843815613622922,39320.91338623539,40322.38064914062,41426.05039939854,43136.623267033414,45324.96818261341,-0.026183634615420347,0.03591266111327502,1920.578125,1739.578404017857,0.04664177937655664,-100,Strong Bearish,Medium,28.34
38332.609375,38332.609375,38968.83984375,34459.21875,37278.56640625,46383802093,0.027778400368163814,39123.25258398832,40141.49235149147,41304.73898667703,43041.49427907236,45269.25217617824,0.027399579951549815,0.02980414271437048,4509.62109375,1900.382533482143,0.049576132813998995,-100,Strong Bearish,Medium,27.61
39214.21875,39214.21875,39630.32421875,38111.34375,38333.74609375,26545599159,0.022998939789759643,39141.44581719066,40057.194751355884,41222.75780092499,42965.7066448333,45221.004897882,0.022738450595305906,0.031818910945049815,1518.98046875,1887.7173549107142,0.04813859398667006,-100,Strong Bearish,Medium,27.97
39105.1484375,39105.1484375,40005.34765625,38702.53515625,39213.08203125,17467554129,-0.002781397053842838,39134.18634125253,39970.645086459896,41139.71429647696,42889.25994765838,45172.27297389489,-0.0027852723260769346,0.031737929963702734,1302.8125,1899.3484933035713,0.048570292383347285,-100,Strong Bearish,Medium,27.86
37709.78515625,37709.78515625,39778.94140625,37268.9765625,39098.69921875,23450127612,-0.03568234201898368,38849.30610425203,39765.11236553172,41005.20727137002,42786.696090402766,45112.81091957103,-0.036334517924426976,0.030422400228046747,2509.96484375,2025.6236049107142,0.05371612690227667,-100,Strong Bearish,High,21.57
43193.234375,43193.234375,43760.45703125,37518.21484375,37706.0,35690014104,0.1454118392886461,39718.09175840162,40076.75982093793,41091.01225582609,42794.7463534641,45097.515488936995,0.13576425730332167,0.05688200501380796,6242.2421875,2393.3680245535716,0.05541071557120621,-100,Strong Bearish,High,21.15
44354.63671875,44354.63671875,44793.6015625,42952.5859375,43194.50390625,32479047645,0.026888524570001016,40645.4007504713,40465.65772073902,41218.997528881926,42825.63527158857,45091.596136186505,0.026533380332524757,0.056751958686847306,1841.015625,2369.4274553571427,0.053420062267255965,-60,Bearish,High,31.64
43924.1171875,43924.1171875,45077.578125,43432.8515625,44357.6171875,29183112630,-0.009706302725009275,41301.14403787704,40780.0631268082,41325.080652749304,42847.38738873533,45082.29351508144,-0.009753715935407227,0.054779893812771666,1644.7265625,2406.7946428571427,0.054794377143271816,-60,Bearish,High,31.3
42451.7890625,42451.7890625,44021.578125,41914.75,43925.1953125,24967782593,-0.03351981142193561,41531.27304280164,40932.038211871084,41369.26529626894,42839.553758512855,45061.333320240155,-0.03409447865241336,0.05880794057496538,2106.828125,2279.882254464286,0.05370521018814331,-60,Bearish,High,31.57
39137.60546875,39137.60546875,42479.61328125,38805.84765625,42458.140625,28516271427,-0.07806935036049167,41052.539527991314,40768.907962496436,41281.74922460153,42766.24785178488,45014.13230150318,-0.0812852755652355,0.06871223434134752,3673.765625,2450.041573660714,0.06260070191614012,-60,Bearish,High,29.35
39400.5859375,39400.5859375,39566.3359375,38777.03515625,39148.44921875,16975917450,0.00671938064683042,40722.14880989305,40644.51505113312,41207.97811530343,42699.60108120498,44969.40284840355,0.0066969062286334315,0.06874805613177426,789.30078125,2456.004464285714,0.06233421168359279,-60,Bearish,High,29.42
38419.984375,38419.984375,39640.17578125,38211.6484375,39404.19921875,19745229902,-0.024887994408395286,40261.715922914445,40442.28498966648,41098.64502744839,42614.85619593359,44917.21624702185,-0.025202937052357023,0.06786152886594332,1428.52734375,2414.517578125,0.06284535554616555,-100,Strong Bearish,High,19.29
38062.0390625,38062.0390625,39430.2265625,37260.203125,38429.3046875,28546143503,-0.009316643885282638,39821.78055083156,40225.89899628771,40979.562440587666,42524.70140121213,44862.59332124877,-0.0093603152707349,0.034282439777266555,2170.0234375,2394.950613839286,0.06292228879032578,-100,Strong Bearish,High,19.27
38737.26953125,38737.26953125,39304.44140625,37957.38671875,38059.90234375,25776583476,0.017740259990833174,39604.87834691525,40090.56904492064,40891.629385319524,42449.70275032178,44813.78596037229,0.01758473821596099,0.032460574517391344,1347.0546875,2357.5315290178573,0.06085951739876755,-100,Strong Bearish,High,19.79
41982.92578125,41982.92578125,42465.671875,38706.09375,38742.81640625,32284121034,0.08378639716414904,40080.4878337822,40262.601475496034,40934.42532241484,42440.459642023336,44791.22930555856,0.08046083301385845,0.0500477781172969,3759.578125,2488.888671875,0.0592833544961405,-100,Strong Bearish,High,20.18
39437.4609375,39437.4609375,42004.7265625,38832.94140625,41974.0703125,31078064711,-0.060630954045771346,39951.88245452577,40187.588699314576,40875.72083673191,42380.99432114168,44748.56979664973,-0.06254685680053026,0.05368932495678372,3171.78515625,2393.3289620535716,0.06068668989229529,-100,Strong Bearish,High,19.83
38794.97265625,38794.97265625,40081.6796875,38347.43359375,39439.96875,26364890465,-0.016291319622939393,39720.50049487061,40060.987240854156,40794.122868869876,42309.98399114383,44701.13077561069,-0.016425482290646415,0.04419970017271559,1734.24609375,2408.705078125,0.06208807258269712,-100,Strong Bearish,High,19.48
38904.01171875,38904.01171875,39308.59765625,38772.53515625,38794.46484375,14616450657,0.002810649293818468,39557.20273964649,39955.807647935595,40720.00086298282,42242.53899565088,44654.938591890685,0.002806706804667275,0.04410739668294232,536.0625,2353.9372209821427,0.060506285007302985,-100,Strong Bearish,High,19.87
37849.6640625,37849.6640625,39209.3515625,37728.14453125,38884.7265625,17300745310,-0.027101257933814904,39215.695004217196,39764.34004925963,40607.43863551291,42155.55137321225,44600.71329683578,-0.027475269974984843,0.044316108707527266,1481.20703125,2280.454520089286,0.06025032392159784,-100,Strong Bearish,High,19.94
39666.75390625,39666.75390625,39742.5,37680.734375,37846.31640625,24322159070,0.0480080837903738,39305.90678462376,39755.46858171329,40570.54903828691,42106.26825505458,44561.39887938091,0.04689129940953424,0.04775460540780996,2061.765625,1981.8490513392858,0.04996247124287678,-100,Strong Bearish,Medium,27.51
39338.78515625,39338.78515625,39794.62890625,38310.2109375,39664.25,23934000868,-0.008268101563720931,39312.48245894901,39717.58827030754,40522.244572324686,42051.466609533694,44519.78442740377,-0.00830247189817811,0.04770119832403261,1484.41796875,1956.3777901785713,0.049731525323113576,-100,Strong Bearish,Medium,27.57
41143.9296875,41143.9296875,41465.453125,39022.34765625,39335.5703125,39616916192,0.04588714481344902,39678.77190465921,39847.255671870495,40546.624380762936,42033.495581374606,44492.88518644836,0.044865467674200424,0.039087710897118315,2443.10546875,2013.4048549107142,0.04893564786356345,-100,Strong Bearish,Medium,27.77
40951.37890625,40951.37890625,41287.53515625,40662.87109375,41140.84375,22009601093,-0.00467993171076464,39933.29330497737,39947.630511359544,40562.497107252624,42012.067528401836,44464.66601290096,-0.004690916877794194,0.02924748760892417,624.6640625,1907.5359933035713,0.04658050703666155,-100,Strong Bearish,Medium,28.35
41801.15625,41801.15625,42195.74609375,40302.3984375,40944.83984375,34421564942,0.020750884742987363,40306.8658939819,40116.13285123595,40611.07197559566,42007.89106744339,44443.442827539206,0.020538517974936225,0.027962788330369307,1893.34765625,1780.36328125,0.042591244859405054,-60,Bearish,Low,44.35
42190.65234375,42190.65234375,42316.5546875,41602.66796875,41794.6484375,19664853187,0.009317830622209256,40683.623183935524,40304.72553237359,40673.01630375857,42011.51010261778,44425.49230575603,0.009274687432012266,0.02776613353360566,713.88671875,1774.9765625,0.04207037492661428,-60,Bearish,Low,44.48
41247.82421875,41247.82421875,42241.1640625,41004.7578125,42191.40625,20127946682,-0.022346848712323064,40796.46339089842,40390.461776589626,40695.55779062099,41996.387609867925,44400.172241317734,-0.022600322885966202,0.02666232307053183,1236.40625,1761.253627232143,0.042699309856725265,-60,Bearish,Low,44.33
41077.99609375,41077.99609375,41454.41015625,40668.04296875,41246.1328125,24615543271,-0.004117262624553253,40852.769931468734,40452.964896331476,40710.55537113585,41978.201639251725,44373.70071822954,-0.004125761887466681,0.022229487737915575,786.3671875,1662.4210379464287,0.04046986698553597,-60,Bearish,Low,44.88
42358.80859375,42358.80859375,43124.70703125,40948.28125,41074.10546875,32004652376,0.031180014163224357,41153.97766392499,40626.22341427861,40775.19275241484,41985.73841062793,44357.64580090301,0.03070379130997368,0.02320822080112782,2176.42578125,1721.661830357143,0.040644718005859407,-60,Bearish,Low,44.84
42892.95703125,42892.95703125,42893.5078125,41877.5078125,42364.37890625,25242943069,0.012610091153007819,41501.77353738999,40832.29010673056,40858.24233197701,42003.70313578876,44345.974974053184,0.012531246090632069,0.017841021849398016,1016.0,1525.6919642857142,0.035569754800867645,-60,Bearish,Low,46.11
43960.93359375,43960.93359375,44131.85546875,42726.1640625,42886.65234375,31042992291,0.024898646221148013,41993.605548661995,41116.712241914145,40979.91649910536,42042.46017456026,44342.906915245985,0.024593725965785046,0.018356723676248302,1405.69140625,1399.5424107142858,0.03183604842535148,-20,Neutral,Low,57.04
44348.73046875,44348.73046875,44999.4921875,43706.28515625,43964.546875,30574413034,0.008821397620525806,42464.6305326796,41410.5320807174,41112.026850856135,42088.12889325709,44342.953318062755,0.008782716407665668,0.017774376776687015,1293.20703125,1368.0396205357142,0.030847323160686484,-20,Neutral,Low,57.29
44500.828125,44500.828125,44735.99609375,44166.2734375,44349.859375,16950455995,0.003429583093865096,42871.870051143684,41691.468084743094,41244.92101846962,42135.90511566784,44344.211284651894,0.0034237154855725296,0.017866544839810077,569.72265625,1370.4439174107142,0.030795919427863777,-20,Neutral,Low,57.3
46820.4921875,46820.4921875,46827.546875,44437.29296875,44505.35546875,28160889722,0.052126312256127294,43661.59447841495,42157.743003175536,41463.57086823552,42228.669216100156,44363.94260658694,0.050813175792382204,0.018701053633295443,2390.25390625,1435.3758370535713,0.030657000172176402,-20,Neutral,Low,57.34
47128.00390625,47128.00390625,48086.8359375,46690.203125,46821.8515625,36362175703,0.0065678873583499,44354.87636398196,42609.584903455034,41685.70549717726,42325.68574461798,44385.96699941294,0.0065464127633699815,0.016938799790236058,1396.6328125,1387.8663504464287,0.02944886766702999,-20,Neutral,Low,57.64
47465.73046875,47465.73046875,48022.2890625,47100.4375,47100.4375,31397059069,0.0071661546110000085,44977.04718493557,43051.052682118214,41912.373143121295,42427.468808462174,44410.50694737579,0.00714059973919024,0.016710644015654308,921.8515625,1347.6830357142858,0.028392758784183455,20,Neutral,Low,67.9
47062.6640625,47062.6640625,47655.1484375,46746.2109375,47456.8984375,29333883962,-0.008491735032190584,45394.17056044846,43415.74462578928,42114.34533603811,42519.25485309659,44431.63967339272,-0.0085279952347302,0.019203856569765056,908.9375,1238.099609375,0.02630746971167597,20,Neutral,Low,68.42
45538.67578125,45538.67578125,47512.02734375,45390.5390625,47062.1484375,33327427106,-0.03238210822970233,45423.07160460878,43608.7383671948,42248.63280447779,42579.045366525366,44440.4606782362,-0.03291800954258311,0.02497794577883394,2121.48828125,1345.015625,0.029535677134331473,20,Neutral,Low,67.62
46281.64453125,46281.64453125,46616.2421875,44403.140625,45554.1640625,38162644287,0.016315115388267687,45594.78618993702,43851.729836654355,42406.79012709631,42652.36416186645,44455.13146590962,0.016183454010017757,0.025317226892209655,2213.1015625,1367.855189732143,0.02955502561730598,20,Neutral,Low,67.61
45868.94921875,45868.94921875,47028.28125,45782.51171875,46285.5,29336594194,-0.008917040798352427,45649.618795699615,44035.11341684486,42542.56107186705,42716.0589154681,44466.396946011926,-0.008957035540670266,0.025959228951316183,1245.76953125,1405.8468191964287,0.030649204813738267,20,Neutral,Low,67.34
46453.56640625,46453.56640625,47313.4765625,45634.10546875,45859.12890625,25414397610,0.012745379989237415,45810.40831780969,44254.97277951805,42695.933830078146,42790.06896479052,44482.23096561542,0.012664841243046981,0.017048233446828088,1679.37109375,1437.4871651785713,0.030944602888125453,20,Neutral,Low,67.26
46622.67578125,46622.67578125,46791.08984375,45235.81640625,46445.2734375,32499785455,0.003640395949819908,45972.86181049776,44470.21850694823,42849.92371051626,42865.96216907685,44499.28630279179,0.0036337857461326666,0.016864376577134636,1555.2734375,1492.4090401785713,0.0320103686708339,20,Neutral,Low,67.0
45555.9921875,45555.9921875,47106.140625,45544.80859375,46624.5078125,29640604055,-0.02287907280900814,45889.48788589821,44568.9252051802,42956.044042946996,42919.23009023374,44507.70627000063,-0.02314486060589607,0.018105373925652517,1561.33203125,1448.4737723214287,0.03179546098699332,60,Bullish,Low,77.05
43206.73828125,43206.73828125,45544.35546875,43193.953125,45544.35546875,39393395788,-0.05156849392240015,45352.93796496857,44445.09003027746,42965.875189547114,42924.923321739014,44497.3399912058,-0.05294570510057487,0.02547660286617622,2362.0390625,1544.619419642857,0.03574950299622965,60,Bullish,Low,76.06
43503.84765625,43503.84765625,43860.69921875,42899.90625,43207.5,26101973106,0.006876459247305178,44983.11990322486,44359.52254172951,42986.972149025656,42936.38716994715,44489.42371762049,0.0068529242315328075,0.024505475233713988,960.79296875,1512.8409598214287,0.03477487719650208,60,Bullish,Low,76.31
42287.6640625,42287.6640625,43903.01953125,42183.2890625,43505.13671875,27215995394,-0.02795577079433975,44444.02873507989,44171.17177089046,42959.548302495234,42923.54116781949,44471.87981598606,-0.028353972258937266,0.023381234394621246,1719.73046875,1543.306919642857,0.03649544031001315,20,Neutral,Low,65.88
42782.13671875,42782.13671875,42786.81640625,42183.25390625,42282.078125,16050772496,0.011693070951357853,44111.650331813915,44044.895857059506,42952.590985485615,42920.7410797191,44458.41572756187,0.011625235289932529,0.02518339556661523,603.5625,1545.7240513392858,0.036130127429139035,20,Neutral,Low,65.97
42207.671875,42207.671875,43376.37890625,42021.20703125,42781.08984375,17654475582,-0.013427680050824398,43730.854640451136,43877.8754950541,42923.37847134893,42906.62089744743,44440.48151359723,-0.013518646577317169,0.02312449126765746,1355.171875,1471.7896205357142,0.034870191961653044,-20,Neutral,Low,56.28
39521.90234375,39521.90234375,42424.58984375,39373.05859375,42201.0390625,33949912166,-0.06363225953812457,42889.06418111091,43481.87793584463,42789.98725065878,42839.596767671246,44401.28964770203,-0.06574699455484899,0.028665246954614053,3051.53125,1589.9966517857142,0.04023077224260073,-60,Bearish,Low,44.94
40127.18359375,40127.18359375,40617.5859375,39388.328125,39533.71484375,30991500854,0.015315083892861292,42336.68806363873,43176.90572292694,42685.563577838824,42785.88561571241,44367.23302575819,0.015198991801760951,0.032211922839146194,1229.2578125,1611.9542410714287,0.04017112831518278,-60,Bearish,Low,44.96
41166.73046875,41166.73046875,41430.0546875,39712.74609375,40123.5703125,27691105228,0.025906300465151855,42102.69654466098,42994.162518001765,42626.00149512946,42753.82313755474,44341.73101335175,0.02557641749549052,0.031734465891928784,1717.30859375,1669.695033482143,0.040559330665077276,-60,Bearish,Medium,39.86
39935.515625,39935.515625,41451.48046875,39695.74609375,41160.21875,24342001973,-0.029908006531745968,41669.26036072879,42716.10370954706,42520.492245320456,42698.0150679992,44306.621727388796,-0.030364373354540806,0.03215927610834391,1755.734375,1643.5697544642858,0.0411555911759756,-60,Bearish,Medium,39.71
40553.46484375,40553.46484375,40617.72265625,39866.83203125,39939.40234375,21756855753,0.015473675726454417,41446.10125733304,42519.50017629278,42443.3539158471,42655.54872692496,44276.71609484984,0.015355179227128868,0.0327439913740398,750.890625,1539.1261160714287,0.03795301146280809,-60,Bearish,Low,45.51
40424.484375,40424.484375,40633.6796875,40078.42578125,40552.31640625,16833150693,-0.0031805042860567623,41241.77788086643,42329.04419435707,42364.182561304086,42611.36923480763,44246.021021384906,-0.0031855728397045674,0.03188385469653554,555.25390625,1489.8035714285713,0.03685399070544289,-100,Strong Bearish,Low,35.79
39716.953125,39716.953125,40570.7265625,39620.89453125,40417.77734375,19087633042,-0.017502542356175654,40936.812929693144,42091.581369870066,42260.36964223334,42554.054064316384,44209.932830975464,-0.017657522881942136,0.03203913286625871,949.83203125,1437.693638392857,0.03619848768026203,-100,Strong Bearish,Low,35.95
40826.21484375,40826.21484375,40986.3203125,38696.19140625,39721.203125,33705182072,0.027929174608607443,40914.69331250452,41976.54804931369,42204.12827758693,42519.83942628536,44182.97093466291,0.027546268364385663,0.022260066398754934,2290.12890625,1490.183314732143,0.03650064842982308,-100,Strong Bearish,Low,35.87
41502.75,41502.75,41672.9609375,40618.6328125,40828.17578125,25303206547,0.016571096753378534,41032.304650003614,41933.47549937608,42176.62324709333,42499.699041606444,44161.61459255404,0.016435294339235306,0.02236248866792771,1054.328125,1453.96875,0.03503307009776461,-100,Strong Bearish,Low,36.24
41374.37890625,41374.37890625,42126.30078125,40961.09765625,41501.74609375,27819532341,-0.003093074404708074,41100.7195012529,41882.64853636462,42145.16268470732,42477.41547456968,44139.405543260786,-0.003097867846210707,0.02047196798552343,1165.203125,1368.48046875,0.03307555315454603,-100,Strong Bearish,Low,36.73
40527.36328125,40527.36328125,42893.58203125,40063.828125,41371.515625,35372786395,-0.020471984048854197,40986.04825725232,41759.44078589966,42081.719570846246,42438.80057965246,44110.62433001767,-0.020684439708319406,0.018226164841991674,2829.75390625,1501.9776785714287,0.03706082895519431,-100,Strong Bearish,Low,35.73
39740.3203125,39740.3203125,40777.7578125,39315.41796875,40525.86328125,28011716745,-0.019420038833716236,40736.90266830186,41575.88437922696,41989.89999208757,42385.36532683756,44075.80119043586,-0.019611085251918917,0.018771789230291866,1462.33984375,1483.5926339285713,0.03733217604343061,-100,Strong Bearish,Low,35.67
39486.73046875,39486.73046875,39935.859375,39352.203125,39738.72265625,16138021249,-0.0063811726165236005,40486.86822839149,41385.96129645633,41891.736481368454,42327.966616776415,44039.23488986466,-0.006401619327578674,0.018819422873867103,583.65625,1482.1707589285713,0.037535920075772514,-100,Strong Bearish,Low,35.62
39469.29296875,39469.29296875,39845.92578125,39233.5390625,39478.375,17964398167,-0.0004416040475622163,40283.35317646319,41211.7187212103,41796.73869655989,42271.3592178056,44002.82101001514,-0.00044170158334548267,0.01773198413390153,612.38671875,1429.1146763392858,0.03620826644831956,-100,Strong Bearish,Low,35.95
40458.30859375,40458.30859375,40491.75390625,38338.37890625,39472.60546875,35445730570,0.025057850055308917,40318.34425992055,41143.22689144118,41744.25124154774,42235.45722525004,43974.57788319231,0.024749050076096804,0.017000692249166376,2153.375,1364.960658482143,0.0337374622401541,-100,Strong Bearish,Low,36.57
38117.4609375,38117.4609375,40713.890625,37884.984375,40448.421875,34569088416,-0.057858267871623625,39878.16759543645,40868.15725926471,41602.02417080077,42153.912744304485,43927.907628644956,-0.05959955698854747,0.02579914029571034,2828.90625,1479.2212611607142,0.038806920103785156,-100,Strong Bearish,Low,35.3
39241.12109375,39241.12109375,39397.91796875,37997.3125,38120.30078125,30981015184,0.029478882606909007,39750.75829509916,40720.24488058155,41509.439736406624,42096.23370171925,43890.56271601631,0.029052734994520196,0.030171659230283088,1400.60546875,1456.599609375,0.037119214965726226,-100,Strong Bearish,Low,35.72
39773.828125,39773.828125,40269.46484375,38941.421875,39241.4296875,33903704907,0.013575224570606004,39755.37226107933,40634.206993710504,41441.3765359593,42050.24547247728,43857.76004995244,0.013483906721524785,0.030457481770602927,1328.04296875,1426.0502232142858,0.03585398465374109,-100,Strong Bearish,Low,36.04
38609.82421875,38609.82421875,39887.26953125,38235.53515625,39768.6171875,30882994649,-0.02926557389929385,39526.26265261346,40450.172195986815,41330.33526861776,41982.118318938126,43815.94382818988,-0.02970235366082905,0.03160939629577715,1651.734375,1490.396205357143,0.03860147606249306,-100,Strong Bearish,Low,35.35
37714.875,37714.875,38771.2109375,37697.94140625,38605.859375,23895713731,-0.023179313474195662,39163.98512209077,40201.50881453347,41188.55251298569,41897.618451236376,43767.329733941355,-0.023452178557919624,0.0324597805074899,1073.26953125,1527.3973214285713,0.040498538611849336,-100,Strong Bearish,Medium,29.88
38469.09375,38469.09375,38627.859375,37585.7890625,37713.265625,27002760110,0.019997911964443782,39025.00684767262,40044.01653593951,41081.90707129998,41829.72687299407,43725.11271414899,0.019800580200401846,0.03396242468710107,1042.0703125,1533.9857700892858,0.03987579692046387,-100,Strong Bearish,Medium,30.03
38529.328125,38529.328125,39074.97265625,38156.5625,38472.1875,32922642426,0.001565786170879102,38925.8711031381,39906.31758949046,40981.805936150966,41764.37244234072,43683.71204013187,0.0015645616058173508,0.03179044476448762,918.41015625,1436.005859375,0.03727046198979106,-100,Strong Bearish,Low,35.68
37750.453125,37750.453125,38629.99609375,37585.62109375,38528.109375,27326943244,-0.020215120218891713,38690.78750751048,39710.32991090042,40855.086218066615,41684.88889150228,43636.43507666468,-0.02042224184090012,0.023296345308351733,1044.375,1435.294921875,0.03802060116000263,-100,Strong Bearish,Low,35.49
39698.37109375,39698.37109375,39902.94921875,37732.05859375,37748.01171875,36754404490,0.051599856624237495,38892.30422475839,39709.24274570493,40809.72484064243,41645.551905408174,43605.05608078488,0.050312677532991644,0.028687458142581883,2170.890625,1507.1297433035713,0.03796452352527002,-100,Strong Bearish,Low,35.51
36575.140625,36575.140625,39789.28125,35856.515625,39695.74609375,43106256317,-0.07867402068901796,38428.87150480671,39424.32437109539,40643.662714538805,41545.14772163771,43549.04081818899,-0.08194136472907673,0.041803896844003804,3932.765625,1585.916294642857,0.04336049752762522,-100,Strong Bearish,Medium,29.16
36040.921875,36040.921875,36624.359375,35482.1328125,36573.18359375,37795577489,-0.014606061408683924,37951.28157884537,39116.74232599581,40463.16307377258,41436.15315041716,43489.21516923927,-0.014713780107637159,0.04112300308462467,1142.2265625,1563.051060267857,0.04336878689421307,-100,Strong Bearish,Medium,29.16
35501.953125,35501.953125,36129.92578125,34940.82421875,36042.50390625,24375896406,-0.014954355270636377,37461.4158880763,38788.12512590528,40268.60582087954,41318.64423902276,43425.57164697442,-0.015067299056939674,0.04078098027936454,1189.1015625,1606.297154017857,0.04524531786637745,-100,Strong Bearish,Medium,28.69
34059.265625,34059.265625,35502.94140625,33878.96484375,35502.94140625,36763041910,-0.040636848764922684,36780.98583546104,38358.228807641164,40025.102283786226,41174.89416745795,43350.939726480596,-0.04148559878699712,0.040232979895002664,1623.9765625,1678.5535714285713,0.04928331661374661,-100,Strong Bearish,High,22.68
30296.953125,30296.953125,34222.07421875,30296.953125,34060.015625,63355494961,-0.11046369999353145,35484.179293368834,37625.38556376469,39643.60623834363,40959.48939433997,43246.92389698673,-0.1170549632581505,0.05365805307623218,3925.12109375,1805.1068638392858,0.05958047518480576,-100,Strong Bearish,High,20.1
31022.90625,31022.90625,32596.30859375,29944.802734375,30273.654296875,59811038817,0.02396125848050934,34591.92468469507,37025.160171604264,39305.539572134076,40762.72537167977,43149.52136593504,0.023678692386482958,0.05797937743340056,2651.505859375,1792.4354073660713,0.05777780433985199,-100,Strong Bearish,High,20.56
28936.35546875,28936.35546875,32013.40234375,28170.4140625,31016.18359375,70388855818,-0.06725839173272163,33460.810841506056,36289.8142895266,38898.90490141313,40528.5398290475,43036.269048029186,-0.06962706368652095,0.04779330548548515,3842.98828125,1966.891322544643,0.06797301493855366,-100,Strong Bearish,High,18.01
29047.751953125,29047.751953125,30032.439453125,26350.490234375,28936.734375,66989173272,0.003849706798608521,32578.19906382985,35631.44498621736,38512.58517795085,40301.197494870816,42924.80676042038,0.0038423156405122537,0.04779214585531877,3681.94921875,2135.0274832589284,0.07350060984768354,-100,Strong Bearish,High,16.62
29283.103515625,29283.103515625,30924.802734375,28782.330078125,29030.91015625,42841124537,0.008102229834508146,31919.179954188883,35054.323034345325,38150.644720604745,40083.01741607387,42816.107929784564,0.008069582993285078,0.04996495454671828,2142.47265625,2170.0802176339284,0.07410690661514098,-100,Strong Bearish,High,16.47
30101.265625,30101.265625,30192.802734375,28702.91015625,29285.642578125,28579868620,0.027939733537411415,31555.597088351107,34604.0450880412,37834.98279528691,39885.35896476547,42714.794445284286,0.027556540350855446,0.054437303905653885,1489.892578125,2199.8390066964284,0.07308127950837377,-100,Strong Bearish,High,16.73
31305.11328125,31305.11328125,31308.19140625,29527.740234375,30098.5859375,25835372065,0.03999325713567892,31505.500326930887,34304.14219651473,37578.90948101095,39715.453109646354,42623.88065114855,0.03921422960887751,0.05841198863892817,1780.451171875,2252.580496651786,0.07195567306894093,-100,Strong Bearish,High,17.01
29862.91796875,29862.91796875,31305.341796875,29251.884765625,31304.375,32613897286,-0.046069001557128786,31176.98385529471,33900.39453944521,37276.32157856935,39520.35340388603,42522.19967359956,-0.047163938825930986,0.040784598684258454,2053.45703125,2333.6552734375,0.07814558764416624,-100,Strong Bearish,High,15.46
30425.857421875,30425.857421875,30694.490234375,29570.302734375,29862.408203125,29101473475,0.018850785235190015,31026.75856861077,33584.52752875701,37007.67592536565,39340.26437453928,42425.81447637467,0.018675310971867837,0.04029926329066156,1124.1875,2339.3561662946427,0.07688710736587943,-100,Strong Bearish,High,15.78
28720.271484375,28720.271484375,30618.716796875,28720.271484375,30424.478515625,31285268319,-0.05605711989808215,30565.46115176362,33142.32243381319,36682.679672777784,39129.96748562513,42316.606962494196,-0.05768962303395388,0.037126520170454175,1898.4453125,2319.8957868303573,0.08077555214241186,-100,Strong Bearish,High,14.81
30314.333984375,30314.333984375,30430.751953125,28708.955078125,28720.359375,33773447707,0.05550304428240649,30515.235718285898,32885.232574773356,36432.94062617375,38955.400485600374,42220.971321234276,0.054017472510896065,0.04266380262768272,1721.796875,2161.9694475446427,0.07131838847783997,-100,Strong Bearish,High,17.17
29200.740234375,29200.740234375,30664.9765625,28793.60546875,30311.119140625,30749382605,-0.036734890846488066,30252.33662150372,32550.27872564623,36149.32492453459,38762.23889646719,42117.2244599844,-0.03742660999960213,0.0456726045340438,1871.37109375,2214.051199776786,0.0758217491065659,-100,Strong Bearish,High,16.04
29432.2265625,29432.2265625,29588.869140625,29027.39453125,29199.859375,17274840442,0.007927413013061102,30088.31460970298,32266.819438087477,35885.909302494016,38577.48617698269,42016.14877952635,0.007896156156526583,0.04424904305160299,561.474609375,2169.220703125,0.07370222903519075,-100,Strong Bearish,High,16.57
30323.72265625,30323.72265625,30425.861328125,29275.18359375,29432.47265625,21631532270,0.030289794482822652,30135.396219012386,32090.17427610225,35667.78433597465,38414.045315186,41922.98203750821,0.02984011653578575,0.042871493302292625,1150.677734375,2135.413643973214,0.07042056373421836,-100,Strong Bearish,High,17.39
29098.91015625,29098.91015625,30590.5859375,28975.560546875,30309.396484375,31483454557,-0.04039123144227663,29928.09900645991,31818.2411742975,35410.18142696584,38229.58719322687,41820.79819781691,-0.04122961033666706,0.0419368705281158,1615.025390625,1970.4068080357142,0.0677141101661672,-100,Strong Bearish,High,18.07
29655.5859375,29655.5859375,29774.35546875,28786.58984375,29101.125,26616506245,0.019130468401079792,29873.59639266793,31621.63615277045,35184.51101561424,38059.80499014317,41723.86423558331,0.01894978176706928,0.04196140148117148,987.765625,1851.5682198660713,0.0624357321338484,-100,Strong Bearish,High,19.39
29562.361328125,29562.361328125,30157.78515625,29384.94921875,29653.134765625,27525063551,-0.003143576713387941,29811.349379759347,31434.429350529954,34964.034557281324,37891.538779014096,41626.95982994619,-0.0031485281301596416,0.03469150450262518,772.8359375,1632.2716238839287,0.0552145211191577,-100,Strong Bearish,High,21.2
29267.224609375,29267.224609375,29834.16015625,28261.90625,29564.77734375,36774325352,-0.009983529917456657,29702.52442568248,31237.410737697686,34740.630245598724,37720.7602806054,41528.47588396554,-0.010033699544872113,0.02691520348939063,1572.25390625,1481.5791015625,0.05062246664440859,-100,Strong Bearish,Medium,27.34
28627.57421875,28627.57421875,29346.943359375,28326.61328125,29251.140625,36582005748,-0.02185551924250806,29487.534384295985,31000.152872338807,34500.90255827133,37540.69719027163,41425.67985476064,-0.022097889022563728,0.024339686988427502,1020.330078125,1401.426060267857,0.04895371328213953,-100,Strong Bearish,Medium,27.76
28814.900390625,28814.900390625,28814.900390625,28554.56640625,28622.625,35519577634,0.006543557286537771,29353.00758556179,30801.49355581937,34277.92208110873,37367.909134833084,41325.195556241626,0.006522241153916333,0.02424410971259977,260.333984375,1313.6004464285713,0.045587540773035416,-100,Strong Bearish,Medium,28.6
29445.95703125,29445.95703125,29498.009765625,28841.107421875,29019.8671875,18093886409,0.02190035821988534,29371.597474699432,30678.262962676697,34088.43325562408,37211.03879614827,41230.5402691899,0.02166399017895866,0.022533267469518198,683.109375,1235.2188895089287,0.04194867526968244,-100,Strong Bearish,Medium,29.51
31726.390625,31726.390625,31949.630859375,29303.572265625,29443.365234375,39277993274,0.07744470968730455,29842.556104759547,30773.54729561518,33995.80413285451,37102.43190167009,41154.80999314058,0.07459222816391974,0.0315337298500328,2646.05859375,1277.547572544643,0.040267661948849336,-100,Strong Bearish,Medium,29.93
31792.310546875,31792.310546875,32249.86328125,31286.154296875,31723.865234375,33538210634,0.0020777630413166825,30232.50699318264,30866.162136638795,33909.392619678845,36997.28098375336,41080.20840392731,0.0020756074770069063,0.0315900218093151,963.708984375,1266.0848214285713,0.03982361771290071,-100,Strong Bearish,Low,35.04
29799.080078125,29799.080078125,31957.28515625,29501.587890625,31792.5546875,41135817341,-0.06269536357891181,30145.821610171115,30769.154676773902,33748.20389255909,36854.74235195873,40990.31893519582,-0.06474693067083527,0.04252890498323106,2455.697265625,1305.8885323660713,0.04382311564459005,-100,Strong Bearish,Medium,29.04
30467.48828125,30467.48828125,30604.734375,29652.705078125,29794.890625,29083562061,0.02243049790035867,30210.154944386893,30741.730458999,33619.54837839011,36728.262073330836,40906.47167898908,0.02218263391098452,0.04286015653753838,952.029296875,1250.9051339285713,0.04105704816824008,-100,Strong Bearish,Medium,29.74
29704.390625,29704.390625,30633.03515625,29375.689453125,30467.806640625,26175547452,-0.02504629358369581,30109.002080509516,30647.426837726365,33466.01278021795,36589.175509997556,40817.212068997134,-0.02536528971019155,0.04323007258697773,1257.345703125,1207.046177455357,0.04063527822178164,-100,Strong Bearish,Medium,29.84
29832.9140625,29832.9140625,29930.564453125,29500.005859375,29706.138671875,16588370958,0.004326748833952898,30053.784476907615,30573.380221796695,33323.5383206996,36455.38815460157,40729.68778209278,0.00431741536890466,0.04322750208793818,430.55859375,1197.695033482143,0.04014676645308501,-100,Strong Bearish,Medium,29.96
29906.662109375,29906.662109375,30117.744140625,29574.44921875,29835.1171875,17264085441,0.00247203631266113,30024.360003401096,30512.76948430381,33189.54317515746,36325.71041113174,40643.44853370459,0.002468985857085947,0.04259547341887973,543.294921875,1154.310546875,0.03859710397146434,-100,Strong Bearish,Low,35.35
31370.671875,31370.671875,31693.291015625,29894.1875,29910.283203125,31947336829,0.048952630028413324,30293.62237772088,30590.760610730737,33118.21488887678,36227.59083615883,40569.561867101365,0.04779217112896654,0.03564315226730858,1799.103515625,1167.458984375,0.03721498184759551,-100,Strong Bearish,Low,35.7
31155.478515625,31155.478515625,31489.68359375,29311.68359375,31371.7421875,40770974039,-0.006859698773187373,30465.993605301705,30642.098602084763,33041.24483502377,36127.152968425486,40494.54925075494,-0.006883334658869973,0.03564956812703833,2178.0,1252.4757254464287,0.0402008181263623,-100,Strong Bearish,Medium,29.95
30214.35546875,30214.35546875,31253.69140625,29944.404296875,31151.48046875,30242059107,-0.03020730515832104,30415.665977991364,30603.212862690692,32930.38642850323,36010.06786942201,40412.63535607761,-0.030672946983430784,0.027095948394333408,1309.287109375,1290.793666294643,0.04272120474751416,-100,Strong Bearish,Medium,29.32
30111.998046875,30111.998046875,30609.310546875,30020.265625,30215.279296875,21692004719,-0.003387708269364409,30354.932391768092,30558.556970343812,32819.861393929576,35893.2744075894,40330.55856476922,-0.0033934595457949636,0.025600368716155845,589.044921875,1220.564453125,0.04053415689071716,-100,Strong Bearish,Medium,29.87
29083.8046875,29083.8046875,30245.80859375,28978.146484375,30110.330078125,29867476527,-0.03414563715680452,30100.706850914474,30424.488580994373,32673.349366226455,35758.43342303317,40240.94299602604,-0.03474221923780006,0.027239348868447928,1267.662109375,1238.2310267857142,0.04257458885074609,-100,Strong Bearish,Medium,29.36
28360.810546875,28360.810546875,29401.916015625,28236.212890625,29084.666015625,27246574439,-0.024858994495164377,29752.72759010658,30236.881486983522,32504.230196840126,35611.94584132708,40146.280586072644,-0.02517319741030233,0.02818037485182769,1165.703125,1302.9002511160713,0.04594016271018158,-100,Strong Bearish,Medium,28.51
26762.6484375,26762.6484375,28502.685546875,26762.6484375,28373.513671875,34163220274,-0.056351073137826724,29154.71175958527,29921.042118848658,32279.070127846397,35436.7122293701,40039.63809883302,-0.05800108151881945,0.033481740353529084,1740.037109375,1378.3950892857142,0.05150443509000021,-100,Strong Bearish,High,22.12
22487.388671875,22487.388671875,26795.58984375,22141.2578125,26737.578125,68204556440,-0.15974726027617203,27821.247142043216,29245.25544185105,31895.082619769088,35180.28998070683,39899.77953766204,-0.17405255177667042,0.05868743935809018,4654.33203125,1521.8431919642858,0.06767540749930011,-100,Strong Bearish,High,18.08
22206.79296875,22206.79296875,23018.951171875,20950.818359375,22487.986328125,50913575242,-0.012477914053041661,26698.356307384573,28605.395217023684,31515.149692278144,34923.38904977699,39758.79956500139,-0.012556416941057361,0.058068002116662014,2068.1328125,1600.7306082589287,0.07208292572959635,-100,Strong Bearish,High,16.98
22572.83984375,22572.83984375,22642.671875,20178.376953125,22196.73046875,54912007015,0.01648355417709846,25873.25301465766,28056.98109218062,31164.470874688806,34678.82371896457,39621.85964690377,0.01634917508386348,0.06296943671318798,2464.294921875,1601.3447265625,0.07094121686270159,-100,Strong Bearish,High,17.26
20381.650390625,20381.650390625,22868.921875,20265.2265625,22576.3046875,31183975654,-0.09707194434960298,24774.93248985113,27359.22375567556,30741.615169431403,34395.71137582914,39468.5512066147,-0.10211240133010355,0.06401858785084134,2603.6953125,1719.3208705357142,0.08435631254506036,-100,Strong Bearish,High,13.91
20471.482421875,20471.482421875,21243.3125,20326.51953125,20385.71875,27132421514,0.004407495444594733,23914.242476255906,26733.065452602783,30338.86486560566,34119.98406981024,39317.18014060084,0.004397810882562394,0.06775973938959841,916.79296875,1694.9956752232142,0.08279789613145017,-100,Strong Bearish,High,14.3
19017.642578125,19017.642578125,20736.041015625,17708.623046875,20473.42578125,42009436760,-0.07101780974085614,22934.922496629726,26031.663373104802,29894.89536413583,33820.927802648155,39155.43083731418,-0.07366571122488891,0.06725590771837321,3027.41796875,1880.485630580357,0.09888111120267774,-100,Strong Bearish,High,10.28
20553.271484375,20553.271484375,20683.822265625,18067.15234375,19010.90234375,35329942625,0.0807475952890373,22458.592294178783,25533.627746856637,29528.55717277266,33558.20193495958,39007.20645999993,0.07765301952407,0.08432730381532652,2616.669921875,2028.5838448660713,0.09869882983875539,-100,Strong Bearish,High,10.33
20599.537109375,20599.537109375,20913.322265625,19689.169921875,20553.37109375,30818458597,0.002251010260589048,22086.781257218026,25085.074052540123,29178.399523227657,33301.59471069057,38860.53180381966,0.002248480532576946,0.05949022393502766,1224.15234375,1987.515904017857,0.09648352258912285,-100,Strong Bearish,High,10.88
20710.59765625,20710.59765625,21620.62890625,20415.0625,20594.294921875,28970212744,0.0053914098304885805,21811.54453702442,24687.394380150112,28846.328861777554,33052.26803634522,38715.910814596,0.005376928208097346,0.05987363295818102,1205.56640625,1918.056361607143,0.09261231343694787,-100,Strong Bearish,High,11.85
19987.029296875,19987.029296875,20835.75,19848.078125,20719.4140625,28574793478,-0.034937106663198714,21446.641488994537,24260.088463488737,28498.905349428434,32793.550437543825,38566.67669891694,-0.03556200532463169,0.05928314728897553,987.671875,1895.0838448660713,0.09481568354744796,-100,Strong Bearish,High,11.3
21085.876953125,21085.876953125,21135.76171875,19950.1171875,19986.607421875,26188097173,0.05497803800296652,21374.48858182063,23971.523780728396,28208.19835349497,32561.71531904048,38427.387457914614,0.053519949652552336,0.050784086611260125,1185.64453125,1937.6981026785713,0.09189554254661425,-100,Strong Bearish,High,12.03
21231.65625,21231.65625,21472.91796875,20777.51171875,21084.6484375,24957784918,0.006913598955313738,21345.922115456506,23722.444914298543,27934.608467083403,32337.357713712943,38290.369679365496,0.006889809613761697,0.05078910113165705,695.40625,1896.8226841517858,0.08933936485297918,-100,Strong Bearish,High,12.67
21502.337890625,21502.337890625,21520.9140625,20964.5859375,21233.609375,18372538715,0.012748964915301864,21377.205270490205,23520.617003055493,27682.36256212425,32122.802865731002,38156.60050176598,0.01266838104662478,0.03707399120234173,556.328125,1853.2958984375,0.08619043695920783,-100,Strong Bearish,High,13.45
21027.294921875,21027.294921875,21783.724609375,21016.26953125,21496.494140625,18027170497,-0.02209261947079333,21307.223200767166,23293.95135931181,27421.379517408594,31903.089837139796,38020.11201108956,-0.02234031636729734,0.02827184846181162,767.455078125,1783.8257533482142,0.08483382004084959,-100,Strong Bearish,High,13.79
20735.478515625,20735.478515625,21478.08984375,20620.19921875,21028.23828125,20965695707,-0.013877981325425726,21192.874263738733,23061.362918976647,27159.18732126022,31681.94901889198,37882.385847779085,-0.013975180844796839,0.029023337550642275,857.890625,1512.6513671875,0.0729499136490946,-100,Strong Bearish,High,16.76
20280.634765625,20280.634765625,21164.423828125,20228.8125,20731.544921875,21381535161,-0.02193553187871977,21010.42636411599,22808.569450490133,26889.440162215702,31456.180419817385,37742.13285110854,-0.022179692795419582,0.03016747250247795,935.611328125,1431.7569754464287,0.07059724668348197,-100,Strong Bearish,High,17.35
20104.0234375,20104.0234375,20364.15625,19937.791015625,20281.169921875,23552740328,-0.008708372798288844,20829.14577879279,22562.70163112739,26623.34538869744,31231.385232048724,37601.59014661764,-0.00874651225988825,0.02686482130626995,426.365234375,1286.1905691964287,0.06397677426088251,-100,Strong Bearish,High,19.01
19784.7265625,19784.7265625,20141.16015625,18729.65625,20108.3125,26267239923,-0.01588223750298734,20620.261935534232,22310.158443070355,26355.164258258326,31004.718723740825,37459.62310610674,-0.016009711756282033,0.01382966146759963,1411.50390625,1201.0340401785713,0.0607051119147137,-100,Strong Bearish,High,19.82
19269.3671875,19269.3671875,20632.671875,19073.708984375,19820.470703125,30767551159,-0.02604834458398897,20350.082985927387,22033.72287438214,26077.289863326627,30772.335525003382,37314.68082787083,-0.02639361166796203,0.01311971475745247,1558.962890625,1246.9033203125,0.06470909543523379,-100,Strong Bearish,High,18.82
19242.255859375,19242.255859375,19371.748046875,19027.08203125,19274.8359375,18100418740,-0.0014069651515379311,20128.51756061691,21779.953145745127,25809.249314152054,30544.017115783015,37170.67744166767,-0.0014079558563739067,0.008717110389329076,344.666015625,1055.2781808035713,0.054841708192411874,-100,Strong Bearish,High,21.29
19297.076171875,19297.076171875,19558.26953125,18966.951171875,19242.095703125,16390821947,0.002848954556089245,19962.229282868528,21554.237057211478,25553.86997523923,30321.305413923452,37028.25830804383,0.0028449039765122944,0.010594265146613553,591.318359375,910.6102120535714,0.04718902511152248,-100,Strong Bearish,Medium,28.2
20231.26171875,20231.26171875,20258.748046875,19063.06640625,19297.314453125,21594638208,0.04841073013105235,20016.035770044822,21433.9665718968,25345.140239690634,30121.502568474472,36894.417697770565,0.04727542718300751,0.024765041413737535,1195.681640625,908.5765904017857,0.044909536687953173,-100,Strong Bearish,Medium,28.77
20190.115234375,20190.115234375,20635.466796875,19341.232421875,20225.353515625,26715546990,-0.0020338071321012174,20050.85166291086,21320.889177576635,25142.982396344923,29924.841433145768,36761.31568611004,-0.002035878126304793,0.02336579778897707,1294.234375,914.9100167410714,0.04531474962477564,-100,Strong Bearish,Medium,28.67
20548.24609375,20548.24609375,20595.529296875,19823.51171875,20194.619140625,24598943708,0.017737930428710857,20150.330549078688,21250.64889722876,24962.796658988264,29739.166277910208,36632.12788059323,0.017582449257883936,0.023954903604693056,772.017578125,899.5061383928571,0.04377532438967883,-100,Strong Bearish,Medium,29.06
21637.587890625,21637.587890625,21771.81640625,20296.103515625,20547.814453125,25814972520,0.053013857820514154,20447.78201738795,21285.82516935569,24832.39631513088,29578.738983112482,36512.64947429866,0.05165639338861742,0.028220730424416522,1475.712890625,920.2253069196429,0.042529015321451445,-100,Strong Bearish,Medium,29.37
21731.1171875,21731.1171875,22314.94140625,21257.453125,21637.154296875,49899834488,0.004322538045727464,20704.449051410364,21326.306261914262,24710.777525812024,29423.340531714213,36394.86834053931,0.0043132227124235666,0.023022920729445773,1057.48828125,946.0883091517857,0.043536110039293655,-100,Strong Bearish,Medium,29.12
21592.20703125,21592.20703125,21877.138671875,21445.95703125,21716.828125,29641127858,-0.006392223420980114,20882.000647378292,21350.479059126603,24588.480643672337,29268.26858120997,36276.918848035006,-0.0064127411638449485,0.023762054430506132,431.181640625,937.1492745535714,0.043402199376712754,-100,Strong Bearish,Medium,29.15
20860.44921875,20860.44921875,21591.080078125,20727.123046875,21591.080078125,28688807249,-0.03388990349346599,20877.690361652636,21305.93089181964,24442.28333289107,29101.77710868601,36154.07845258254,-0.03447747972502637,0.030545357890658556,865.083984375,944.1227678571429,0.04525898545888153,-100,Strong Bearish,Medium,28.69
19970.556640625,19970.556640625,20856.353515625,19924.5390625,20856.353515625,24150249025,-0.04265931997884009,20696.263617447108,21184.533232620128,24266.921501821813,28920.960861793712,36025.12608754702,-0.04359596339476734,0.0319026397164482,935.91015625,949.6955915178571,0.047554788211859045,-100,Strong Bearish,Medium,28.11
19323.9140625,19323.9140625,20043.4453125,19308.53125,19970.474609375,25810220018,-0.03237979740682695,20421.793706457687,21015.38603533648,24073.0780728288,28730.920331114627,35892.04870089326,-0.03291562138901987,0.0339983081149557,734.9140625,935.3600725446429,0.048404276148164165,-100,Strong Bearish,Medium,27.9
20212.07421875,20212.07421875,20223.052734375,18999.953125,19325.97265625,33042430345,0.04596171114078618,20379.84980891615,20942.35768837407,23921.666156982574,28562.230309087605,35767.10866517897,0.044936759944821686,0.03847357093189768,1223.099609375,992.2696707589286,0.049092916442907,-100,Strong Bearish,Medium,27.73
20569.919921875,20569.919921875,20789.89453125,19689.2578125,20211.466796875,31158743333,0.017704551212910147,20417.863831507922,20908.49970960143,23790.225128154827,28403.96673706359,35646.01552778212,0.017549651263241726,0.03212988080910375,1100.63671875,970.0648716517857,0.04715938979520159,-100,Strong Bearish,Medium,28.21
20836.328125,20836.328125,21138.244140625,20397.0,20573.15625,25905575359,0.012951348577769028,20501.556690206336,20901.938656455844,23674.386029991892,28254.11250712174,35528.01005046911,0.012868197042892807,0.03279784666410639,741.244140625,911.6563895089286,0.043753217171460176,-100,Strong Bearish,Medium,29.06
21190.31640625,21190.31640625,21514.404296875,20518.8984375,20834.103515625,24302954056,0.01698899533192111,20639.308633415072,20928.15481552804,23576.97153494319,28114.235356609428,35413.765479598835,0.016846296291970084,0.03390920661836979,995.505859375,958.1449497767857,0.04521617003765855,-100,Strong Bearish,Medium,28.7
20779.34375,20779.34375,21600.640625,20778.1796875,21195.041015625,22927802083,-0.01939436147960416,20667.31565673206,20914.626536843673,23467.260641416007,27968.989978260728,35297.15654151438,-0.01958489970974724,0.03199514902121782,822.4609375,974.6551339285714,0.04690500073798391,-100,Strong Bearish,Medium,28.27
22485.689453125,22485.689453125,22633.033203125,20781.912109375,20781.912109375,39974475562,0.08211740099467768,21030.990416010645,21057.450438323795,23428.76765363989,27860.4097698422,35195.07313841964,0.07891967823012867,0.03755420564309458,1853.689453125,1021.6556919642857,0.04543581792740176,-100,Strong Bearish,Medium,28.64
23389.43359375,23389.43359375,23666.962890625,21683.40625,22467.849609375,48765202697,0.0401919693193753,21502.679051558516,21269.448906998903,23427.225141487346,27771.875588137405,35101.00429742626,0.03940528200341783,0.030911164919940372,1983.556640625,1070.8929966517858,0.04578533261010408,-60,Bearish,Medium,38.55
23231.732421875,23231.732421875,24196.818359375,23009.94921875,23393.19140625,42932549127,-0.006742410894342465,21848.489725621814,21447.838317442183,23419.55876032608,27681.971763062902,35006.42842590792,-0.006765243636369361,0.03214074758983793,1186.869140625,1100.5252511160713,0.047371639408166424,-60,Bearish,Medium,38.16
23164.62890625,23164.62890625,23388.322265625,22431.1484375,23233.201171875,33631012204,-0.0028884421706671937,22111.717561747453,21603.910189151982,23409.561511146625,27592.519429264623,34912.071457623795,-0.0028926217700481673,0.033296873782064494,957.173828125,1063.4867466517858,0.04590994101204223,-60,Bearish,Medium,38.52
22714.978515625,22714.978515625,23671.927734375,22603.416015625,23163.751953125,31421555646,-0.01941107679491816,22232.369752522965,21704.91640064953,23382.32296230264,27495.934460677698,34814.88346605408,-0.019601945764881813,0.03610683121503474,1068.51171875,1064.274135044643,0.04685340707289502,-60,Bearish,Medium,38.29
22465.478515625,22465.478515625,22977.2109375,22002.91015625,22706.984375,24021799169,-0.010983941711781742,22278.991505143375,21774.058411101847,23346.3682781192,27396.321471666753,34716.481832982936,-0.011044710597189035,0.037052219509265474,974.30078125,1103.068359375,0.049100594879730834,-60,Bearish,Medium,37.72
22609.1640625,22609.1640625,22974.001953125,22306.83984375,22465.509765625,23565495303,0.006395837363315726,22345.0260166147,21849.9771066835,23317.458308879235,27301.526275445627,34620.00918142531,0.006375470790258249,0.03503467798119227,667.162109375,1088.9310825892858,0.04816326156858705,-60,Bearish,Medium,37.96
21361.701171875,21361.701171875,22649.12109375,21361.642578125,22607.15625,35574561406,-0.05517510011323534,22148.36104766676,21805.588385337272,23240.761950565342,27183.90597636502,34514.365292903,-0.056755659782032404,0.02886558281610183,1287.478515625,1114.0431082589287,0.05215142273994954,-60,Bearish,Medium,36.96
21239.75390625,21239.75390625,21361.12109375,20776.81640625,21361.12109375,28624673855,-0.005708686992848544,21966.63961938341,21754.14888723843,23162.2910468667,27066.19999477858,34408.59149699342,-0.0057250438268413185,0.020522958554350716,584.884765625,1103.3267299107142,0.05194630478209306,-60,Bearish,Medium,37.01
22930.548828125,22930.548828125,22986.529296875,21070.806640625,21244.169921875,31758955233,0.0796052030234431,22159.42146113173,21861.094336409937,23153.203116719964,26984.30591227059,34317.13298967175,0.07659542154936112,0.04010766741207672,1915.72265625,1152.7998046875,0.05027353742504221,-60,Bearish,Medium,37.43
23843.88671875,23843.88671875,24110.470703125,22722.265625,22933.640625,40212386158,0.0398306162434614,22496.314512655383,22041.34818934994,23180.288748172123,26922.119393587014,34233.68082815046,0.03905783089201425,0.042961019864872045,1388.205078125,1173.3404017857142,0.04920927597190102,-60,Bearish,Medium,37.7
23804.6328125,23804.6328125,24294.787109375,23481.173828125,23845.212890625,35887249746,-0.0016462880701044735,22757.97817262431,22201.646791454492,23204.77282912616,26860.386986040736,34150.580843962,-0.001647644691440151,0.04182914576094887,813.61328125,1178.5096261160713,0.049507574235601176,-60,Bearish,Medium,37.62
23656.20703125,23656.20703125,24572.580078125,23580.5078125,23796.818359375,28148218301,-0.006235163651508224,22937.62394434945,22333.87954052681,23222.47613117023,26796.937878025077,34066.96033549418,-0.006254683466181995,0.041528698091886244,992.072265625,1178.264369419643,0.0498078313173007,-60,Bearish,Medium,37.55
23336.896484375,23336.896484375,24121.642578125,23275.703125,23652.0703125,23553591896,-0.013497960448739299,23017.47845235456,22425.062899058463,23226.96320384493,26728.42220686369,33981.46181875219,-0.013589886059606543,0.04228769904770846,845.939453125,1179.94140625,0.050561196388732264,-60,Bearish,Medium,37.36
23314.19921875,23314.19921875,23464.787109375,22890.796875,23336.71875,25849159141,-0.0009725914343493569,23076.82260563365,22505.893473575874,23230.384224037287,26660.813830861436,33896.463710385644,-0.0009730647082914476,0.03306506994025313,573.990234375,1088.5343191964287,0.046689757987527,-60,Bearish,Medium,38.33
22978.1171875,22978.1171875,23415.041015625,22710.083984375,23308.43359375,28389250717,-0.014415336683737068,23057.08152200692,22548.82290211443,23220.491399075043,26587.889144854278,33809.46493331086,-0.01452024708261338,0.034025947638641175,704.95703125,997.2057756696429,0.04339806292798083,-60,Bearish,Medium,39.15
22846.5078125,22846.5078125,23578.650390625,22747.8359375,22981.302734375,26288169966,-0.0057275961266136655,23014.966780105537,22575.885166694934,23205.825376072098,26513.802385797757,33722.1106933044,-0.005744061707541017,0.018234069117053484,830.814453125,971.7732979910714,0.04253487254885342,-60,Bearish,Medium,39.37
22630.95703125,22630.95703125,23198.009765625,22485.701171875,22848.21484375,25120229769,-0.009434736504108754,22938.16483033443,22580.891699836302,23183.28151941241,26436.91435897503,33633.73496691353,-0.009479525568520927,0.005350422015188656,712.30859375,954.2829241071429,0.042167148423702075,-60,Bearish,Medium,39.46
23289.314453125,23289.314453125,23422.828125,22612.177734375,22626.833984375,28881249043,0.029091011085651708,23008.394754892546,22645.29376831709,23187.43967367565,26374.585647968102,33551.309305449075,0.028675899088160428,0.014789229677356477,810.650390625,935.8642578125,0.04018427677191349,-60,Bearish,Low,44.95
22961.279296875,22961.279296875,23326.5625,22961.279296875,23291.423828125,15978259885,-0.014085221654344782,22998.971663289038,22674.01972545872,23178.570639291313,26306.99542319398,33466.9265962174,-0.014185359813054537,0.015361507565754221,365.283203125,892.3630022321429,0.038863818983883545,-60,Bearish,Low,45.28
23175.890625,23175.890625,23359.009765625,22894.556640625,22963.505859375,15886817043,0.009346662498644243,23034.35545563123,22719.644352689742,23178.465540691654,26244.993347982218,33384.92630959416,0.009303252730044901,0.015480499315269274,464.453125,877.8837890625,0.03787918243433201,-60,Bearish,Low,45.53
23809.486328125,23809.486328125,24203.689453125,23176.546875,23179.52734375,28575544847,0.02733856978257987,23189.381630129985,22818.720895911127,23203.211453924334,26196.765486202865,33308.62798304859,0.02697154534457858,0.018744379301619762,1027.798828125,859.3352399553571,0.036092136895043626,-60,Bearish,Low,45.98
23164.318359375,23164.318359375,23898.615234375,22982.0,23811.484375,23555719219,-0.02709709734425869,23184.368975978992,22850.138847135113,23201.686234530243,26136.71702824588,33227.79683066872,-0.02747099349637511,0.021235788279381898,916.615234375,883.0302734375,0.0381202787726375,-60,Bearish,Low,45.47
23947.642578125,23947.642578125,24127.4140625,22771.51953125,23162.8984375,32837431722,0.033815983988709775,23337.023696408192,22949.911913588738,23230.939424475135,26093.369019332593,33153.85137845721,0.03325679505388167,0.0240539112241223,1355.89453125,843.0425502232143,0.03520357160304758,-60,Bearish,Low,46.2
23957.529296875,23957.529296875,24822.62890625,23900.99609375,23948.345703125,37127036580,0.00041284726535173455,23461.124816501553,23041.51349388749,23259.433144961404,26051.075163442343,33080.573911671694,0.00041276206736784357,0.023219358014883125,921.6328125,809.7159598214286,0.03379797431478242,-60,Bearish,Low,46.55
24402.818359375,24402.818359375,24412.56640625,23657.265625,23957.203125,27265804688,0.018586602023192844,23649.463525076244,23165.268481659085,23304.27178082076,26018.436414846947,33011.428449103594,0.018415982056898608,0.021998556761363648,755.30078125,805.55078125,0.0330105633450542,-60,Bearish,Low,46.75
24424.068359375,24424.068359375,24860.05078125,24346.115234375,24402.1875,22987346289,0.0008708010561344626,23804.384491935994,23279.704834178712,23348.185372136613,25986.864770184136,32943.00326910576,0.0008704221288590054,0.020289018157882897,513.935546875,771.3981584821429,0.03158352437979676,-60,Bearish,Low,47.1
24319.333984375,24319.333984375,24974.9140625,24206.259765625,24429.056640625,22994133555,-0.004288162539464846,23907.374390423796,23374.21657510565,23386.269631440082,25953.844358583956,32874.28877281308,-0.0042973830773317305,0.020878015681847148,768.654296875,765.8777901785714,0.03149254789093495,-60,Bearish,Low,47.13
24136.97265625,24136.97265625,25135.58984375,23839.775390625,24318.31640625,35123501685,-0.007498615226969818,23953.294043589038,23443.558037027862,23415.708965746355,25917.866701111994,32804.66872407553,-0.00752687118445491,0.01936150947612089,1295.814453125,817.4366629464286,0.03386657782597945,-20,Neutral,Low,56.53
23883.291015625,23883.291015625,24228.416015625,23733.5,24126.13671875,27753685646,-0.010510085263709001,23939.29343799623,23483.533762354873,23434.04551672199,25877.578073676606,32733.582049107798,-0.010565706274135412,0.015808107786696484,494.916015625,802.4337332589286,0.033598122333055265,-20,Neutral,Low,56.6
23335.998046875,23335.998046875,24407.05859375,23243.353515625,23881.31640625,30931623076,-0.02291530796119967,23818.63435977199,23470.121424583976,23430.200517904465,25827.2497563142,32658.700901679647,-0.023181944883864696,0.01270568137448251,1163.705078125,826.2116350446429,0.035405026748161025,-20,Neutral,Low,56.15
23212.73828125,23212.73828125,23563.83203125,23177.6015625,23341.0390625,23747613147,-0.005281958173694035,23697.455144067593,23446.72295700816,23421.67258705527,25775.47725185748,32583.434267253913,-0.005295957030778942,0.012580587739187023,386.23046875,802.9203404017857,0.0345896434394533,-20,Neutral,Low,56.35
20877.552734375,20877.552734375,23213.3125,20868.84765625,23213.3125,40509610260,-0.10059931398792521,23133.474662129076,23213.162027677874,23321.903181067806,25678.488647550894,32490.16031081663,-0.10602664190168617,0.03767617882869646,2344.46484375,912.478515625,0.04370620097261684,-100,Strong Bearish,Medium,29.07
21166.060546875,21166.060546875,21350.806640625,20856.73046875,20872.841796875,27595671000,0.013819043648011897,22739.991839078262,23027.06189305943,23237.360332668086,25589.13363565632,32399.928440187618,0.013724431302661714,0.039272499775973455,494.076171875,921.6780133928571,0.043545090091360227,-100,Strong Bearish,Medium,29.11
21534.12109375,21534.12109375,21668.845703125,21103.197265625,21160.392578125,23102307723,0.01738918520335342,22498.81769001261,22891.340002213117,23170.56663702424,25508.836357598768,32313.34830196899,0.017239723512555944,0.04152798920436536,565.6484375,928.90625,0.043136483070562975,-100,Strong Bearish,Medium,29.22
21398.908203125,21398.908203125,21531.462890625,20939.18359375,21531.462890625,31666498758,-0.006279006699941081,22278.835792635087,22755.6643841142,23101.089835694856,25427.451641668595,32226.380651778996,-0.006298802571622582,0.04157909566384273,594.9375,897.9875837053571,0.04196417757305109,-100,Strong Bearish,Medium,29.51
21528.087890625,21528.087890625,21646.203125,20955.138671875,21401.044921875,31878280659,0.006036741981122917,22128.68621223307,22644.066521069726,23039.403484907805,25350.23651788555,32141.135291132352,0.0060185938546632,0.042482836426904605,691.064453125,881.8768136160714,0.04096401027794526,-100,Strong Bearish,Medium,29.76
21395.01953125,21395.01953125,21783.076171875,21195.005859375,21526.455078125,31962253368,-0.006181150878381003,21981.95287603646,22530.516794722476,22974.917839666323,25271.915389437323,32055.508870734884,-0.00620033327852915,0.04241131822413439,588.0703125,827.0322265625,0.03865536207408084,-100,Strong Bearish,Low,35.34
21600.904296875,21600.904296875,21789.63671875,21362.44140625,21395.458984375,31028679593,0.009623023027591993,21905.74316020417,22446.006567645432,22921.034955635292,25199.22210047569,31972.205248632414,0.009577016652955654,0.0431922180880119,427.1953125,791.7152622767857,0.03665194990893613,-100,Strong Bearish,Low,35.84
20260.01953125,20260.01953125,21804.908203125,20199.482421875,21596.0859375,42326789564,-0.06207539958496022,21576.598434413336,22247.280473427665,22816.681409580968,25101.416109005873,31878.881059649288,-0.06408571655966329,0.027898095407636343,1605.42578125,852.4384765625,0.04207490892334329,-100,Strong Bearish,Medium,29.48
20041.73828125,20041.73828125,20340.775390625,19890.5234375,20262.48046875,30116729776,-0.010773990107132536,21269.62640378067,22046.77663777515,22707.860110430734,25001.22446885229,31784.5611968732,-0.010832449813926528,0.02677683115076847,450.251953125,847.8896484375,0.04230619303270421,-100,Strong Bearish,Medium,29.42
19616.814453125,19616.814453125,20139.0546875,19616.814453125,20041.03515625,24366810591,-0.021201944769558057,20939.06401364954,21825.870984625137,22586.642633673648,24894.60248834284,31687.6070395525,-0.0214299343072556,0.024655487389009117,522.240234375,830.2886439732143,0.042325355421860944,-100,Strong Bearish,Medium,29.42
20297.994140625,20297.994140625,20357.462890625,19600.78515625,19615.154296875,32637854078,0.03472427641744291,20810.85003904463,21686.973089716033,22496.891712377623,24803.580540863277,31596.85315191164,0.034134991629983055,0.030595794150820012,756.677734375,791.7788783482143,0.03900774001917386,-100,Strong Bearish,Low,35.25
19796.80859375,19796.80859375,20542.64453125,19617.640625,20298.611328125,34483360283,-0.024691382971281484,20608.041749985707,21515.13995371912,22391.006099882423,24704.436541910538,31502.828892484056,-0.02500132778356697,0.030550179219341583,925.00390625,822.4994419642857,0.041547072502582806,-100,Strong Bearish,Medium,29.61
20049.763671875,20049.763671875,20420.990234375,19799.58203125,19799.58203125,33225232872,0.012777568511970205,20496.38613436357,21381.923928096927,22299.192671333112,24612.264801909834,31411.569408654505,0.012696624168793951,0.03194859999917818,624.181640625,783.9620535714286,0.03910081267796383,-100,Strong Bearish,Low,35.22
20127.140625,20127.140625,20198.390625,19653.96875,20050.498046875,30182031010,0.0038592451457939436,20422.537032490858,21267.852718724476,22214.014159712206,24523.450461773005,31321.65364145407,0.0038518173635346637,0.03145495365562501,544.421875,795.2614397321429,0.039511893643965776,-100,Strong Bearish,Low,35.12
19969.771484375,19969.771484375,20401.568359375,19814.765625,20126.072265625,29123998928,-0.007818752974256604,20331.983922867686,21149.845333783614,22126.004643032316,24433.27860083443,31231.200397174558,-0.007849479691159277,0.02071536375600719,586.802734375,669.7141462053571,0.033536395082405586,-100,Strong Bearish,Low,36.62
19832.087890625,19832.087890625,20037.009765625,19698.35546875,19969.71875,23613051457,-0.006894600364241943,20232.00471641915,21030.049202587375,22036.04712333007,24342.16591350355,31140.370815449063,-0.006918477935497839,0.020490766881360242,338.654296875,658.6125837053571,0.03320944256286276,-100,Strong Bearish,Low,36.7
19986.712890625,19986.712890625,19999.689453125,19636.81640625,19832.470703125,25245861652,0.007796708085036963,20182.94635126032,20935.200446954434,21955.681074988697,24255.919318991102,31051.497047123772,0.007766470822269511,0.01864694044807788,362.873046875,644.1286272321429,0.03222784210475545,-100,Strong Bearish,Low,36.94
19812.37109375,19812.37109375,20031.16015625,19673.046875,19988.7890625,28813460025,-0.008722884940063236,20108.831299758258,20833.125051208575,21871.62970317542,24167.92826502593,30961.942258650673,-0.008761151996171085,0.012674728390955035,358.11328125,627.2126116071429,0.03165762485667367,-100,Strong Bearish,Low,37.09
18837.66796875,18837.66796875,20155.26953125,18800.171875,19817.724609375,43403978910,-0.04919669232863699,19854.598633556605,20651.71986189416,21752.650811629323,24062.378556188785,30865.334495384534,-0.0504480646723607,0.02087769619379899,1355.09765625,674.6435546875,0.03581353890548836,-100,Strong Bearish,Low,36.05
19290.32421875,19290.32421875,19427.171875,18644.466796875,18837.68359375,35239757134,0.024029314602578067,19741.743750595284,20527.956621608322,21656.088984457583,23967.88243069495,30773.10333780179,0.02374515374913594,0.022939153830045345,782.705078125,688.5460379464286,0.03569385512334566,-100,Strong Bearish,Low,36.08
19329.833984375,19329.833984375,19417.3515625,19076.71484375,19289.94140625,32194477850,0.0020481649337233954,19659.36179735123,20419.036381859834,21564.863298179836,23876.039887203468,30681.92190869082,0.00204607030353663,0.022826121237466815,340.63671875,682.36328125,0.035301041995579416,-100,Strong Bearish,Low,36.17
21381.15234375,21381.15234375,21439.41015625,19310.962890625,19328.140625,48469528171,0.10612188190716765,20003.719906630984,20506.501469304396,21557.658947025724,23826.636173471717,30607.81219104189,0.10086009766789074,0.04619615209769219,2128.447265625,719.7219587053571,0.033661513988311374,-100,Strong Bearish,Low,36.58
21680.5390625,21680.5390625,21760.275390625,21168.72265625,21376.912109375,36913738894,0.014002365912589188,20339.083737804787,20613.232159594903,21562.47777508354,23784.139200977228,30536.67854061526,0.01390523841339878,0.04561021332231719,591.552734375,729.8148716517857,0.03366221059116185,-100,Strong Bearish,Low,36.58
21769.255859375,21769.255859375,21770.552734375,21406.9453125,21678.54296875,34493951963,0.004092001431295067,20625.11816211883,20718.32522321127,21570.586719565556,23744.240520945503,30466.81859893207,0.004083651963045384,0.045698173720454455,363.607421875,718.4839564732143,0.033004525332169174,-100,Strong Bearish,Low,36.75
22370.44921875,22370.44921875,22439.181640625,21603.896484375,21770.1484375,50212088965,0.027616624254801714,20974.184373445063,20868.51831371479,21601.953876396317,23717.036732783214,30402.305695504325,0.027242163871664303,0.04496543021213712,835.28515625,724.0987723214286,0.03236853964088117,-60,Bearish,Low,46.91
20296.70703125,20296.70703125,22673.8203125,20062.669921875,22371.48046875,51091116622,-0.09270006906083372,20838.688905006053,20816.535469854356,21550.767725606267,23649.307431762754,30321.78299698437,-0.09728219892342403,0.058254820958682986,2611.150390625,844.5378069196429,0.04160959734105355,-60,Bearish,Medium,39.6
20241.08984375,20241.08984375,20467.201171875,19793.396484375,20184.5546875,37872380889,-0.0027402074343571003,20719.16909275484,20764.222231117594,21499.40780867073,23581.817974574384,30241.458748751425,-0.0027439686753737906,0.058123146571186585,673.8046875,848.0823102678571,0.041899043817036664,-100,Strong Bearish,Medium,29.53
19701.2109375,19701.2109375,20318.166015625,19636.734375,20242.2890625,36389011503,-0.026672422800232853,20515.577461703873,20667.58484078872,21428.890284311095,23504.974270869938,30157.47271041476,-0.02703458624126178,0.059547480395445815,681.431640625,857.8687220982143,0.04354395903986368,-100,Strong Bearish,Medium,29.11
19772.583984375,19772.583984375,19870.62890625,19400.076171875,19704.005859375,30123362273,0.003622774615297697,20366.9787662381,20586.22112656929,21363.93709607831,23431.065552325483,30074.7245930758,0.0036162281734326176,0.04141972594029568,470.552734375,849.5651506696429,0.042966824737778304,-100,Strong Bearish,Medium,29.26
20127.576171875,20127.576171875,20162.53125,19777.033203125,19777.033203125,24957448100,0.017953757980268437,20319.09824736548,20544.52613068799,21315.45235395269,23365.649921029435,29995.46444629332,0.017794492715736767,0.04183619170955062,389.947265625,853.2289341517857,0.04239104236227081,-100,Strong Bearish,Medium,29.4
19419.505859375,19419.505859375,20127.234375,19387.4921875,20127.234375,31254779144,-0.035179114785287124,20139.179769767386,20442.251560568628,21241.101511028075,23287.50845446202,29911.193859943374,-0.03581280604750071,0.0422154632053175,740.083984375,880.1725725446429,0.0453241487666242,-100,Strong Bearish,Medium,28.67
19544.12890625,19544.12890625,19639.48046875,18390.318359375,19418.572265625,40177002624,0.006417415961943007,20020.169597063912,20360.60404653966,21174.55356574266,23213.38212677465,29828.58776469482,0.006396912022913548,0.039262594869322744,1249.162109375,943.8189174107143,0.048291685034316946,-100,Strong Bearish,Medium,27.93
18890.7890625,18890.7890625,19602.45703125,18813.455078125,19545.591796875,36791346508,-0.033428956945789956,19794.293490151133,20226.984502536056,21084.994173458632,23127.786224511787,29741.43399017534,-0.03400047754708742,0.021646748972484923,789.001953125,903.3835100446429,0.04782137511862564,-100,Strong Bearish,Medium,28.04
18547.400390625,18547.400390625,19674.630859375,18290.314453125,18891.283203125,46363793975,-0.018177571658806957,19544.914870245906,20074.295037816868,20985.480691778885,23037.08551492987,29652.238503326334,-0.018344813515223775,0.02154744377185892,1384.31640625,946.3557477678571,0.05102363284539885,-100,Strong Bearish,High,22.24
19413.55078125,19413.55078125,19456.91015625,18415.591796875,18534.650390625,41135767926,0.04669928789927913,19518.642052446725,20014.22737812897,20923.83638156207,22965.332351886704,29570.655334226125,0.045641677549128984,0.029433595058824393,1041.318359375,996.4044363839286,0.05132520308166789,-100,Strong Bearish,High,22.17
19297.638671875,19297.638671875,19464.671875,18617.552734375,19412.400390625,38896078052,-0.005970680514919002,19474.441376332383,19949.0829502877,20860.063922358655,22892.704754262708,29488.79862775321,-0.00598857629671097,0.029346384960399645,847.119140625,904.8809988839286,0.04689076286845039,-100,Strong Bearish,Medium,28.28
18937.01171875,18937.01171875,19310.197265625,18861.974609375,19296.990234375,26149643168,-0.01868762076318642,19366.955444815907,19857.076474693364,20784.650110452436,22814.37419910404,29404.720644414538,-0.018864440709329067,0.028165707391363613,448.22265625,894.6431361607143,0.04724309988544318,-100,Strong Bearish,Medium,28.19
18802.09765625,18802.09765625,19134.732421875,18696.46875,18936.310546875,23359966112,-0.007124358610731463,19253.983887102728,19761.16930938033,20706.902955385674,22734.923178453464,29320.237592716017,-0.007149858037088313,0.025528966192537677,438.263671875,899.9757254464286,0.047865708491694164,-100,Strong Bearish,Medium,28.03
19222.671875,19222.671875,19274.873046875,18721.28515625,18803.900390625,44148798321,0.022368473265013344,19247.721484682184,19712.214997163934,20648.697814978394,22665.37364769201,29239.778901738202,0.022121968157295297,0.027290618562967953,553.587890625,879.8544921875,0.045771706342851985,-100,Strong Bearish,Medium,28.56
19110.546875,19110.546875,20338.455078125,18915.66796875,19221.83984375,58571439619,-0.005832956039052206,19220.28656274575,19657.51789514903,20588.37817027336,22594.98103833177,29159.067889572958,-0.005850034170169328,0.023689096804902075,1422.787109375,794.9714006696429,0.04159856888813617,-100,Strong Bearish,Medium,29.6
19426.720703125,19426.720703125,19688.34375,18553.296875,19104.62109375,53071298734,0.016544467837213528,19261.5733908216,19636.536332237753,20542.82297548323,22532.243209911834,29081.51930641401,0.016409099157190264,0.022406741533094823,1135.046875,827.9172712053571,0.042617448608924385,-100,Strong Bearish,Medium,29.35
19573.05078125,19573.05078125,19589.265625,18924.353515625,19427.779296875,41037843771,0.007532412719634118,19323.86886890728,19630.76491851159,20504.792693356434,22473.645340037343,29005.754616970473,0.007504185755091534,0.014619974693504768,664.912109375,826.7373046875,0.04223855105303629,-100,Strong Bearish,Medium,29.44
19431.7890625,19431.7890625,20109.849609375,19265.662109375,19573.431640625,43975248085,-0.0072171538473359,19345.452907625826,19612.67620432872,20462.71411959736,22413.410562264326,28929.468038847204,-0.007243323491751529,0.014729636226329746,844.1875,853.4255022321429,0.043919039028635136,-100,Strong Bearish,Medium,29.02
19312.095703125,19312.095703125,19471.154296875,19231.08203125,19431.10546875,18719537670,-0.0061596674907298254,19338.78146672566,19585.35070421929,20417.591828755307,22351.998386835825,28852.835589956987,-0.006178716506548767,0.01248988814053919,240.072265625,842.7201450892857,0.04363690808309946,-100,Strong Bearish,Medium,29.09
19044.107421875,19044.107421875,19370.30859375,18970.62109375,19311.849609375,20765955327,-0.013876706359042923,19279.84665775553,19536.14676946072,20363.72969515216,22286.495595450462,28774.678393398564,-0.013973887936277964,0.013612010411608927,399.6875,818.4061104910714,0.042974243547429784,-100,Strong Bearish,Medium,29.26
19623.580078125,19623.580078125,19653.54296875,19025.2265625,19044.068359375,30484729489,0.030427924155919772,19348.593341829426,19544.095252066563,20334.70421997463,22233.764595107383,28701.761275348577,0.0299741763073446,0.015723071932259868,628.31640625,774.0599888392857,0.0394454011835564,-100,Strong Bearish,Low,35.14
20336.84375,20336.84375,20380.34375,19523.83984375,19623.583984375,35887278685,0.036347275524413414,19546.243423463544,19616.163297333238,20334.788123112878,22196.201806095356,28635.108546062933,0.035702295702777984,0.019287329836667207,856.50390625,778.8815569196429,0.03829903826249552,-100,Strong Bearish,Low,35.43
20160.716796875,20160.716796875,20343.748046875,19801.80078125,20335.900390625,33223790572,-0.008660486125090072,19669.138098145835,19665.66816092794,20327.961796593747,22155.89517224941,28567.58351220486,-0.00869820607502516,0.019977076011015664,541.947265625,718.7123325892857,0.03564914580322309,-60,Bearish,Low,46.09
19955.443359375,19955.443359375,20408.392578125,19900.087890625,20161.0390625,34711412966,-0.01018185214187517,19726.39915039167,19692.011360786764,20313.353230428307,22112.321869024174,28498.96088150502,-0.010234041758595132,0.020760266017422483,508.3046875,680.6399274553571,0.03410798323032972,-60,Bearish,Low,46.47
19546.849609375,19546.849609375,20041.0859375,19395.79296875,19957.55859375,29227315390,-0.02047530303595302,19690.489242188338,19678.81483793115,20283.294264896802,22061.520438140033,28427.629317583665,-0.020687828067475794,0.022397740304189534,645.29296875,666.2237723214286,0.03408343470355941,-60,Bearish,Low,46.48
19416.568359375,19416.568359375,19601.6953125,19299.4140625,19546.328125,16437423167,-0.006665076603316944,19635.705065625672,19654.9742489715,20249.30501369987,22009.145149451615,28355.828035048136,-0.0066873874171619555,0.02242512838445356,302.28125,655.7993861607143,0.033775246687403,-100,Strong Bearish,Low,36.56
19446.42578125,19446.42578125,19542.5390625,19349.259765625,19417.478515625,16837262532,0.0015377290838616275,19597.849208750536,19636.015297360453,20217.819553603797,21958.398231269402,28284.836782029823,0.0015365479891413887,0.021471427950597293,193.279296875,638.3005022321429,0.03282353834130199,-100,Strong Bearish,Low,36.79
19141.484375,19141.484375,19515.466796875,19102.978515625,19446.416015625,27425022774,-0.01568110303046133,19506.576242000432,19591.05794078223,20175.610330913452,21902.61775886803,28211.981384364248,-0.01580535214708789,0.01867055638002576,412.48828125,628.2219587053571,0.03281991858091502,-100,Strong Bearish,Low,36.8
19051.41796875,19051.41796875,19241.9609375,18925.603515625,19139.0,28711532910,-0.00470529894576166,19415.54458735035,19541.99976150657,20131.524355926653,21846.158357083514,28138.98884718804,-0.004716403712704758,0.007285801181879391,316.357421875,549.1912667410714,0.028826792191631548,-100,Strong Bearish,Low,37.79
19157.4453125,19157.4453125,19203.19921875,19029.7578125,19052.646484375,24950173846,0.005565325579645286,19363.92473238028,19507.040266142336,20093.325177753057,21792.91651461651,28067.422763246304,0.005549896374470987,0.009223500770283229,173.44140625,480.50516183035717,0.025081901787647718,-100,Strong Bearish,Low,38.73
19382.904296875,19382.904296875,19453.328125,18319.822265625,19156.966796875,44219840004,0.011768739552548313,19367.720645279227,19495.755178027124,20065.46553536568,21745.193500403806,27998.223412916654,0.011700026522297709,0.01150183879862696,1133.505859375,513.9761439732143,0.02651698301250344,-100,Strong Bearish,Low,38.37
19185.65625,19185.65625,19889.146484375,19115.408203125,19382.533203125,38452356727,-0.010176392755898878,19331.307766223385,19467.564366388295,20030.96321044938,21694.509594455216,27928.003754247995,-0.010228526229371489,0.009502237930863388,773.73828125,508.94405691964283,0.026527320738358524,-100,Strong Bearish,Low,38.37
19067.634765625,19067.634765625,19212.541015625,19019.25,19185.4375,16192235532,-0.0061515479500473536,19278.57316610371,19431.207129955266,19993.185624377835,21642.492271112045,27857.40320453785,-0.006170546675591737,0.009467714341932531,193.291015625,505.6025390625,0.02651626933687637,-100,Strong Bearish,Low,38.37
19268.09375,19268.09375,19389.603515625,19068.9140625,19068.9140625,17988916650,0.010513049302600663,19276.47728288297,19416.378640868425,19964.75064891204,21595.47447861478,27788.96249175269,0.010458171486817167,0.01064340493642662,321.96875,500.0511997767857,0.025952292233204735,-100,Strong Bearish,Low,38.51
19550.7578125,19550.7578125,19635.802734375,19173.333984375,19268.5625,27472552998,0.014670058500208416,19331.333388806375,19428.594929198567,19948.515635719414,21554.98503968181,27723.31942657936,0.014563494131467007,0.009917689488078483,462.46875,488.20493861607144,0.024971151670854008,-100,Strong Bearish,Low,38.76
19334.416015625,19334.416015625,19666.994140625,19144.76953125,19550.466796875,30580012344,-0.011065647631146036,19331.9499141701,19420.03320978279,19924.433297676496,21511.013375839102,27656.47557469925,-0.011127327349328565,0.010989513252703219,522.224609375,464.32784598214283,0.024015612657082526,-100,Strong Bearish,Low,39.0
19139.53515625,19139.53515625,19348.416015625,19127.6875,19335.02734375,22425387184,-0.010079479991405349,19293.46696258608,19394.53338673435,19893.65297840487,21464.053411094763,27588.61150761997,-0.010130621895940859,0.011742938760269677,220.728515625,441.38364955357144,0.0230613568171972,-100,Strong Bearish,Low,39.23
19053.740234375,19053.740234375,19315.19921875,18971.458984375,19138.0859375,24493974420,-0.004482602172654282,19245.521616943865,19363.55219106532,19860.715223737032,21416.32443729833,27520.604565203677,-0.004492679159130498,0.010558474032935897,343.740234375,429.62904575892856,0.022548278735522564,-100,Strong Bearish,Low,39.36
19172.46875,19172.46875,19237.384765625,18770.970703125,19053.203125,32459287866,0.006231244583192241,19230.911043555094,19346.18096915029,19833.725165943422,21371.891651411235,27454.085554723966,0.00621191065339352,0.010365774859598267,466.4140625,416.8519810267857,0.0217422172628022,-100,Strong Bearish,Low,39.56
19208.189453125,19208.189453125,19248.068359375,19132.244140625,19172.380859375,16104440957,0.0018631248583989013,19226.366725469077,19333.636285875262,19809.194353676034,21329.04606332636,27388.381203316803,0.0018613913940529582,0.010020369146481673,115.82421875,403.5336216517857,0.02100841532391979,-100,Strong Bearish,Low,39.75
19567.0078125,19567.0078125,19646.65234375,19124.197265625,19207.734375,22128794335,0.018680488353712166,19294.494942875262,19354.851879204783,19799.696842257366,21294.154216775343,27326.05950299157,0.01850815095417208,0.011615189034870287,522.455078125,427.04617745535717,0.0218248074282746,-100,Strong Bearish,Low,39.54
19345.572265625,19345.572265625,19589.125,19206.32421875,19567.76953125,30202235805,-0.011316781236911488,19304.71040742521,19354.008277970257,19781.88803533061,21255.568435564444,27262.4699632516,-0.011381303255268389,0.011142019620900712,382.80078125,424.92564174107144,0.02196500759484477,-100,Strong Bearish,Low,39.51
20095.857421875,20095.857421875,20348.412109375,19261.447265625,19344.96484375,47761524910,0.03878330120960949,19462.93981031517,19421.449109234323,19794.20056029313,21232.60386103594,27205.365480850192,0.038050125599863024,0.01766170542537592,1086.96484375,479.96902901785717,0.023883978620160548,-60,Bearish,Low,49.03
20770.44140625,20770.44140625,20938.134765625,20076.1171875,20092.236328125,58895950537,0.03356831063305088,19724.440129502138,19544.084772599384,19832.484515036536,21223.452129258,27154.091185435052,0.033017194358947406,0.01878371340878596,862.017578125,529.1530412946429,0.0254762540162202,-60,Bearish,Low,48.63
20285.8359375,20285.8359375,20854.044921875,20255.373046875,20772.802734375,49625110402,-0.0233314959115013,19836.719291101712,19611.516696681258,19850.263002191965,21204.885471995465,27099.36405198537,-0.023607984321621485,0.022540833803831196,598.671875,490.9506138392857,0.024201645687754184,-60,Bearish,Low,48.95
20595.3515625,20595.3515625,20724.98046875,20086.068359375,20287.95703125,43994715910,0.015257721000682789,19988.44574538137,19700.956229937507,19879.48216141973,21192.815493589616,27047.539251272337,0.015142492579417856,0.02261255973380588,638.912109375,481.32017299107144,0.02337033051028169,-60,Bearish,Low,49.16
20818.4765625,20818.4765625,20988.39453125,20566.484375,20595.103515625,40369840645,0.01083375534148523,20154.451908805095,19802.548987443188,19916.305471266016,21185.40284148883,26997.90528562475,0.010775490653264773,0.022311918592003134,421.91015625,497.65011160714283,0.0239042520769052,-60,Bearish,Low,49.02
20635.603515625,20635.603515625,20917.005859375,20547.462890625,20817.982421875,31486345556,-0.008784170461560437,20250.682230169077,19878.281217277898,19944.513237711468,21174.51572612519,26947.209653991285,-0.008822978719624204,0.023252810361263608,369.54296875,501.0482700892857,0.024280766477699514,-60,Bearish,Low,48.93
20495.7734375,20495.7734375,20795.3203125,20287.458984375,20633.6953125,45668466815,-0.006776156462742766,20299.70047163526,19934.416873661725,19966.131284762,21161.075284766277,26895.80378772442,-0.006799218852899474,0.022687157567339102,507.861328125,504.2905970982143,0.024604614148180486,-60,Bearish,Low,48.85
20485.2734375,20485.2734375,20647.2890625,20359.845703125,20494.8984375,39819303159,-0.0005123007449325812,20336.81506480821,19984.494743101568,19986.489800555646,21147.693069968922,26844.72386461506,-0.0005124320157945651,0.018549901944687096,287.443359375,487.5205078125,0.02379858434889393,-60,Bearish,Low,49.05
20159.50390625,20159.50390625,20742.810546875,20087.134765625,20482.958984375,55552169483,-0.015902620594443806,20301.352833096567,20000.404667024155,19993.27466744562,21128.12496771706,26791.455179687848,-0.01603042401585493,0.013884779278818567,655.67578125,518.5881696428571,0.025724252543837676,-20,Neutral,Low,58.57
20209.98828125,20209.98828125,20382.095703125,20086.240234375,20162.689453125,43228750179,0.0025042468919260763,20283.079922727255,20019.45772286287,20001.77324053599,21109.944043232565,26739.013212369617,0.002501116490787244,0.011037577326644621,295.85546875,515.1678292410714,0.025490753486434384,-20,Neutral,Low,58.63
21147.23046875,21147.23046875,21209.560546875,20188.01953125,20208.76953125,64072727950,0.0463751969796804,20455.910031931806,20121.982517943517,20046.6931318385,21110.682388292316,26694.457174571853,0.04533199824767065,0.020243409498230988,1021.541015625,554.8197544642857,0.02623604803873312,-20,Neutral,Low,58.44
21282.69140625,21282.69140625,21446.88671875,21097.634765625,21144.83203125,37846047609,0.006405611254872046,20621.266306795445,20227.50150778956,20095.16365240366,21114.088507459794,26651.33553498363,0.006385182519711849,0.02005762398403494,349.251953125,571.4931640625,0.02685248557871172,-20,Neutral,Low,58.29
20926.486328125,20926.486328125,21345.376953125,20920.19140625,21285.056640625,35082693210,-0.01673684363155281,20682.31031106136,20291.045582365507,20127.764541647633,21110.373612819498,26605.71920664213,-0.01687848726805324,0.02106488014701494,425.185546875,564.5453404017857,0.02697755043774559,-20,Neutral,Low,58.26
20602.81640625,20602.81640625,21053.24609375,20489.97265625,20924.62109375,53510852236,-0.015466997985227438,20666.41153009909,20319.388384536825,20146.394026534002,21100.322975065646,26557.88731181829,-0.015587859865227252,0.021921228724649185,563.2734375,577.4362444196429,0.028027053827673475,-20,Neutral,Low,57.99
18541.271484375,18541.271484375,20664.607421875,17603.544921875,20600.671875,118992465607,-0.10006131594948431,20241.383520954274,20157.74139361302,20083.448044488552,21049.648688121277,26494.009894866547,-0.10542864681146098,0.04579272007684161,3061.0625,718.4432198660714,0.03874832534928977,-20,Neutral,Medium,50.31
15880.7802734375,15880.7802734375,18590.458984375,15682.6923828125,18543.76171875,102905151606,-0.14349022466876316,19369.26287145092,19768.926746324338,19918.637543663022,20947.294858127538,26409.442328161935,-0.15488954817014716,0.07024398213621354,2907.7666015625,864.5681501116071,0.054441163168644835,-100,Strong Bearish,High,21.39
17586.771484375,17586.771484375,18054.3125,15834.0185546875,15883.158203125,83202283721,0.10742489862358795,19012.764594035736,19570.548995238034,19827.191815847807,20880.74984082551,26339.142162075983,0.1020374090112842,0.08696732848816684,2220.2939453125,980.3982979910714,0.05574634883168341,-100,Strong Bearish,High,21.06
17034.29296875,17034.29296875,17650.943359375,16543.482421875,17583.251953125,55871616488,-0.03141443647663533,18617.07026897859,19339.9802655573,19717.66637086358,20804.58237801213,26264.999937427965,-0.03191845360130116,0.08207980714811138,1107.4609375,1013.8660714285714,0.05951911671875926,-100,Strong Bearish,High,20.12
16799.185546875,16799.185546875,17066.67578125,16651.775390625,17036.875,29717699419,-0.013802006476365758,18253.493324557872,19108.99892749527,19603.21614247187,20725.267589276744,26189.575121566984,-0.013898139747380939,0.08089374421508586,414.900390625,1013.3653738839286,0.060322291878753355,-100,Strong Bearish,High,19.92
16353.365234375,16353.365234375,16920.765625,16320.634765625,16799.72265625,27209183682,-0.026538209918333333,17873.4677065213,18858.486773575245,19475.771008821015,20638.695265417304,26111.19894716705,-0.026896704984698754,0.08063277975172609,600.130859375,1029.8359375,0.06297394589679135,-100,Strong Bearish,High,19.26
16618.19921875,16618.19921875,17109.32421875,15872.94140625,16352.0283203125,49630243054,0.016194463988263186,17622.41400896704,18654.824268591132,19363.7093699947,20559.08148231498,26035.55751506811,0.016064732404599078,0.0827766337238397,1236.3828125,1081.8731863839287,0.06510171000737984,-100,Strong Bearish,High,18.72
16884.61328125,16884.61328125,17051.962890625,16542.55078125,16617.484375,36599436183,0.016031463998783302,17474.853863423632,18493.895997014664,19266.489915534126,20486.31973575924,25962.641624758806,0.01590431717951544,0.07702525288451813,509.412109375,1097.7280970982142,0.06501351726646992,-100,Strong Bearish,High,18.75
16669.439453125,16669.439453125,16960.294921875,16430.111328125,16884.341796875,33925512989,-0.0127437818409466,17313.770981363905,18328.036311206513,19164.64479936122,20410.737947984304,25888.592205064513,-0.012825680370738035,0.045983597302160256,530.18359375,1088.764369419643,0.06531499589301028,-100,Strong Bearish,High,18.67
16687.517578125,16687.517578125,16726.439453125,16460.68359375,16670.42578125,27868914022,0.0010845070736082985,17188.520300716125,18178.89824456274,19067.502555391173,20337.010811947486,25815.276869391688,0.0010839194206494296,0.019229033711115687,265.755859375,1086.6143973214287,0.06511540091174664,-100,Strong Bearish,High,18.72
16697.77734375,16697.77734375,16947.05859375,16564.611328125,16687.912109375,26862218609,0.0006148167681003791,17090.371709322902,18044.2508899434,18974.572154934656,20264.94678287427,25742.627470780997,0.0006146278457023498,0.016004116621762383,382.447265625,1040.96484375,0.06234152140851456,-100,Strong Bearish,High,19.41
16711.546875,16711.546875,16797.876953125,16570.41015625,16696.220703125,16106223492,0.0008246325823211276,17014.606742458323,17923.095979494,18885.826065525456,20194.582428262896,25670.666669220987,0.0008242927596795972,0.01526039294750761,227.466796875,1032.265904017857,0.0617696202355808,-100,Strong Bearish,High,19.56
16291.83203125,16291.83203125,16746.779296875,16248.6923828125,16712.919921875,21313378652,-0.025115259939095247,16870.05180021666,17774.799256926362,18784.10080927936,20117.30024218343,25595.934919117633,-0.02543603029442077,0.01484764028390208,498.0869140625,1037.47314453125,0.06368056965854008,-100,Strong Bearish,High,19.08
15787.2841796875,15787.2841796875,16291.2236328125,15599.046875,16291.2236328125,37429485518,-0.030969374751391165,16653.49827611083,17594.116068086463,18666.578588511053,20031.55734985678,25517.77833952058,-0.03145906258707414,0.0167355888033846,692.78515625,1046.7239815848213,0.06630171280070925,-100,Strong Bearish,High,18.42
16189.76953125,16189.76953125,16253.0478515625,15656.6064453125,15782.30078125,30726828760,0.025494274188105903,16560.752527138666,17466.44820110133,18569.44882155964,19955.48234354773,25443.451576108066,0.02517471508039186,0.0190826361947136,596.44140625,870.6796177455357,0.05377961780523945,-100,Strong Bearish,High,21.56
16610.70703125,16610.70703125,16638.193359375,16170.5029296875,16195.5888671875,32958875628,0.02600021570334854,16570.743427960933,17388.653549296665,18492.635418018086,19889.249169046783,25373.071141487682,0.025667956985737504,0.022097235696865412,467.6904296875,696.3884626116071,0.0419240711007352,-100,Strong Bearish,Medium,29.52
16604.46484375,16604.46484375,16771.474609375,16501.767578125,16611.63671875,26129037414,-0.0003757930043709612,16577.487711118745,17317.36366697424,18418.589513144827,19824.20393488249,25303.20176859734,-0.00037586363225689277,0.02208663547784685,269.70703125,557.0608258928571,0.03354885755938936,-100,Strong Bearish,Low,36.61
16521.841796875,16521.841796875,16603.31640625,16388.404296875,16602.26953125,18678255976,-0.004975953615638518,16566.358528269997,17245.04349696522,18344.207249761697,19758.810625218975,25233.230772806724,-0.004988374895103048,0.02213199361696191,216.060546875,493.38936941964283,0.029862855212241787,-100,Strong Bearish,Low,37.53
16464.28125,16464.28125,16666.86328125,16416.228515625,16521.576171875,18000008764,-0.0034839061881034583,16545.943072616,17174.065110877473,18270.48466153575,19693.572419769094,25163.35866505528,-0.0034899891216231276,0.022116116705422177,250.634765625,481.65611049107144,0.02925460900341893,-100,Strong Bearish,Low,37.69
16444.626953125,16444.626953125,16594.40625,16437.025390625,16463.8828125,20443898509,-0.0011937537130568554,16525.679848717802,17107.752551081794,18198.882398460817,19629.236865974162,25093.886699223167,-0.0011944668045808346,0.019614901580137557,157.380859375,450.03111049107144,0.027366452992449993,-100,Strong Bearish,Low,38.16
16217.322265625,16217.322265625,16482.93359375,16054.5302734375,16440.22265625,27743025156,-0.013822428939733733,16464.00833209924,17026.804343312993,18121.174157957455,19561.674200620713,25023.157102142704,-0.013918848240971523,0.015393693336197745,428.4033203125,392.3182896205357,0.024191311191497505,-100,Strong Bearish,Low,38.95
16444.982421875,16444.982421875,16522.2578125,16139.396484375,16217.6396484375,23581685468,0.014038085481754337,16460.203150054396,16973.911441364085,18055.44114869932,19499.957531734657,24954.805112658498,0.01394046411034608,0.013232527287505451,382.861328125,383.27894810267856,0.023306741124444353,-100,Strong Bearish,Low,39.17
17168.56640625,17168.56640625,17190.9375,16445.4765625,16445.4765625,29523576583,0.044000289316970864,16601.875801293518,16991.607347262805,18020.66174703464,19453.79137083397,24892.763369977954,0.043059766583943886,0.01881916808494133,745.955078125,398.69119698660717,0.023222160054171364,-100,Strong Bearish,Low,39.19
16967.1328125,16967.1328125,17197.498046875,16888.388671875,17168.001953125,22895392882,-0.011732697360023692,16674.927203534815,16989.382389557093,17979.34688685681,19404.5506073026,24829.610935257013,-0.011802068595367332,0.019804470927451717,309.109375,401.78787667410717,0.023680363742900782,-100,Strong Bearish,Low,39.08
17088.66015625,17088.66015625,17088.66015625,16877.880859375,16968.68359375,19539705127,0.007162515027905547,16757.673794077855,16998.40764107463,17944.417995460466,19358.691390450073,24767.93005255576,0.007136986045805121,0.019508538116887433,210.779296875,389.52587890625,0.022794407246947618,-100,Strong Bearish,Low,39.3
16908.236328125,16908.236328125,17116.041015625,16888.140625,17090.09765625,16217776704,-0.010558102652595158,16787.786300887285,16990.2102489883,17903.783420270844,19310.167527829773,24705.30301092683,-0.010614234867796273,0.02018824222639044,227.900390625,389.55684988839283,0.023039472735568976,-100,Strong Bearish,Low,39.24
17130.486328125,17130.486328125,17157.767578125,16903.439453125,16908.169921875,16824520830,0.013144481522908036,16856.326306334828,17002.96261981891,17873.45804410826,19267.005523875225,24644.945905884582,0.01305884246336571,0.020318787955253763,254.328125,372.1455078125,0.02172416478343104,-100,Strong Bearish,Low,39.57
16974.826171875,16974.826171875,17378.15234375,16922.431640625,17128.89453125,22209086834,-0.00908673304822849,16880.026279442864,17000.40476091492,17838.217578530486,19221.615833736607,24583.829413980126,-0.009128269217154126,0.019610811112434783,455.720703125,355.2123325892857,0.02092583034386677,-100,Strong Bearish,Low,39.77
17089.50390625,17089.50390625,17091.86328125,16939.921875,16975.23828125,19889922369,0.006755753090715411,16921.92180480429,17008.504683218107,17808.8562580489,19179.395795568555,24524.113672882675,0.006733035250819497,0.01934376825033174,151.94140625,323.4623325892857,0.018927543734665615,-100,Strong Bearish,Low,40.27
16848.126953125,16848.126953125,17109.376953125,16750.55859375,17089.505859375,19675404389,-0.01412428087141393,16907.162834468432,16993.924889573278,17771.18059903228,19133.23205611423,24462.950432087793,-0.014224977832437721,0.01120802976394889,358.818359375,315.68575613839283,0.018737142533214308,-100,Strong Bearish,Low,40.32
17233.474609375,17233.474609375,17267.916015625,16788.783203125,16847.349609375,20496603770,0.022871839541696026,16972.425189449747,17015.70213682798,17750.094089633953,19095.613096772857,24405.34504704626,0.022614200081039638,0.013795446445291643,479.1328125,330.64474051339283,0.019186191293862603,-100,Strong Bearish,Low,40.2
17133.15234375,17133.15234375,17280.546875,17100.8359375,17232.1484375,20328426366,-0.005821360340788395,17004.570620309798,17026.379428366345,17725.90029567772,19056.752487802107,24347.399288454257,-0.005838370505888547,0.013896805022449834,179.7109375,328.04833984375,0.019146992524316092,-100,Strong Bearish,Low,40.21
17128.724609375,17128.724609375,17216.826171875,17120.68359375,17134.220703125,12706781969,-0.00025843080632004245,17029.401418122838,17035.68353573077,17702.48164131291,19018.573717932264,24289.87996830223,-0.00025846420531521353,0.01305831888208491,96.142578125,317.01318359375,0.01850769341111599,-100,Strong Bearish,Low,40.37
17104.193359375,17104.193359375,17245.634765625,17091.8203125,17129.7109375,14122486832,-0.0014321702613265819,17044.35980637327,17041.91170151661,17679.019355746717,18980.665195980637,24232.623501298825,-0.00143319679738864,0.012098770377891158,153.814453125,316.75844029017856,0.01851934397809878,-60,Bearish,Low,50.37
17206.4375,17206.4375,17212.564453125,16899.39453125,17102.5,19617581341,0.005977723618808328,17076.77534509862,17056.868592287825,17660.48673395273,18945.53197427805,24176.637955471746,0.0059599279123048595,0.01157998778856935,313.169921875,308.52748325892856,0.01793093330673061,-60,Bearish,Low,50.52
17781.318359375,17781.318359375,17930.0859375,17111.763671875,17206.44140625,26634741631,0.033410801008343594,17217.683947953898,17122.727662023022,17665.225229067328,18922.47823932947,24125.679233590497,0.03286478873072886,0.016535826411244722,818.322265625,339.6318359375,0.019100486762188413,-60,Bearish,Low,50.22
17815.650390625,17815.650390625,18318.53125,17739.513671875,17782.06640625,25534481470,0.0019307922256450727,17337.27723648812,17185.720637350474,17671.124255010767,18900.560856186807,24075.40011930392,0.0019289306421712124,0.014268476403942267,579.017578125,327.70772879464283,0.018394373576565586,-60,Bearish,Low,50.4
17364.865234375,17364.865234375,17846.744140625,17322.58984375,17813.64453125,20964448341,-0.02530276169357326,17342.7948360655,17202.00650980725,17659.114097338777,18870.151041893503,24021.929721814446,-0.02562838102102438,0.0173403004047337,524.154296875,343.06808035714283,0.019756449343356543,-60,Bearish,Low,50.06
16647.484375,16647.484375,17505.525390625,16584.701171875,17364.546875,24031608960,-0.04131220425223303,17203.7327438524,17151.59540664295,17619.442343521572,18826.13784056888,23963.169201122695,-0.04218980898149945,0.023944795130841034,920.82421875,393.7855747767857,0.023654359175620834,-60,Bearish,Low,49.09
16795.091796875,16795.091796875,16800.58984375,16614.029296875,16646.982421875,14463581825,0.008866650272798315,17122.004554456922,17119.18598757314,17587.11487110406,18785.91910703039,23906.053046507175,0.008827572352892032,0.024429613843871423,186.560546875,390.83272879464283,0.023270651540431807,-60,Bearish,Low,49.18
16757.9765625,16757.9765625,16815.38671875,16697.8203125,16795.609375,10924354698,-0.0022098857704312413,17049.19895606554,17086.348767111944,17554.599643315665,18745.761828920877,23849.09626177405,-0.002212331171359141,0.02442406960916621,117.56640625,381.0640345982143,0.022739262892331323,-100,Strong Bearish,Low,39.32
16439.6796875,16439.6796875,16807.52734375,16398.13671875,16759.041015625,17221074814,-0.01899375344110854,16927.29510235243,17027.5606689654,17510.87729210721,18700.096836021454,23790.05708588342,-0.01917645189485355,0.02474638307346002,409.390625,377.75474330357144,0.022978230140992303,-100,Strong Bearish,Low,39.26
16906.3046875,16906.3046875,17012.984375,16427.8671875,16441.787109375,22722096615,0.028384068842582266,16923.097019381945,17016.53739792309,17487.168562514773,18664.576199417068,23735.206469163237,0.027988705082472278,0.023489959097956665,585.1171875,408.6958705357143,0.024174169227997613,-100,Strong Bearish,Low,38.96
16817.53515625,16817.53515625,16916.80078125,16755.912109375,16904.52734375,14882945045,-0.005250676176186131,16901.984646755558,16998.446285043716,17460.908428935763,18628.001129255343,23680.085582207754,-0.005264509420176635,0.023178864835255896,160.888671875,394.5580357142857,0.023461109612585157,-100,Strong Bearish,Low,39.13
16830.341796875,16830.341796875,16866.673828125,16592.408203125,16818.380859375,16441573050,0.0007615052090579333,16887.656076779447,16983.16405884656,17436.180325717694,18592.403914752762,23625.505950452112,0.0007612154110786702,0.02199450888476528,274.265625,379.92466517857144,0.02257379379241808,-100,Strong Bearish,Low,39.36
16796.953125,16796.953125,16905.21875,16794.458984375,16829.64453125,15329265213,-0.001983838015767403,16869.51548642356,16966.235792133237,17411.112592356218,18556.850433767555,23571.09517096644,-0.0019858084288219657,0.014461147693818302,110.759765625,374.9995814732143,0.022325452639090713,-100,Strong Bearish,Low,39.42
16847.755859375,16847.755859375,16864.703125,16793.52734375,16796.9765625,9744636213,0.003024520816182319,16865.163561013847,16955.464889155213,17389.02017145499,18523.00697684889,23517.522746172883,0.0030199561547248985,0.014118286937838464,71.17578125,373.2162388392857,0.02215228199853146,-100,Strong Bearish,Low,39.46
16841.986328125,16841.986328125,16860.5546875,16755.25390625,16847.505859375,11656379938,-0.000342451024228807,16860.528114436078,16945.148656334284,17367.56786387342,18489.719439250395,23464.331220929475,-0.0003425096739709631,0.014077209886709996,105.30078125,369.7509765625,0.021954119268286092,-100,Strong Bearish,Low,39.51
16919.8046875,16919.8046875,16920.123046875,16812.369140625,16842.25,11886957804,0.004620497716771643,16872.383429048863,16942.84465916753,17350.00852362348,18458.632018423657,23412.183599149157,0.004609855984671537,0.011012947494270215,107.75390625,355.07840401785717,0.020985963524755208,-100,Strong Bearish,Low,39.75
16717.173828125,16717.173828125,16959.845703125,16642.072265625,16919.291015625,15748580239,-0.011975957353969946,16841.34150886409,16922.329129072754,17325.191476741187,18424.147697823682,23358.836907746572,-0.012048246868378581,0.005624439358788012,317.7734375,319.32491629464283,0.019101608895004136,-100,Strong Bearish,Low,40.22
16552.572265625,16552.572265625,16768.169921875,16497.556640625,16716.400390625,17005713920,-0.009846255365429935,16783.58766021627,16888.71486875932,17294.892684148395,18387.086798176184,23304.603723347194,-0.009895050300250239,0.0063515850568660005,270.61328125,297.29603794642856,0.017960715300052072,-100,Strong Bearish,Low,40.51
16642.341796875,16642.341796875,16651.755859375,16508.68359375,16552.322265625,14472237479,0.0054232979508825885,16755.33848754802,16866.317316769837,17269.30245327493,18352.537392209822,23251.517970945028,0.00540864482551941,0.006936991466222924,143.072265625,270.07589285714283,0.016228238558822057,-100,Strong Bearish,Low,40.94
16602.5859375,16602.5859375,16643.427734375,16408.474609375,16641.330078125,15929162910,-0.002388838052975517,16724.787977538417,16842.341736836213,17243.156707558264,18317.88488815616,23198.53843282993,-0.002391695878759684,0.006942401812918842,234.953125,221.08510044642858,0.01331630513937393,-100,Strong Bearish,Low,41.67
16547.49609375,16547.49609375,16628.986328125,16517.51953125,16603.673828125,11239186456,-0.0033181483870876605,16689.329600780733,16815.53758746474,17215.875899173625,18282.827684306536,23145.54207953049,-0.003323665649558149,0.006636567141658096,111.466796875,215.72126116071428,0.013036489625895264,-100,Strong Bearish,Low,41.74
