Date,Close,Future_Close_1D,Actual_Up,RF_Probability_Up,RF_Prediction,Forward_Return_1D,RF_Confidence,Signal,Correct,Fold
2019-07-23,9900.767578125,9811.92578125,0,0.5304223779320163,1,-0.00897322315406024,0.030422377932016298,HOLD,False,1
2019-07-24,9811.92578125,9911.841796875,1,0.49050959318232457,0,0.01018311979244002,0.009490406817675434,HOLD,False,1
2019-07-25,9911.841796875,9870.3037109375,0,0.47446469988461826,0,-0.004190753523789725,0.025535300115381743,HOLD,True,1
2019-07-26,9870.3037109375,9477.677734375,0,0.46835699108120743,0,-0.039778510171619375,0.03164300891879257,HOLD,True,1
2019-07-27,9477.677734375,9552.8603515625,1,0.55693436102483,1,0.007932599028432463,0.05693436102482996,BUY,True,1
2019-07-28,9552.8603515625,9519.1455078125,0,0.436425222117363,0,-0.0035292930608459283,0.06357477788263699,SELL,True,1
2019-07-29,9519.1455078125,9607.423828125,1,0.47418514691812674,0,0.00927376519668166,0.025814853081873257,HOLD,False,1
2019-07-30,9607.423828125,10085.6279296875,1,0.4878786193761286,0,0.04977443590680308,0.012121380623871414,HOLD,False,1
2019-07-31,10085.6279296875,10399.6689453125,1,0.4695593164221494,0,0.031137477786643997,0.030440683577850625,HOLD,False,1
2019-08-01,10399.6689453125,10518.1748046875,1,0.4825978866191839,0,0.01139515690337567,0.017402113380816098,HOLD,False,1
2019-08-02,10518.1748046875,10821.7265625,1,0.5426358390365278,1,0.028859736926716506,0.04263583903652779,HOLD,True,1
2019-08-03,10821.7265625,10970.1845703125,1,0.44692643053885833,0,0.013718514042569074,0.05307356946114167,SELL,False,1
2019-08-04,10970.1845703125,11805.6533203125,1,0.5324931730128338,1,0.07615813067183441,0.03249317301283383,HOLD,True,1
2019-08-05,11805.6533203125,11478.1689453125,0,0.6187248088403042,1,-0.027739623222421628,0.11872480884030423,BUY,False,1
2019-08-06,11478.1689453125,11941.96875,1,0.6550701398116787,1,0.040407124768529146,0.15507013981167872,BUY,True,1
2019-08-07,11941.96875,11966.4072265625,1,0.6041912221901231,1,0.002046436150864972,0.10419122219012311,BUY,True,1
2019-08-08,11966.4072265625,11862.9365234375,0,0.6303859135571572,1,-0.008646764326666112,0.13038591355715723,BUY,False,1
2019-08-09,11862.9365234375,11354.0244140625,0,0.6737315327297595,1,-0.042899336801604404,0.1737315327297595,BUY,False,1
2019-08-10,11354.0244140625,11523.5791015625,1,0.683374983605756,1,0.014933443976921312,0.183374983605756,BUY,True,1
2019-08-11,11523.5791015625,11382.6162109375,0,0.6084067160382785,1,-0.01223256154903185,0.10840671603827845,BUY,False,1
2019-08-12,11382.6162109375,10895.830078125,0,0.5783929649355117,1,-0.0427657511938907,0.07839296493551173,BUY,False,1
2019-08-13,10895.830078125,10051.7041015625,0,0.6188916233517938,1,-0.07747238810719048,0.11889162335179382,BUY,False,1
2019-08-14,10051.7041015625,10311.5458984375,1,0.5678891128111576,1,0.025850521886593203,0.06788911281115761,BUY,True,1
2019-08-15,10311.5458984375,10374.3388671875,1,0.43238460276332813,0,0.006089578552864294,0.06761539723667187,SELL,False,1
2019-08-16,10374.3388671875,10231.744140625,0,0.44275125734966203,0,-0.013744945908168327,0.05724874265033797,SELL,True,1
2019-08-17,10231.744140625,10345.810546875,1,0.47598192781065934,0,0.011148285637548438,0.024018072189340656,HOLD,False,1
2019-08-18,10345.810546875,10916.0537109375,1,0.48516965752658897,0,0.05511826854733437,0.014830342473411029,HOLD,False,1
2019-08-19,10916.0537109375,10763.232421875,0,0.49235966004813797,0,-0.013999682770833077,0.00764033995186203,HOLD,True,1
2019-08-20,10763.232421875,10138.0498046875,0,0.49811425151628375,0,-0.0580850243386819,0.0018857484837162541,HOLD,True,1
2019-08-21,10138.0498046875,10131.0556640625,0,0.5954441387192616,1,-0.0006898901425563819,0.0954441387192616,BUY,False,1
2019-08-22,10131.0556640625,10407.96484375,1,0.5563604238261424,1,0.027332707357414776,0.05636042382614237,BUY,True,1
2019-08-23,10407.96484375,10159.9609375,0,0.5053824549288797,1,-0.0238282805498643,0.005382454928879676,HOLD,False,1
2019-08-24,10159.9609375,10138.517578125,0,0.5734583762843464,1,-0.0021105749822180053,0.07345837628434637,BUY,False,1
2019-08-25,10138.517578125,10370.8203125,1,0.5683057034976661,1,0.022912889639430167,0.06830570349766607,BUY,True,1
2019-08-26,10370.8203125,10185.5,0,0.5468919385667848,1,-0.017869397686568034,0.04689193856678475,HOLD,False,1
2019-08-27,10185.5,9754.4228515625,0,0.5498014280921463,1,-0.0423226300562074,0.04980142809214627,HOLD,False,1
2019-08-28,9754.4228515625,9510.2001953125,0,0.6205992207764272,1,-0.02503712008044423,0.12059922077642715,BUY,False,1
2019-08-29,9510.2001953125,9598.173828125,1,0.5657326905378343,1,0.009250450148868827,0.06573269053783426,BUY,True,1
2019-08-30,9598.173828125,9630.6640625,1,0.5030676150704825,1,0.0033850433381186207,0.0030676150704824767,HOLD,True,1
2019-08-31,9630.6640625,9757.970703125,1,0.49834336422746467,0,0.013218884990569668,0.001656635772535331,HOLD,False,1
2019-09-01,9757.970703125,10346.7607421875,1,0.4795965929591838,0,0.06033939401703048,0.020403407040816224,HOLD,False,1
2019-09-02,10346.7607421875,10623.5400390625,1,0.5271917286510636,1,0.02675033314982045,0.027191728651063563,HOLD,True,1
2019-09-03,10623.5400390625,10594.4931640625,0,0.5714318084231922,1,-0.002734199230500889,0.07143180842319219,BUY,False,1
2019-09-04,10594.4931640625,10575.533203125,0,0.5543906540782446,1,-0.0017896052830365106,0.054390654078244616,BUY,False,1
2019-09-05,10575.533203125,10353.302734375,0,0.5718824889481446,1,-0.021013642005712985,0.07188248894814464,BUY,False,1
2019-09-06,10353.302734375,10517.2548828125,1,0.6218019867568815,1,0.015835734030373416,0.12180198675688148,BUY,True,1
2019-09-07,10517.2548828125,10441.2763671875,0,0.5428808238935046,1,-0.007224177456150227,0.04288082389350456,HOLD,False,1
2019-09-08,10441.2763671875,10334.974609375,0,0.587722382737621,1,-0.010180916017754393,0.08772238273762101,BUY,False,1
2019-09-09,10334.974609375,10115.9755859375,0,0.5589649850867522,1,-0.02119008819226731,0.058964985086752186,BUY,False,1
2019-09-10,10115.9755859375,10178.3720703125,1,0.558223447525256,1,0.006168113381149309,0.05822344752525599,BUY,True,1
2019-09-11,10178.3720703125,10410.126953125,1,0.5098388790547044,1,0.022769346729666573,0.009838879054704375,HOLD,True,1
2019-09-12,10410.126953125,10360.546875,0,0.5621025490601288,1,-0.004762677568511009,0.0621025490601288,BUY,False,1
2019-09-13,10360.546875,10358.048828125,0,0.5051451943877855,1,-0.00024111148814232042,0.00514519438778549,HOLD,False,1
2019-09-14,10358.048828125,10347.712890625,0,0.5598527443379318,1,-0.0009978652998753335,0.05985274433793175,BUY,False,1
2019-09-15,10347.712890625,10276.7939453125,0,0.5180506191670367,1,-0.006853586494147135,0.018050619167036652,HOLD,False,1
2019-09-16,10276.7939453125,10241.2724609375,0,0.5636519670394987,1,-0.003456475294145833,0.06365196703949871,BUY,False,1
2019-09-17,10241.2724609375,10198.248046875,0,0.5394909300963281,1,-0.004201080893668663,0.03949093009632809,HOLD,False,1
2019-09-18,10198.248046875,10266.4150390625,1,0.5695360675556617,1,0.0066841865263698175,0.06953606755566166,BUY,True,1
2019-09-19,10266.4150390625,10181.6416015625,0,0.5103513660498029,1,-0.008257355384274523,0.010351366049802913,HOLD,False,1
2019-09-20,10181.6416015625,10019.716796875,0,0.5289903953676692,1,-0.015903604843314323,0.02899039536766923,HOLD,False,1
2019-09-21,10019.716796875,10070.392578125,1,0.49334520487943667,0,0.005057606145695059,0.006654795120563328,HOLD,False,1
2019-09-22,10070.392578125,9729.32421875,0,0.4554059919484765,0,-0.033868427345709606,0.044594008051523526,HOLD,True,1
2019-09-23,9729.32421875,8620.56640625,0,0.5649957786713243,1,-0.1139604136496184,0.06499577867132433,BUY,False,1
2019-09-24,8620.56640625,8486.9931640625,0,0.5459198339693568,1,-0.015494717619790932,0.04591983396935684,HOLD,False,1
2019-09-25,8486.9931640625,8118.9677734375,0,0.49057952968152707,0,-0.043363460239767226,0.009420470318472929,HOLD,True,1
2019-09-26,8118.9677734375,8251.845703125,1,0.5358763293722498,1,0.01636635757099958,0.03587632937224983,HOLD,True,1
2019-09-27,8251.845703125,8245.9150390625,0,0.44225148464203945,0,-0.0007187075808087195,0.05774851535796055,SELL,True,1
2019-09-28,8245.9150390625,8104.185546875,0,0.481189820131677,0,-0.017187842891431715,0.018810179868323007,HOLD,True,1
2019-09-29,8104.185546875,8293.8681640625,1,0.5093943994269685,1,0.023405512631758718,0.009394399426968514,HOLD,True,1
2019-09-30,8293.8681640625,8343.2763671875,1,0.4284570533122737,0,0.005957196587605074,0.07154294668772632,SELL,False,1
2019-10-01,8343.2763671875,8393.0419921875,1,0.5326939278642473,1,0.005964758065035269,0.032693927864247296,HOLD,True,1
2019-10-02,8393.0419921875,8259.9921875,0,0.5032209483442008,1,-0.015852393543526522,0.0032209483442008358,HOLD,False,1
2019-10-03,8259.9921875,8205.939453125,0,0.5360883952868043,1,-0.006543920762636879,0.0360883952868043,HOLD,False,1
2019-10-04,8205.939453125,8151.50048828125,0,0.49374171707170744,0,-0.006634092921928403,0.006258282928292558,HOLD,True,1
2019-10-05,8151.50048828125,7988.15576171875,0,0.510536214571585,1,-0.02003860844973604,0.010536214571585045,HOLD,False,1
2019-10-06,7988.15576171875,8245.623046875,1,0.5079886384688093,1,0.03223112979219778,0.007988638468809262,HOLD,True,1
2019-10-07,8245.623046875,8228.783203125,0,0.4832939889526609,0,-0.0020422766908295698,0.016706011047339098,HOLD,True,1
2019-10-08,8228.783203125,8595.740234375,1,0.5908763155418536,1,0.0445943248463081,0.0908763155418536,BUY,True,1
2019-10-09,8595.740234375,8586.4736328125,0,0.5340748867247903,1,-0.0010780457889411066,0.03407488672479031,HOLD,False,1
2019-10-10,8586.4736328125,8321.7568359375,0,0.5126101523768533,1,-0.030829512579344187,0.012610152376853256,HOLD,False,1
2019-10-11,8321.7568359375,8336.5556640625,1,0.5771205984400775,1,0.0017783297946283305,0.07712059844007746,BUY,True,1
2019-10-12,8336.5556640625,8321.005859375,0,0.5124217484750703,1,-0.0018652553061611066,0.012421748475070271,HOLD,False,1
2019-10-13,8321.005859375,8374.6865234375,1,0.522850054390139,1,0.006451222961466829,0.022850054390138985,HOLD,True,1
2019-10-14,8374.6865234375,8205.369140625,0,0.5463104365410004,1,-0.020217757684260373,0.04631043654100042,HOLD,False,1
2019-10-15,8205.369140625,8047.52685546875,0,0.5659902042122694,1,-0.019236463643636514,0.06599020421226942,BUY,False,1
2019-10-16,8047.52685546875,8103.9111328125,1,0.5164200116205984,1,0.007006410585064904,0.016420011620598363,HOLD,True,1
2019-10-17,8103.9111328125,7973.20751953125,0,0.4705316172213393,0,-0.016128460830725944,0.029468382778660707,HOLD,True,1
2019-10-18,7973.20751953125,7988.560546875,1,0.5047229329661052,1,0.0019255772919670733,0.004722932966105153,HOLD,True,1
2019-10-19,7988.560546875,8222.078125,1,0.5208973698843982,1,0.029231496307097427,0.020897369884398165,HOLD,True,1
2019-10-20,8222.078125,8243.720703125,1,0.4763293734166529,0,0.002632251578733369,0.02367062658334712,HOLD,False,1
2019-10-21,8243.720703125,8078.203125,0,0.5449045121123012,1,-0.020078018662405217,0.044904512112301176,HOLD,False,1
2019-10-22,8078.203125,7514.671875,0,0.5368944513636122,1,-0.06975948008239763,0.036894451363612246,HOLD,False,1
2019-10-23,7514.671875,7493.48876953125,0,0.5823654898036298,1,-0.002818899590176671,0.08236548980362979,BUY,False,1
2019-10-24,7493.48876953125,8660.7001953125,1,0.486885826218657,0,0.15576341830619223,0.013114173781342997,HOLD,False,1
2019-10-25,8660.7001953125,9244.97265625,1,0.5003945388726435,1,0.0674624969992299,0.00039453887264351284,HOLD,True,1
2019-10-26,9244.97265625,9551.71484375,1,0.5254419695408106,1,0.03317935043243514,0.02544196954081057,HOLD,True,1
2019-10-27,9551.71484375,9256.1484375,0,0.47674040335892803,0,-0.030943805493041765,0.023259596641071967,HOLD,True,1
2019-10-28,9256.1484375,9427.6875,1,0.6023298288529483,1,0.018532445072405368,0.10232982885294828,BUY,True,1
2019-10-29,9427.6875,9205.7265625,0,0.5039904743687459,1,-0.02354351875791383,0.003990474368745889,HOLD,False,1
2019-10-30,9205.7265625,9199.5849609375,0,0.5508034267777855,1,-0.000667150118005666,0.05080342677778549,BUY,False,1
2019-10-31,9199.5849609375,9261.1044921875,1,0.5333252819877047,1,0.006687207250242189,0.03332528198770468,HOLD,True,1
2019-11-01,9261.1044921875,9324.7177734375,1,0.6029622708332588,1,0.006868865512063227,0.10296227083325882,BUY,True,1
2019-11-02,9324.7177734375,9235.3544921875,0,0.5945053151311179,1,-0.009583483749455834,0.09450531513111793,BUY,False,1
2019-11-03,9235.3544921875,9412.6123046875,1,0.5841797821093331,1,0.01919339562438549,0.08417978210933308,BUY,True,1
2019-11-04,9412.6123046875,9342.52734375,0,0.521823661798856,1,-0.007445856545328811,0.021823661798855976,HOLD,False,1
2019-11-05,9342.52734375,9360.8798828125,1,0.5401421584480176,1,0.001964408386214478,0.040142158448017606,HOLD,True,1
2019-11-06,9360.8798828125,9267.5615234375,0,0.5703242958165118,1,-0.009968973060571096,0.07032429581651178,BUY,False,1
2019-11-07,9267.5615234375,8804.880859375,0,0.5818318356597946,1,-0.049924746967407674,0.08183183565979457,BUY,False,1
2019-11-08,8804.880859375,8813.58203125,1,0.5814335758761385,1,0.0009882214210468199,0.08143357587613853,BUY,True,1
2019-11-09,8813.58203125,9055.5263671875,1,0.4982286000395344,0,0.02745130584586919,0.0017713999604656028,HOLD,False,1
2019-11-10,9055.5263671875,8757.7880859375,0,0.5120500340550012,1,-0.032879179981060824,0.012050034055001158,HOLD,False,1
2019-11-11,8757.7880859375,8815.662109375,1,0.5664259655319364,1,0.006608292284490114,0.06642596553193636,BUY,True,1
2019-11-12,8815.662109375,8808.2626953125,0,0.49648530748289554,0,-0.0008393486468396549,0.0035146925171044563,HOLD,True,1
2019-11-13,8808.2626953125,8708.0947265625,0,0.5258854142876281,1,-0.011372046022572246,0.02588541428762814,HOLD,False,1
2019-11-14,8708.0947265625,8491.9921875,0,0.500930415945128,1,-0.024816282533459022,0.0009304159451279936,HOLD,False,1
2019-11-15,8491.9921875,8550.7607421875,1,0.5114425913442895,1,0.006920467352055093,0.011442591344289488,HOLD,True,1
2019-11-16,8550.7607421875,8577.9755859375,1,0.48179594380216095,0,0.0031827394743637605,0.018204056197839047,HOLD,False,1
2019-11-17,8577.9755859375,8309.2861328125,0,0.5260088702323484,1,-0.031323177646423006,0.026008870232348436,HOLD,False,1
2019-11-18,8309.2861328125,8206.1455078125,0,0.516681028422003,1,-0.012412693864603863,0.01668102842200303,HOLD,False,1
2019-11-19,8206.1455078125,8027.26806640625,0,0.4822012853248738,0,-0.021797985575073398,0.017798714675126226,HOLD,True,1
2019-11-20,8027.26806640625,7642.75,0,0.5308124653268012,1,-0.04790148568918984,0.030812465326801153,HOLD,False,1
2019-11-21,7642.75,7296.57763671875,0,0.6174271038282652,1,-0.045294215208040334,0.11742710382826516,BUY,False,1
2019-11-22,7296.57763671875,7397.796875,1,0.5477644475320179,1,0.013872152579023078,0.04776444753201792,HOLD,True,1
2019-11-23,7397.796875,7047.9169921875,0,0.4500446038352454,0,-0.047295145936607,0.049955396164754584,HOLD,True,1
2019-11-24,7047.9169921875,7146.1337890625,1,0.573700382153777,1,0.013935577984796277,0.07370038215377706,BUY,True,1
2019-11-25,7146.1337890625,7218.37109375,1,0.47663246018813593,0,0.010108585540066883,0.02336753981186407,HOLD,False,1
2019-11-26,7218.37109375,7531.66357421875,1,0.4824506240845099,0,0.04340210227484875,0.017549375915490106,HOLD,False,1
2019-11-27,7531.66357421875,7463.10595703125,0,0.43565666727598673,0,-0.009102586236349741,0.06434333272401327,SELL,True,1
2019-11-28,7463.10595703125,7761.24365234375,1,0.5176949990455889,1,0.039948206152910615,0.01769499904558891,HOLD,True,1
2019-11-29,7761.24365234375,7569.6298828125,0,0.4732328470249067,0,-0.02468853937775628,0.0267671529750933,HOLD,True,1
2019-11-30,7569.6298828125,7424.29248046875,0,0.603706854432533,1,-0.019200067188720915,0.10370685443253302,BUY,False,1
2019-12-01,7424.29248046875,7321.98828125,0,0.49078407207548236,0,-0.013779656376399996,0.009215927924517642,HOLD,True,1
2019-12-02,7321.98828125,7320.1455078125,0,0.528737242615815,1,-0.00025167664392733435,0.028737242615815006,HOLD,False,1
2019-12-03,7320.1455078125,7252.03466796875,0,0.5214044396169107,1,-0.00930457458407874,0.021404439616910742,HOLD,False,1
2019-12-04,7252.03466796875,7448.3076171875,1,0.5563187510229981,1,0.02706453543109233,0.056318751022998104,BUY,True,1
2019-12-05,7448.3076171875,7546.99658203125,1,0.5021392791610485,1,0.013249850827323328,0.002139279161048502,HOLD,True,1
2019-12-06,7546.99658203125,7556.23779296875,1,0.5054686263942343,1,0.0012244885547587625,0.005468626394234288,HOLD,True,1
2019-12-07,7556.23779296875,7564.34521484375,1,0.47378963866770524,0,0.0010729442478032425,0.026210361332294763,HOLD,False,1
2019-12-08,7564.34521484375,7400.8994140625,0,0.48096219536362145,0,-0.021607395767781146,0.019037804636378552,HOLD,True,1
2019-12-09,7400.8994140625,7278.11962890625,0,0.5519621050594751,1,-0.01658984648851669,0.05196210505947507,BUY,False,1
2019-12-10,7278.11962890625,7217.42724609375,0,0.5084200749130194,1,-0.008339019679128423,0.008420074913019437,HOLD,False,1
2019-12-11,7217.42724609375,7243.13427734375,1,0.4822939388454723,0,0.0035617998454939848,0.01770606115452772,HOLD,False,1
2019-12-12,7243.13427734375,7269.6845703125,1,0.46707734374710214,0,0.0036655806660659263,0.032922656252897864,HOLD,False,1
2019-12-13,7269.6845703125,7124.673828125,0,0.45606037659523535,0,-0.01994732244362929,0.04393962340476465,HOLD,True,1
2019-12-14,7124.673828125,7152.3017578125,1,0.49125491602264587,0,0.003877781685729609,0.008745083977354129,HOLD,False,1
2019-12-15,7152.3017578125,6932.48046875,0,0.44454353764250043,0,-0.030734342104957735,0.05545646235749957,SELL,True,1
2019-12-16,6932.48046875,6640.51513671875,0,0.5178156471224724,1,-0.04211556503438585,0.01781564712247241,HOLD,False,1
2019-12-17,6640.51513671875,7276.802734375,1,0.5595358873921935,1,0.0958190117115909,0.05953588739219351,BUY,True,1
2019-12-18,7276.802734375,7202.84423828125,0,0.47655491009841655,0,-0.010163597776861044,0.02344508990158345,HOLD,True,1
2019-12-19,7202.84423828125,7218.81640625,1,0.5111276945211947,1,0.0022174806840695727,0.011127694521194664,HOLD,True,1
2019-12-20,7218.81640625,7191.15869140625,0,0.4726381413539938,0,-0.0038313365082680573,0.02736185864600621,HOLD,True,1
2019-12-21,7191.15869140625,7511.5888671875,1,0.4868282454432174,0,0.0445589076158448,0.0131717545567826,HOLD,False,1
2019-12-22,7511.5888671875,7355.62841796875,0,0.4250812625378433,0,-0.020762644491902904,0.07491873746215671,SELL,True,1
2019-12-23,7355.62841796875,7322.5322265625,0,0.5331975239396797,1,-0.004499437644974069,0.033197523939679674,HOLD,False,1
2019-12-24,7322.5322265625,7275.15576171875,0,0.5109063164534624,1,-0.006469956481979233,0.010906316453462406,HOLD,False,1
2019-12-25,7275.15576171875,7238.966796875,0,0.5349197607547669,1,-0.004974321654276248,0.03491976075476688,HOLD,False,1
2019-12-26,7238.966796875,7290.08837890625,1,0.5064435428169031,1,0.007061999794407026,0.0064435428169030695,HOLD,True,1
2019-12-27,7290.08837890625,7317.990234375,1,0.5059656244922107,1,0.003827368615925586,0.005965624492210719,HOLD,True,1
2019-12-28,7317.990234375,7422.65283203125,1,0.5114521157945336,1,0.014302095835631912,0.011452115794533646,HOLD,True,1
2019-12-29,7422.65283203125,7292.9951171875,0,0.5137362309918233,1,-0.017467840376992116,0.013736230991823306,HOLD,False,1
2019-12-30,7292.9951171875,7193.59912109375,0,0.49199690166112686,0,-0.013628967865274233,0.008003098338873138,HOLD,True,1
2019-12-31,7193.59912109375,7200.17431640625,1,0.529272422182735,1,0.0009140341575637478,0.02927242218273496,HOLD,True,1
2020-01-01,7200.17431640625,6985.47021484375,0,0.4418233736775154,0,-0.029819292162590716,0.058176626322484604,SELL,True,1
2020-01-02,6985.47021484375,7344.88427734375,1,0.5028188968637893,1,0.05145166344511276,0.002818896863789333,HOLD,True,1
2020-01-03,7344.88427734375,7410.65673828125,1,0.505171582517926,1,0.008954866877941559,0.005171582517926043,HOLD,True,1
2020-01-04,7410.65673828125,7411.3173828125,1,0.4703598907249143,0,8.914790612779555e-05,0.029640109275085702,HOLD,False,1
2020-01-05,7411.3173828125,7769.21923828125,1,0.4941779882086389,0,0.04829126010697582,0.005822011791361104,HOLD,False,1
2020-01-06,7769.21923828125,8163.6923828125,1,0.4761567587116452,0,0.050773846435889336,0.0238432412883548,HOLD,False,1
2020-01-07,8163.6923828125,8079.86279296875,0,0.5569435063586891,1,-0.010268587535248286,0.056943506358689056,BUY,False,1
2020-01-08,8079.86279296875,7879.0712890625,0,0.5551895130619433,1,-0.024850855645838776,0.05518951306194331,BUY,False,1
2020-01-09,7879.0712890625,8166.55419921875,1,0.5362534408437036,1,0.03648690303834745,0.03625344084370363,HOLD,True,1
2020-01-10,8166.55419921875,8037.53759765625,0,0.5014756462445069,1,-0.015798168776598898,0.0014756462445069118,HOLD,False,1
2020-01-11,8037.53759765625,8192.494140625,1,0.6093838818738052,1,0.019279106453440997,0.10938388187380521,BUY,True,1
2020-01-12,8192.494140625,8144.1943359375,0,0.5245252556958061,1,-0.005895616628883604,0.024525255695806103,HOLD,False,1
2020-01-13,8144.1943359375,8827.7646484375,1,0.5416247329103326,1,0.08393344808628167,0.04162473291033264,HOLD,True,1
2020-01-14,8827.7646484375,8807.0107421875,0,0.53976181016721,1,-0.002350980919464507,0.03976181016721003,HOLD,False,1
2020-01-15,8807.0107421875,8723.7861328125,0,0.5206786020010501,1,-0.009449813541879348,0.020678602001050095,HOLD,False,1
2020-01-16,8723.7861328125,8929.0380859375,1,0.5050352807958945,1,0.02352785247141642,0.005035280795894548,HOLD,True,1
2020-01-17,8929.0380859375,8942.80859375,1,0.5751174663433887,1,0.0015422162701026476,0.07511746634338867,BUY,True,1
2020-01-18,8942.80859375,8706.2451171875,0,0.5916743820016379,1,-0.026452928527155417,0.09167438200163791,BUY,False,1
2020-01-19,8706.2451171875,8657.642578125,0,0.6270906968552517,1,-0.005582491465413786,0.12709069685525165,BUY,False,1
2020-01-20,8657.642578125,8745.89453125,1,0.5815367422961925,1,0.010193531591149663,0.08153674229619245,BUY,True,1
2020-01-21,8745.89453125,8680.8759765625,0,0.5322360761492709,1,-0.007434180055016837,0.03223607614927093,HOLD,False,1
2020-01-22,8680.8759765625,8406.515625,0,0.5859354327890319,1,-0.03160514587505292,0.08593543278903193,BUY,False,1
2020-01-23,8406.515625,8445.4345703125,1,0.5646999189298048,1,0.004629616722148233,0.06469991892980476,BUY,True,1
2020-01-24,8445.4345703125,8367.84765625,0,0.5177034538778583,1,-0.00918684685986848,0.01770345387785832,HOLD,False,1
2020-01-25,8367.84765625,8596.830078125,1,0.5398635081097465,1,0.027364554337216074,0.03986350810974648,HOLD,True,1
2020-01-26,8596.830078125,8909.8193359375,1,0.5603849854014901,1,0.036407519395889265,0.060384985401490066,BUY,True,1
2020-01-27,8909.8193359375,9358.58984375,1,0.549878317799453,1,0.05036808165148732,0.049878317799452954,HOLD,True,1
2020-01-28,9358.58984375,9316.6298828125,0,0.6327676223005002,1,-0.004483577295090302,0.1327676223005002,BUY,False,1
2020-01-29,9316.6298828125,9508.9931640625,1,0.5728041954001908,1,0.02064730312029206,0.07280419540019079,BUY,True,1
2020-01-30,9508.9931640625,9350.529296875,0,0.5818565965436452,1,-0.016664631518128026,0.08185659654364519,BUY,False,1
2020-01-31,9350.529296875,9392.875,1,0.6716124967308869,1,0.00452869583961979,0.17161249673088685,BUY,True,1
2020-02-01,9392.875,9344.365234375,0,0.6314222483730699,1,-0.0051645279666768795,0.13142224837306993,BUY,False,1
2020-02-02,9344.365234375,9293.521484375,0,0.6490332238082442,1,-0.005441113304621492,0.14903322380824424,BUY,False,1
2020-02-03,9293.521484375,9180.962890625,0,0.679601542595516,1,-0.012111511652417528,0.17960154259551597,BUY,False,1
2020-02-04,9180.962890625,9613.423828125,1,0.6109977914243797,1,0.047104093835473426,0.11099779142437971,BUY,True,1
2020-02-05,9613.423828125,9729.8017578125,1,0.6291741545229581,1,0.012105773319493585,0.1291741545229581,BUY,True,1
2020-02-06,9729.8017578125,9795.943359375,1,0.6698006339749906,1,0.006797836503646293,0.16980063397499057,BUY,True,1
2020-02-07,9795.943359375,9865.119140625,1,0.6582268535568309,1,0.007061676319697785,0.15822685355683086,BUY,True,1
2020-02-08,9865.119140625,10116.673828125,1,0.6504181760763078,1,0.02549940694219166,0.1504181760763078,BUY,True,1
2020-02-09,10116.673828125,9856.611328125,0,0.6784181164836411,1,-0.025706324471686526,0.17841811648364114,BUY,False,1
2020-02-10,9856.611328125,10208.236328125,1,0.6818581922058102,1,0.03567402510806805,0.18185819220581023,BUY,True,1
2020-02-11,10208.236328125,10326.0546875,1,0.6440889640316546,1,0.011541499979814906,0.1440889640316546,BUY,True,1
2020-02-12,10326.0546875,10214.3798828125,0,0.7034577302018866,1,-0.010814856987217514,0.20345773020188662,BUY,False,1
2020-02-13,10214.3798828125,10312.1162109375,1,0.6878151804640926,1,0.009568503349817403,0.18781518046409262,BUY,True,1
2020-02-14,10312.1162109375,9889.4248046875,0,0.6764410794019092,1,-0.0409897830477971,0.17644107940190923,BUY,False,1
2020-02-15,9889.4248046875,9934.43359375,1,0.6506988640917857,1,0.004551203932625647,0.15069886409178568,BUY,True,1
2020-02-16,9934.43359375,9690.142578125,0,0.6255979396791836,1,-0.024590331529186438,0.12559793967918365,BUY,False,1
2020-02-17,9690.142578125,10141.99609375,1,0.5589514660813643,1,0.0466302236506857,0.05895146608136426,BUY,True,1
2020-02-18,10141.99609375,9633.38671875,0,0.6046366095574351,1,-0.05014884351152826,0.10463660955743515,BUY,False,1
2020-02-19,9633.38671875,9608.4755859375,0,0.6316063905728264,1,-0.0025859164113087862,0.13160639057282641,BUY,False,1
2020-02-20,9608.4755859375,9686.44140625,1,0.5788698692253788,1,0.008114275736580634,0.07886986922537875,BUY,True,1
2020-02-21,9686.44140625,9663.181640625,0,0.6004790842432838,1,-0.002401270461409255,0.10047908424328378,BUY,False,1
2020-02-22,9663.181640625,9924.515625,1,0.6098969793401026,1,0.02704430011708836,0.10989697934010256,BUY,True,1
2020-02-23,9924.515625,9650.1748046875,0,0.6025702577263814,1,-0.027642741538078885,0.1025702577263814,BUY,False,1
2020-02-24,9650.1748046875,9341.705078125,0,0.6264256355212016,1,-0.031965195740564556,0.12642563552120156,BUY,False,1
2020-02-25,9341.705078125,8820.5224609375,0,0.60065864205792,1,-0.05579095174048332,0.10065864205791997,BUY,False,1
2020-02-26,8820.5224609375,8784.494140625,0,0.6000912127322764,1,-0.0040846016176541156,0.10009121273227639,BUY,False,1
2020-02-27,8784.494140625,8672.455078125,0,0.5378625546610553,1,-0.012754184897438958,0.03786255466105526,HOLD,False,1
2020-02-28,8672.455078125,8599.5087890625,0,0.5394561332723896,1,-0.008411261679117432,0.039456133272389615,HOLD,False,1
2020-02-29,8599.5087890625,8562.4541015625,0,0.5811515489841781,1,-0.0043089307085921735,0.08115154898417809,BUY,False,1
2020-03-01,8562.4541015625,8869.669921875,1,0.5659196573171049,1,0.03587941221856461,0.06591965731710492,BUY,True,1
2020-03-02,8869.669921875,8787.7861328125,0,0.4972104876216807,0,-0.009231886844013548,0.0027895123783193143,HOLD,True,1
2020-03-03,8787.7861328125,8755.24609375,0,0.5445615550538573,1,-0.0037028710724991143,0.04456155505385728,HOLD,False,1
2020-03-04,8755.24609375,9078.7626953125,1,0.5547822809100608,1,0.03695117168590434,0.054782280910060765,BUY,True,1
2020-03-05,9078.7626953125,9122.5458984375,1,0.4958170692622659,0,0.004822595830994203,0.004182930737734125,HOLD,False,1
2020-03-06,9122.5458984375,8909.9541015625,0,0.5725993736517705,1,-0.02330399860322019,0.0725993736517705,BUY,False,1
2020-03-07,8909.9541015625,8108.1162109375,0,0.5999992233822312,1,-0.08999349283790192,0.09999922338223122,BUY,False,1
2020-03-08,8108.1162109375,7923.64453125,0,0.5476282009529155,1,-0.022751484424786028,0.047628200952915534,HOLD,False,1
2020-03-09,7923.64453125,7909.7294921875,0,0.5461114532063784,1,-0.0017561412564156553,0.04611145320637844,HOLD,False,1
2020-03-10,7909.7294921875,7911.43017578125,1,0.48245208041343024,0,0.00021501160000858555,0.01754791958656976,HOLD,False,1
2020-03-11,7911.43017578125,4970.7880859375,0,0.49201458806562137,0,-0.37169538560117077,0.007985411934378628,HOLD,True,1
2020-03-12,4970.7880859375,5563.70703125,1,0.621904656716242,1,0.11928067241286833,0.12190465671624195,BUY,True,1
2020-03-13,5563.70703125,5200.3662109375,0,0.5246771067762462,1,-0.06530552710121185,0.024677106776246238,HOLD,False,1
2020-03-14,5200.3662109375,5392.31494140625,1,0.632978809746003,1,0.036910617960911996,0.13297880974600296,BUY,True,1
2020-03-15,5392.31494140625,5014.47998046875,0,0.5429026558350025,1,-0.07006915676163483,0.04290265583500252,HOLD,False,1
2020-03-16,5014.47998046875,5225.62939453125,1,0.6607494962123048,1,0.04210793838741411,0.16074949621230483,BUY,True,1
2020-03-17,5225.62939453125,5238.4384765625,1,0.5279476876057941,1,0.0024512036855608432,0.027947687605794136,HOLD,True,1
2020-03-18,5238.4384765625,6191.19287109375,1,0.541795608041943,1,0.18187755736638023,0.041795608041943044,HOLD,True,1
2020-03-19,6191.19287109375,6198.7783203125,1,0.6230080171701456,1,0.001225199953657663,0.12300801717014564,BUY,True,1
2020-03-20,6198.7783203125,6185.06640625,0,0.6293267525353994,1,-0.00221203491300348,0.12932675253539938,BUY,False,1
2020-03-21,6185.06640625,5830.2548828125,0,0.6219033438310406,1,-0.05736583896317804,0.12190334383104062,BUY,False,1
2020-03-22,5830.2548828125,6416.31494140625,1,0.6488173129863091,1,0.10052048673231173,0.14881731298630907,BUY,True,1
2020-03-23,6416.31494140625,6734.8037109375,1,0.6353334572002636,1,0.04963733427047878,0.13533345720026357,BUY,True,1
2020-03-24,6734.8037109375,6681.06298828125,0,0.6393924684225699,1,-0.007979552925792555,0.13939246842256992,BUY,False,1
2020-03-25,6681.06298828125,6716.4404296875,1,0.6765220777432166,1,0.005295181540467819,0.1765220777432166,BUY,True,1
2020-03-26,6716.4404296875,6469.79833984375,0,0.6560042086942663,1,-0.03672214358569481,0.15600420869426634,BUY,False,1
2020-03-27,6469.79833984375,6242.19384765625,0,0.5870456594245004,1,-0.035179534234601295,0.08704565942450038,BUY,False,1
2020-03-28,6242.19384765625,5922.04296875,0,0.5161517480783427,1,-0.051288198783903005,0.016151748078342743,HOLD,False,1
2020-03-29,5922.04296875,6429.841796875,1,0.5508096229878622,1,0.08574723804008189,0.05080962298786218,BUY,True,1
2020-03-30,6429.841796875,6438.64453125,1,0.4900050619381857,0,0.0013690436954885143,0.009994938061814285,HOLD,False,1
2020-03-31,6438.64453125,6606.7763671875,1,0.5364551368128349,1,0.026112924097839496,0.036455136812834854,HOLD,True,1
2020-04-01,6606.7763671875,6793.62451171875,1,0.5016295497547358,1,0.028281287899985408,0.0016295497547358373,HOLD,True,1
2020-04-02,6793.62451171875,6733.38720703125,0,0.4445381614552852,0,-0.008866740365705117,0.055461838544714814,SELL,True,1
2020-04-03,6733.38720703125,6867.52734375,1,0.5163136398178373,1,0.01992164308903499,0.01631363981783729,HOLD,True,1
2020-04-04,6867.52734375,6791.12939453125,0,0.47723372347981324,0,-0.011124520572645125,0.022766276520186757,HOLD,True,1
2020-04-05,6791.12939453125,7271.78125,1,0.4921515558694379,0,0.0707764242948763,0.007848444130562127,HOLD,False,1
2020-04-06,7271.78125,7176.41455078125,0,0.5035507467984188,1,-0.013114627068677276,0.0035507467984188246,HOLD,False,1
2020-04-07,7176.41455078125,7334.0986328125,1,0.5663049029246161,1,0.02197254365887824,0.0663049029246161,BUY,True,1
2020-04-08,7334.0986328125,7302.08935546875,0,0.5363883296524424,1,-0.004364445986660415,0.03638832965244243,HOLD,False,1
2020-04-09,7302.08935546875,6865.4931640625,0,0.5471478362269127,1,-0.05979058460566089,0.047147836226912654,HOLD,False,1
2020-04-10,6865.4931640625,6859.0830078125,0,0.4991769421160429,0,-0.0009336774645052337,0.0008230578839570901,HOLD,True,1
2020-04-11,6859.0830078125,6971.091796875,1,0.4970294277015812,0,0.016329994685138294,0.0029705722984187943,HOLD,False,1
2020-04-12,6971.091796875,6845.03759765625,0,0.4402901454258517,0,-0.018082418492216368,0.05970985457414829,SELL,True,1
2020-04-13,6845.03759765625,6842.427734375,0,0.4994750132707501,0,-0.0003812781513637953,0.0005249867292498878,HOLD,True,1
2020-04-14,6842.427734375,6642.10986328125,0,0.5244674433527742,1,-0.029275847531044064,0.024467443352774176,HOLD,False,1
2020-04-15,6642.10986328125,7116.80419921875,1,0.490019374340368,0,0.07146740203164859,0.009980625659631981,HOLD,False,1
2020-04-16,7116.80419921875,7096.1845703125,0,0.47787411533731133,0,-0.002897315751431484,0.022125884662688666,HOLD,True,1
2020-04-17,7096.1845703125,7257.6650390625,1,0.5079744826011573,1,0.02275595669052466,0.007974482601157296,HOLD,True,1
2020-04-18,7257.6650390625,7189.4248046875,0,0.5120856587287534,1,-0.009402505352301915,0.012085658728753446,HOLD,False,1
2020-04-19,7189.4248046875,6881.95849609375,0,0.5823942745043693,1,-0.04276646838190479,0.08239427450436931,BUY,False,1
2020-04-20,6881.95849609375,6880.3232421875,0,0.5927899959822795,1,-0.00023761461322069355,0.09278999598227955,BUY,False,1
2020-04-21,6880.3232421875,7117.20751953125,1,0.49315426011123703,0,0.034429236680519004,0.0068457398887629695,HOLD,False,1
2020-04-22,7117.20751953125,7429.724609375,1,0.5125129506876758,1,0.043910071328696176,0.012512950687675772,HOLD,True,1
2020-04-23,7429.724609375,7550.90087890625,1,0.5584760577746561,1,0.016309658285092787,0.05847605777465614,BUY,True,1
2020-04-24,7550.90087890625,7569.93603515625,1,0.5404724477850553,1,0.002520911948821203,0.04047244778505532,HOLD,True,1
2020-04-25,7569.93603515625,7679.8671875,1,0.5742309632913364,1,0.014522071498782596,0.07423096329133638,BUY,True,1
2020-04-26,7679.8671875,7795.60107421875,1,0.5259383513243409,1,0.015069777105927384,0.025938351324340858,HOLD,True,1
2020-04-27,7795.60107421875,7807.05859375,1,0.522430288600395,1,0.001469741643032707,0.022430288600394976,HOLD,True,1
2020-04-28,7807.05859375,8801.0380859375,1,0.46640504288944695,0,0.1273180520232342,0.03359495711055305,HOLD,False,1
2020-04-29,8801.0380859375,8658.5537109375,0,0.48269515500466564,0,-0.01618949646720247,0.017304844995334356,HOLD,True,1
2020-04-30,8658.5537109375,8864.7666015625,1,0.5927051165515074,1,0.023816089558295506,0.09270511655150737,BUY,True,1
2020-05-01,8864.7666015625,8988.5966796875,1,0.5334410923527164,1,0.013968791699848548,0.03344109235271642,HOLD,True,1
2020-05-02,8988.5966796875,8897.46875,0,0.6179416019070072,1,-0.010138170944239966,0.1179416019070072,BUY,False,1
2020-05-03,8897.46875,8912.654296875,1,0.6100589544988924,1,0.0017067266322232655,0.11005895449889236,BUY,True,1
2020-05-04,8912.654296875,9003.0703125,1,0.5829909060238533,1,0.010144678859214995,0.08299090602385328,BUY,True,1
2020-05-05,9003.0703125,9268.76171875,1,0.6154073462284557,1,0.029511199738283755,0.11540734622845572,BUY,True,1
2020-05-06,9268.76171875,9951.5185546875,1,0.5417115606176541,1,0.07366214135771076,0.04171156061765413,HOLD,True,1
2020-05-07,9951.5185546875,9842.666015625,0,0.5517954725217312,1,-0.010938284289408906,0.05179547252173122,BUY,False,1
2020-05-08,9842.666015625,9593.896484375,0,0.6440043229743986,1,-0.025274608612654736,0.14400432297439858,BUY,False,1
2020-05-09,9593.896484375,8756.4306640625,0,0.6889801741810276,1,-0.0872915214038874,0.18898017418102764,BUY,False,1
2020-05-10,8756.4306640625,8601.7958984375,0,0.5392606788641262,1,-0.017659566044374797,0.03926067886412621,HOLD,False,1
2020-05-11,8601.7958984375,8804.4775390625,1,0.5044181184517704,1,0.023562712138033515,0.004418118451770425,HOLD,True,1
2020-05-12,8804.4775390625,9269.9873046875,1,0.47804435403680734,0,0.05287193516704303,0.02195564596319266,HOLD,False,1
2020-05-13,9269.9873046875,9733.7216796875,1,0.5047733516548447,1,0.05002535168149658,0.004773351654844715,HOLD,True,1
2020-05-14,9733.7216796875,9328.197265625,0,0.5381879047249369,1,-0.04166180495059313,0.03818790472493694,HOLD,False,1
2020-05-15,9328.197265625,9377.013671875,1,0.5774814352037209,1,0.005233209039209763,0.07748143520372086,BUY,True,1
2020-05-16,9377.013671875,9670.7392578125,1,0.5720843064540245,1,0.03132400103227817,0.07208430645402453,BUY,True,1
2020-05-17,9670.7392578125,9726.5751953125,1,0.5448689365089409,1,0.005773698991511145,0.04486893650894086,HOLD,True,1
2020-05-18,9726.5751953125,9729.0380859375,1,0.5993334713458466,1,0.00025321252090737545,0.09933347134584658,BUY,True,1
2020-05-19,9729.0380859375,9522.9814453125,0,0.5582854620214884,1,-0.02117954918100662,0.05828546202148843,BUY,False,1
2020-05-20,9522.9814453125,9081.76171875,0,0.5578663483995788,1,-0.04633209978369557,0.057866348399578826,BUY,False,1
2020-05-21,9081.76171875,9182.5771484375,1,0.54257408729297,1,0.01110086707949609,0.042574087292969964,HOLD,True,1
2020-05-22,9182.5771484375,9209.287109375,1,0.4963926549520042,0,0.0029087652089092586,0.0036073450479958136,HOLD,False,1
2020-05-23,9209.287109375,8790.3681640625,0,0.5254757148178791,1,-0.045488748514099786,0.025475714817879136,HOLD,False,1
2020-05-24,8790.3681640625,8906.9345703125,1,0.5366475598847997,1,0.013260696716498988,0.03664755988479973,HOLD,True,1
2020-05-25,8906.9345703125,8835.052734375,0,0.522200041780906,1,-0.008070322664891605,0.022200041780905955,HOLD,False,1
2020-05-26,8835.052734375,9181.017578125,1,0.5692309469556527,1,0.039158209254817056,0.06923094695565268,BUY,True,1
2020-05-27,9181.017578125,9525.7509765625,1,0.5460069368841501,1,0.037548495632866885,0.04600693688415014,HOLD,True,1
2020-05-28,9525.7509765625,9439.1240234375,0,0.5861240987835573,1,-0.009093976247976698,0.08612409878355731,BUY,False,1
2020-05-29,9439.1240234375,9700.4140625,1,0.6380961228349785,1,0.02768159825145977,0.13809612283497852,BUY,True,1
2020-05-30,9700.4140625,9461.05859375,0,0.6183497764610247,1,-0.024674768232348376,0.11834977646102474,BUY,False,1
2020-05-31,9461.05859375,10167.2685546875,1,0.6224995003665682,1,0.07464386293982206,0.1224995003665682,BUY,True,1
2020-06-01,10167.2685546875,9529.8037109375,0,0.6835728672292303,1,-0.06269774820259899,0.18357286722923027,BUY,False,1
2020-06-02,9529.8037109375,9656.7177734375,1,0.6667668443092855,1,0.013317594606312655,0.16676684430928546,BUY,True,1
2020-06-03,9656.7177734375,9800.63671875,1,0.6323860262290111,1,0.014903505382374727,0.13238602622901108,BUY,True,1
2020-06-04,9800.63671875,9665.533203125,0,0.6374046533534684,1,-0.013785177382049874,0.1374046533534684,BUY,False,1
2020-06-05,9665.533203125,9653.6796875,0,0.6224536199736228,1,-0.0012263695520872142,0.12245361997362281,BUY,False,1
2020-06-06,9653.6796875,9758.8525390625,1,0.6182056613114416,1,0.010894586827723485,0.11820566131144161,BUY,True,1
2020-06-07,9758.8525390625,9771.4892578125,1,0.5810082773066617,1,0.0012948980117710729,0.08100827730666171,BUY,True,1
2020-06-08,9771.4892578125,9795.7001953125,1,0.6151492310280096,1,0.0024777121338637187,0.11514923102800956,BUY,True,1
2020-06-09,9795.7001953125,9870.0947265625,1,0.6085509128985779,1,0.007594610876882513,0.10855091289857788,BUY,True,1
2020-06-10,9870.0947265625,9321.78125,0,0.5925595085071309,1,-0.05555301055894357,0.0925595085071309,BUY,False,1
2020-06-11,9321.78125,9480.84375,1,0.6665953961243377,1,0.01706353064227928,0.1665953961243377,BUY,True,1
2020-06-12,9480.84375,9475.27734375,0,0.5479181179898606,1,-0.0005871213994007585,0.047918117989860565,HOLD,False,1
2020-06-13,9475.27734375,9386.7880859375,0,0.5761544278556447,1,-0.009338962291258746,0.07615442785564475,BUY,False,1
2020-06-14,9386.7880859375,9450.7021484375,1,0.6104134763209846,1,0.006808938469139436,0.11041347632098464,BUY,True,1
2020-06-15,9450.7021484375,9538.0244140625,1,0.561480245540368,1,0.009239764861221245,0.06148024554036802,BUY,True,1
2020-06-16,9538.0244140625,9480.2548828125,0,0.5630986475274363,1,-0.006056760681470541,0.06309864752743632,BUY,False,1
2020-06-17,9480.2548828125,9411.8408203125,0,0.589286592088417,1,-0.007216479234543938,0.08928659208841705,BUY,False,1
2020-06-18,9411.8408203125,9288.0185546875,0,0.529925642296291,1,-0.013156009327927487,0.029925642296291022,HOLD,False,1
2020-06-19,9288.0185546875,9332.3408203125,1,0.5262987404788374,1,0.004771982890003024,0.0262987404788374,HOLD,True,1
2020-06-20,9332.3408203125,9303.6298828125,0,0.5378140278886248,1,-0.0030764990320015784,0.03781402788862476,HOLD,False,1
2020-06-21,9303.6298828125,9648.7177734375,1,0.532422727936557,1,0.03709174751916078,0.03242272793655698,HOLD,True,1
2020-06-22,9648.7177734375,9629.658203125,0,0.5603390947526071,1,-0.0019753474772544743,0.060339094752607125,BUY,False,1
2020-06-23,9629.658203125,9313.6103515625,0,0.586838013960863,1,-0.03282025643027875,0.08683801396086299,BUY,False,1
2020-06-24,9313.6103515625,9264.8134765625,0,0.5937092392008692,1,-0.005239308190707503,0.09370923920086915,BUY,False,1
2020-06-25,9264.8134765625,9162.91796875,0,0.521087365016573,1,-0.010998117562784016,0.021087365016573045,HOLD,False,1
2020-06-26,9162.91796875,9045.390625,0,0.5832317458026629,1,-0.012826410118569775,0.0832317458026629,BUY,False,1
2020-06-27,9045.390625,9143.58203125,1,0.5959691639572015,1,0.010855408054862181,0.09596916395720145,BUY,True,1
2020-06-28,9143.58203125,9190.8544921875,1,0.5555598267036091,1,0.005170015512075743,0.05555982670360915,BUY,True,1
2020-06-29,9190.8544921875,9137.9931640625,0,0.5713301546563233,1,-0.005751513982724221,0.07133015465632331,BUY,False,1
2020-06-30,9137.9931640625,9228.3251953125,1,0.5894030525557281,1,0.00988532488788163,0.08940305255572811,BUY,True,1
2020-07-01,9228.3251953125,9123.41015625,0,0.558418542872379,1,-0.011368806022981404,0.05841854287237902,BUY,False,1
2020-07-02,9123.41015625,9087.3037109375,0,0.5645149118251654,1,-0.00395756024273064,0.06451491182516544,BUY,False,1
2020-07-03,9087.3037109375,9132.48828125,1,0.5767293414724691,1,0.004972274697731871,0.07672934147246913,BUY,True,1
2020-07-04,9132.48828125,9073.9423828125,0,0.5491187724793549,1,-0.00641072801130238,0.04911877247935492,HOLD,False,1
2020-07-05,9073.9423828125,9375.474609375,1,0.5530953715241896,1,0.0332305643833104,0.05309537152418964,BUY,True,1
2020-07-06,9375.474609375,9252.27734375,0,0.5857142999585104,1,-0.01314037643510968,0.08571429995851043,BUY,False,1
2020-07-07,9252.27734375,9428.3330078125,1,0.5691003097440944,1,0.019028359994139876,0.06910030974409442,BUY,True,1
2020-07-08,9428.3330078125,9277.9677734375,0,0.5835591400879758,1,-0.015948231171979632,0.08355914008797583,BUY,False,1
2020-07-09,9277.9677734375,9278.8076171875,1,0.5823788984453737,1,9.052022711308894e-05,0.08237889844537372,BUY,True,1
2020-07-10,9278.8076171875,9240.3466796875,0,0.5765873398503277,1,-0.004145030168397623,0.07658733985032773,BUY,False,1
2020-07-11,9240.3466796875,9276.5,1,0.6065291906720706,1,0.003912550206798482,0.10652919067207056,BUY,True,1
2020-07-12,9276.5,9243.6142578125,0,0.5830380790122226,1,-0.003545059255915528,0.0830380790122226,BUY,False,1
2020-07-13,9243.6142578125,9243.2138671875,0,0.6409217686831962,1,-4.331537576462985e-05,0.14092176868319617,BUY,False,1
2020-07-14,9243.2138671875,9192.8369140625,0,0.5958904391067653,1,-0.005450155524782674,0.09589043910676531,BUY,False,1
2020-07-15,9192.8369140625,9132.2275390625,0,0.6059592901928132,1,-0.006593108913667822,0.10595929019281325,BUY,False,1
2020-07-16,9132.2275390625,9151.392578125,1,0.5639233535130043,1,0.002098616025556055,0.06392335351300427,BUY,True,1
2020-07-17,9151.392578125,9159.0400390625,1,0.563172817283371,1,0.0008356608977502233,0.06317281728337099,BUY,True,1
2020-07-18,9159.0400390625,9185.8173828125,1,0.5728961943795157,1,0.002923597193133398,0.07289619437951567,BUY,True,1
2020-07-19,9185.8173828125,9164.2314453125,0,0.5615053124760737,1,-0.0023499201650132306,0.061505312476073715,BUY,False,1
2020-07-20,9164.2314453125,9374.8876953125,1,0.5647027258423251,1,0.02298678850016933,0.06470272584232506,BUY,True,1
2020-07-21,9374.8876953125,9525.36328125,1,0.5841232594920829,1,0.016050921443329758,0.08412325949208288,BUY,True,1
2020-07-22,9525.36328125,9581.072265625,1,0.5490262266441609,1,0.00584848921034431,0.0490262266441609,HOLD,True,1
2020-07-23,9581.072265625,9536.892578125,0,0.5958607287497958,1,-0.004611142289210002,0.09586072874979579,BUY,False,1
2020-07-24,9536.892578125,9677.11328125,1,0.6222292878360696,1,0.014702976045533722,0.12222928783606957,BUY,True,1
2020-07-25,9677.11328125,9905.1669921875,1,0.6365764435085656,1,0.023566295475673238,0.13657644350856557,BUY,True,1
2020-07-26,9905.1669921875,10990.873046875,1,0.6101513004294514,1,0.1096100707382146,0.11015130042945143,BUY,True,1
2020-07-27,10990.873046875,10912.8232421875,0,0.6148212012377606,1,-0.007101328925793737,0.11482120123776063,BUY,False,1
2020-07-28,10912.8232421875,11100.4677734375,1,0.6402136277368957,1,0.017194865809297744,0.14021362773689572,BUY,True,1
2020-07-29,11100.4677734375,11111.2138671875,1,0.6370621511662566,1,0.0009680757576464583,0.13706215116625664,BUY,True,1
2020-07-30,11111.2138671875,11323.466796875,1,0.6700101476889635,1,0.0191025870102548,0.1700101476889635,BUY,True,1
2020-07-31,11323.466796875,11759.5927734375,1,0.6342283726610535,1,0.03851523428168302,0.13422837266105347,BUY,True,1
2020-08-01,11759.5927734375,11053.6142578125,0,0.6088284875128724,1,-0.060034265575901635,0.10882848751287244,BUY,False,1
2020-08-02,11053.6142578125,11246.3486328125,1,0.6729089367063946,1,0.017436321777176023,0.17290893670639462,BUY,True,1
2020-08-03,11246.3486328125,11205.892578125,0,0.6922572589372916,1,-0.00359726129861071,0.19225725893729162,BUY,False,1
2020-08-04,11205.892578125,11747.0224609375,1,0.6737182598666815,1,0.04828976175167332,0.17371825986668155,BUY,True,1
2020-08-05,11747.0224609375,11779.7734375,1,0.6309797670802004,1,0.002788023660583505,0.13097976708020043,BUY,True,1
2020-08-06,11779.7734375,11601.47265625,0,0.6544475958783803,1,-0.01513618086086388,0.1544475958783803,BUY,False,1
2020-08-07,11601.47265625,11754.0458984375,1,0.6699993037810686,1,0.013151196120374076,0.16999930378106864,BUY,True,1
2020-08-08,11754.0458984375,11675.7392578125,0,0.6918386592833209,1,-0.006662100973708895,0.1918386592833209,BUY,False,1
2020-08-09,11675.7392578125,11878.111328125,1,0.6780796777780455,1,0.017332698670629254,0.17807967777804545,BUY,True,1
2020-08-10,11878.111328125,11410.525390625,0,0.6942962158926699,1,-0.03936534391564839,0.19429621589266988,BUY,False,1
2020-08-11,11410.525390625,11584.9345703125,1,0.6849182305289196,1,0.015284938573538076,0.18491823052891965,BUY,True,1
2020-08-12,11584.9345703125,11784.1376953125,1,0.6388770419119303,1,0.017195015111304723,0.1388770419119303,BUY,True,1
2020-08-13,11784.1376953125,11768.87109375,0,0.5982912850966929,1,-0.0012955213149429268,0.09829128509669294,BUY,False,1
2020-08-14,11768.87109375,11865.6982421875,1,0.6842186885405116,1,0.008227394765919493,0.1842186885405116,BUY,True,1
2020-08-15,11865.6982421875,11892.8037109375,1,0.6587555560512751,1,0.0022843551383793237,0.15875555605127512,BUY,True,1
2020-08-16,11892.8037109375,12254.40234375,1,0.6466129291189766,1,0.03040482644811049,0.1466129291189766,BUY,True,1
2020-08-17,12254.40234375,11991.2333984375,0,0.6437653936261679,1,-0.021475461465219614,0.14376539362616791,BUY,False,1
2020-08-18,11991.2333984375,11758.283203125,0,0.667544273643573,1,-0.019426708460436926,0.16754427364357305,BUY,False,1
2020-08-19,11758.283203125,11878.3720703125,1,0.6546326491901512,1,0.01021312934149976,0.15463264919015118,BUY,True,1
2020-08-20,11878.3720703125,11592.4892578125,0,0.6426820707722776,1,-0.024067507803910648,0.14268207077227757,BUY,False,1
2020-08-21,11592.4892578125,11681.8251953125,1,0.6704701847028444,1,0.007706363621583279,0.17047018470284436,BUY,True,1
2020-08-22,11681.8251953125,11664.84765625,0,0.5845315746749887,1,-0.0014533293195752028,0.08453157467498873,BUY,False,1
2020-08-23,11664.84765625,11774.595703125,1,0.6171715985719035,1,0.00940844236539995,0.11717159857190351,BUY,True,1
2020-08-24,11774.595703125,11366.134765625,0,0.617676053771961,1,-0.034690018052305094,0.117676053771961,BUY,False,1
2020-08-25,11366.134765625,11488.36328125,1,0.5907467596888373,1,0.010753745063331488,0.09074675968883728,BUY,True,1
2020-08-26,11488.36328125,11323.3974609375,0,0.5934791248134199,1,-0.01435938403704018,0.09347912481341991,BUY,False,1
2020-08-27,11323.3974609375,11542.5,1,0.6088197793716618,1,0.01934954061432026,0.10881977937166176,BUY,True,1
2020-08-28,11542.5,11506.865234375,0,0.5718442407500848,1,-0.0030872658111327222,0.07184424075008478,BUY,False,1
2020-08-29,11506.865234375,11711.505859375,1,0.609569118643799,1,0.017784220187846422,0.10956911864379903,BUY,True,1
2020-08-30,11711.505859375,11680.8203125,0,0.6137954356463466,1,-0.0026201196706430174,0.11379543564634664,BUY,False,1
2020-08-31,11680.8203125,11970.478515625,1,0.6452595284423546,1,0.024797762089964426,0.14525952844235457,BUY,True,1
2020-09-01,11970.478515625,11414.0341796875,0,0.6369765182549361,1,-0.04648471948812871,0.13697651825493606,BUY,False,1
2020-09-02,11414.0341796875,10245.296875,0,0.6056061932072405,1,-0.10239476124641311,0.10560619320724052,BUY,False,1
2020-09-03,10245.296875,10511.8134765625,1,0.5706402240738441,1,0.02601355576262887,0.07064022407384407,BUY,True,1
2020-09-04,10511.8134765625,10169.5673828125,0,0.40907471782051363,0,-0.03255823502891142,0.09092528217948637,SELL,True,1
2020-09-05,10169.5673828125,10280.3515625,1,0.5133296091502312,1,0.010893696409813414,0.013329609150231181,HOLD,True,1
2020-09-06,10280.3515625,10369.5634765625,1,0.4756143365396481,0,0.00867790498409815,0.024385663460351925,HOLD,False,1
2020-09-07,10369.5634765625,10131.5166015625,0,0.420316947545174,0,-0.022956306264775628,0.07968305245482599,SELL,True,1
2020-09-08,10131.5166015625,10242.34765625,1,0.5281547441888276,1,0.010939236349907233,0.028154744188827574,HOLD,True,1
2020-09-09,10242.34765625,10363.138671875,1,0.46591621090611046,0,0.011793293850096198,0.03408378909388954,HOLD,False,1
2020-09-10,10363.138671875,10400.9150390625,1,0.5226777868794625,1,0.0036452631180188266,0.022677786879462536,HOLD,True,1
2020-09-11,10400.9150390625,10442.1708984375,1,0.5052281712016687,1,0.003966560559340859,0.005228171201668741,HOLD,True,1
2020-09-12,10442.1708984375,10323.755859375,0,0.496281283889282,0,-0.011340078630605377,0.003718716110718001,HOLD,True,1
2020-09-13,10323.755859375,10680.837890625,1,0.52016161763011,1,0.0345883839286778,0.02016161763011004,HOLD,True,1
2020-09-14,10680.837890625,10796.951171875,1,0.4481809708907439,0,0.010871177190313608,0.05181902910925612,SELL,False,1
2020-09-15,10796.951171875,10974.9052734375,1,0.4845956135715043,0,0.01648188444401355,0.015404386428495676,HOLD,False,1
2020-09-16,10974.9052734375,10948.990234375,0,0.49268235435132907,0,-0.0023612995663134795,0.007317645648670934,HOLD,True,1
2020-09-17,10948.990234375,10944.5859375,0,0.5842512154379957,1,-0.00040225598714782596,0.08425121543799574,BUY,False,1
2020-09-18,10944.5859375,11094.3466796875,1,0.5577945907828469,1,0.013683545731443925,0.05779459078284688,BUY,True,1
2020-09-19,11094.3466796875,10938.271484375,0,0.5082842266651469,1,-0.014067993350005525,0.008284226665146943,HOLD,False,1
2020-09-20,10938.271484375,10462.259765625,0,0.5208380324021479,1,-0.04351800185522625,0.020838032402147877,HOLD,False,1
2020-09-21,10462.259765625,10538.4599609375,1,0.5950303561601237,1,0.0072833400259153525,0.09503035616012367,BUY,True,1
2020-09-22,10538.4599609375,10246.1865234375,0,0.5387515536268752,1,-0.027733979972724532,0.03875155362687521,HOLD,False,1
2020-09-23,10246.1865234375,10760.06640625,1,0.5596014793353022,1,0.050153282066164984,0.05960147933530224,BUY,True,1
2020-09-24,10760.06640625,10692.716796875,0,0.5301595792590145,1,-0.006259218747560857,0.03015957925901447,HOLD,False,1
2020-09-25,10692.716796875,10750.7236328125,1,0.5732596883793504,1,0.005424892199001441,0.07325968837935037,BUY,True,1
2020-09-26,10750.7236328125,10775.26953125,1,0.5676480605725984,1,0.0022831856976197606,0.06764806057259842,BUY,True,1
2020-09-27,10775.26953125,10709.65234375,0,0.5306662421663344,1,-0.006089609852421796,0.0306662421663344,HOLD,False,1
2020-09-28,10709.65234375,10844.640625,1,0.5458683868797387,1,0.012604356977915954,0.04586838687973871,HOLD,True,1
2020-09-29,10844.640625,10784.4912109375,0,0.5284749632255668,1,-0.00554646448346463,0.028474963225566752,HOLD,False,1
2020-09-30,10784.4912109375,10619.4521484375,0,0.5233418335379325,1,-0.015303370300178809,0.02334183353793251,HOLD,False,1
2020-10-01,10619.4521484375,10575.974609375,0,0.5306973923068223,1,-0.00409414143543152,0.030697392306822335,HOLD,False,1
2020-10-02,10575.974609375,10549.3291015625,0,0.5272126707352632,1,-0.0025194375739971964,0.027212670735263234,HOLD,False,1
2020-10-03,10549.3291015625,10669.5830078125,1,0.5647945509508213,1,0.011399199427022166,0.06479455095082132,BUY,True,1
2020-10-04,10669.5830078125,10793.33984375,1,0.5084391270341452,1,0.01159903211277169,0.008439127034145177,HOLD,True,1
2020-10-05,10793.33984375,10604.40625,0,0.5223495591524433,1,-0.017504646058134066,0.0223495591524433,HOLD,False,1
2020-10-06,10604.40625,10668.96875,1,0.539391443818183,1,0.0060882710901424275,0.03939144381818305,HOLD,True,1
2020-10-07,10668.96875,10915.685546875,1,0.5016392456851213,1,0.023124708925124526,0.0016392456851213044,HOLD,True,1
2020-10-08,10915.685546875,11064.4580078125,1,0.5234143592756897,1,0.013629236597062944,0.02341435927568969,HOLD,True,1
2020-10-09,11064.4580078125,11296.361328125,1,0.5618031513960612,1,0.02095930231275278,0.061803151396061184,BUY,True,1
2020-10-10,11296.361328125,11384.181640625,1,0.5397778986738812,1,0.0077742124166433335,0.03977789867388115,HOLD,True,1
2020-10-11,11384.181640625,11555.36328125,1,0.5698866596080249,1,0.01503679807902314,0.06988665960802487,BUY,True,1
2020-10-12,11555.36328125,11425.8994140625,0,0.5620906623403984,1,-0.011203790312466544,0.062090662340398395,BUY,False,1
2020-10-13,11425.8994140625,11429.5068359375,1,0.5945610180934273,1,0.0003157232305546209,0.09456101809342732,BUY,True,1
2020-10-14,11429.5068359375,11495.349609375,1,0.6215146346050859,1,0.005760771167350187,0.12151463460508594,BUY,True,1
2020-10-15,11495.349609375,11322.123046875,0,0.6011927222576262,1,-0.01506927308750361,0.10119272225762621,BUY,False,1
2020-10-16,11322.123046875,11358.1015625,1,0.5653586576401133,1,0.0031777181254826203,0.06535865764011328,BUY,True,1
2020-10-17,11358.1015625,11483.359375,1,0.583679337352973,1,0.011028058853915557,0.08367933735297295,BUY,True,1
2020-10-18,11483.359375,11742.037109375,1,0.5961688466780886,1,0.02252631185070797,0.09616884667808856,BUY,True,1
2020-10-19,11742.037109375,11916.3349609375,1,0.637753913851473,1,0.014843919324981414,0.13775391385147295,BUY,True,1
2020-10-20,11916.3349609375,12823.689453125,1,0.6581497753377307,1,0.07614375520341321,0.15814977533773067,BUY,True,1
2020-10-21,12823.689453125,12965.8916015625,1,0.68671002128072,1,0.011089019970212055,0.18671002128072,BUY,True,1
2020-10-22,12965.8916015625,12931.5390625,0,0.6746097571539338,1,-0.0026494544392426933,0.1746097571539338,BUY,False,1
2020-10-23,12931.5390625,13108.0625,1,0.6445568019777812,1,0.0136506131750318,0.1445568019777812,BUY,True,1
2020-10-24,13108.0625,13031.173828125,0,0.6903343213894366,1,-0.0058657541398662305,0.19033432138943662,BUY,False,1
2020-10-25,13031.173828125,13075.248046875,1,0.6922124268521966,1,0.003382214014740148,0.19221242685219664,BUY,True,1
2020-10-26,13075.248046875,13654.21875,1,0.6959530463803972,1,0.04427990207523247,0.19595304638039723,BUY,True,1
2020-10-27,13654.21875,13271.28515625,0,0.6484080409582778,1,-0.02804507535445777,0.14840804095827775,BUY,False,1
2020-10-28,13271.28515625,13437.8828125,1,0.6463748559822329,1,0.012553242153156674,0.14637485598223288,BUY,True,1
2020-10-29,13437.8828125,13546.5224609375,1,0.6298465619441374,1,0.00808458072996765,0.12984656194413735,BUY,True,1
2020-10-30,13546.5224609375,13780.9951171875,1,0.6547573893138569,1,0.01730869726353168,0.15475738931385685,BUY,True,1
2020-10-31,13780.9951171875,13737.109375,0,0.6801422802132133,1,-0.003184511845067406,0.18014228021321332,BUY,False,1
2020-11-01,13737.109375,13550.4892578125,0,0.6737607324829575,1,-0.013585108198026608,0.17376073248295754,BUY,False,1
2020-11-02,13550.4892578125,13950.30078125,1,0.6634373521504382,1,0.02950532012761009,0.1634373521504382,BUY,True,1
2020-11-03,13950.30078125,14133.70703125,1,0.6512549167143162,1,0.013147117963686394,0.15125491671431623,BUY,True,1
2020-11-04,14133.70703125,15579.8486328125,1,0.6803748156986732,1,0.10231863433740651,0.1803748156986732,BUY,True,1
2020-11-05,15579.8486328125,15565.880859375,0,0.6030823081485397,1,-0.0008965281862933772,0.10308230814853969,BUY,False,1
2020-11-06,15565.880859375,14833.75390625,0,0.6494078984770438,1,-0.0470340843373509,0.14940789847704383,BUY,False,1
2020-11-07,14833.75390625,15479.5673828125,1,0.6565250982304441,1,0.04353675277640923,0.15652509823044414,BUY,True,1
2020-11-08,15479.5673828125,15332.3154296875,0,0.5835559689116572,1,-0.009512665921690977,0.08355596891165717,BUY,False,1
2020-11-09,15332.3154296875,15290.90234375,0,0.6254214442872218,1,-0.0027010327388199418,0.1254214442872218,BUY,False,1
2020-11-10,15290.90234375,15701.33984375,1,0.6351303963972448,1,0.02684194109497806,0.13513039639724478,BUY,True,1
2020-11-11,15701.33984375,16276.34375,1,0.6060976190507233,1,0.03662132734990031,0.10609761905072335,BUY,True,1
2020-11-12,16276.34375,16317.80859375,1,0.5920640759233545,1,0.002547552717421464,0.09206407592335453,BUY,True,1
2020-11-13,16317.80859375,16068.138671875,0,0.6659409196133861,1,-0.015300456580341737,0.16594091961338608,BUY,False,1
2020-11-14,16068.138671875,15955.587890625,0,0.5965484516226275,1,-0.007004593596581565,0.09654845162262748,BUY,False,1
2020-11-15,15955.587890625,16716.111328125,1,0.6280229122742904,1,0.04766502135260464,0.1280229122742904,BUY,True,1
2020-11-16,16716.111328125,17645.40625,1,0.5842600801539892,1,0.05559276937282975,0.08426008015398923,BUY,True,1
2020-11-17,17645.40625,17804.005859375,1,0.6219625781096715,1,0.008988152900985202,0.12196257810967148,BUY,True,1
2020-11-18,17804.005859375,17817.08984375,1,0.6096505757597911,1,0.0007348899162549216,0.10965057575979109,BUY,True,1
2020-11-19,17817.08984375,18621.314453125,1,0.6474116104528189,1,0.045137820846602006,0.14741161045281892,BUY,True,1
2020-11-20,18621.314453125,18642.232421875,1,0.619745030430547,1,0.0011233347035009,0.11974503043054696,BUY,True,1
2020-11-21,18642.232421875,18370.001953125,0,0.6666382574536629,1,-0.014602889964538845,0.1666382574536629,BUY,False,1
2020-11-22,18370.001953125,18364.12109375,0,0.6513556228843146,1,-0.000320133845930215,0.1513556228843146,BUY,False,1
2020-11-23,18364.12109375,19107.46484375,1,0.7324022564524256,1,0.040478046632625775,0.23240225645242563,BUY,True,1
2020-11-24,19107.46484375,18732.12109375,0,0.602243364057076,1,-0.01964382784787766,0.10224336405707601,BUY,False,1
2020-11-25,18732.12109375,17150.623046875,0,0.652768260655414,1,-0.08442706722639481,0.15276826065541405,BUY,False,1
2020-11-26,17150.623046875,17108.40234375,0,0.6019161411664824,1,-0.0024617591448197196,0.1019161411664824,BUY,False,1
2020-11-27,17108.40234375,17717.4140625,1,0.5916771751215163,1,0.03559722915754793,0.0916771751215163,BUY,True,1
2020-11-28,17717.4140625,18177.484375,1,0.5100084437413122,1,0.02596712538731971,0.010008443741312156,HOLD,True,1
2020-11-29,18177.484375,19625.8359375,1,0.5810656890599087,1,0.07967832801396635,0.08106568905990874,BUY,True,1
2020-11-30,19625.8359375,18802.998046875,0,0.5668868361766477,1,-0.04192625951044282,0.0668868361766477,BUY,False,1
2020-12-01,18802.998046875,19201.091796875,1,0.5877507965905864,1,0.021171823185194727,0.08775079659058638,BUY,True,1
2020-12-02,19201.091796875,19445.3984375,1,0.5290254533648461,1,0.012723580680175761,0.029025453364846077,HOLD,True,1
2020-12-03,19445.3984375,18699.765625,0,0.6181353315509801,1,-0.038344949058079725,0.1181353315509801,BUY,False,1
2020-12-04,18699.765625,19154.23046875,1,0.6052748329112363,1,0.024303237423597412,0.1052748329112363,BUY,True,1
2020-12-05,19154.23046875,19345.12109375,1,0.5888815298674053,1,0.009965977245154134,0.08888152986740527,BUY,True,1
2020-12-06,19345.12109375,19191.630859375,0,0.592057088597523,1,-0.007934312410408761,0.09205708859752304,BUY,False,1
2020-12-07,19191.630859375,18321.14453125,0,0.6263201436219741,1,-0.0453576006387062,0.12632014362197408,BUY,False,1
2020-12-08,18321.14453125,18553.916015625,1,0.6261834147722124,1,0.012705073309037251,0.1261834147722124,BUY,True,1
2020-12-09,18553.916015625,18264.9921875,0,0.5521049839085158,1,-0.015572121156616547,0.05210498390851581,BUY,False,1
2020-12-10,18264.9921875,18058.904296875,0,0.5456385787859411,1,-0.011283218109780502,0.04563857878594113,HOLD,False,1
2020-12-11,18058.904296875,18803.65625,1,0.5329892150639934,1,0.041240151721379625,0.03298921506399344,HOLD,True,1
2020-12-12,18803.65625,19142.3828125,1,0.5576780740561809,1,0.018013866983980886,0.05767807405618086,BUY,True,1
2020-12-13,19142.3828125,19246.64453125,1,0.6673264348153055,1,0.005446642655266398,0.1673264348153055,BUY,True,1
2020-12-14,19246.64453125,19417.076171875,1,0.6511490541671365,1,0.008855135259981495,0.15114905416713653,BUY,True,1
2020-12-15,19417.076171875,21310.59765625,1,0.6930935439097371,1,0.09751836309514528,0.1930935439097371,BUY,True,1
2020-12-16,21310.59765625,22805.162109375,1,0.6812030603836048,1,0.07013245133867341,0.18120306038360479,BUY,True,1
2020-12-17,22805.162109375,23137.9609375,1,0.6526249595458947,1,0.014593135822884129,0.15262495954589472,BUY,True,1
2020-12-18,23137.9609375,23869.83203125,1,0.6606801101214774,1,0.03163075154837203,0.16068011012147743,BUY,True,1
2020-12-19,23869.83203125,23477.294921875,0,0.6759511459596316,1,-0.01644490454985592,0.17595114595963157,BUY,False,1
2020-12-20,23477.294921875,22803.08203125,0,0.7144747912512582,1,-0.028717656479103182,0.21447479125125823,BUY,False,1
2020-12-21,22803.08203125,23783.029296875,1,0.6915021626649444,1,0.042974334095805755,0.19150216266494435,BUY,True,1
2020-12-22,23783.029296875,23241.345703125,0,0.5120935825583034,1,-0.022776055438033516,0.012093582558303395,HOLD,False,1
2020-12-23,23241.345703125,23735.94921875,1,0.6019407056569129,1,0.021281190940612982,0.10194070565691293,BUY,True,1
2020-12-24,23735.94921875,24664.791015625,1,0.5871657948768711,1,0.03913227940938091,0.08716579487687115,BUY,True,1
2020-12-25,24664.791015625,26437.037109375,1,0.5141521013455045,1,0.07185327832809496,0.014152101345504486,HOLD,True,1
2020-12-26,26437.037109375,26272.294921875,0,0.49636231083287735,0,-0.0062314920850786715,0.0036376891671226486,HOLD,True,2
2020-12-27,26272.294921875,27084.80859375,1,0.482458730838473,0,0.03092663485588698,0.017541269161526984,HOLD,False,2
2020-12-28,27084.80859375,27362.4375,1,0.5197074334281857,1,0.010250355112868093,0.019707433428185706,HOLD,True,2
2020-12-29,27362.4375,28840.953125,1,0.4450584485413524,0,0.054034499850387885,0.0549415514586476,SELL,False,2
2020-12-30,28840.953125,29001.720703125,1,0.48744436608463376,0,0.005574281038085438,0.012555633915366238,HOLD,False,2
2020-12-31,29001.720703125,29374.15234375,1,0.4689410448785527,0,0.012841708408869223,0.031058955121447296,HOLD,False,2
2021-01-01,29374.15234375,32127.267578125,1,0.4883239647669504,0,0.09372577639540935,0.011676035233049609,HOLD,False,2
2021-01-02,32127.267578125,32782.0234375,1,0.4285656095069207,0,0.020380066800975483,0.07143439049307931,SELL,False,2
2021-01-03,32782.0234375,31971.9140625,0,0.49011551375084916,0,-0.024712000360334718,0.009884486249150837,HOLD,True,2
2021-01-04,31971.9140625,33992.4296875,1,0.4378276416212353,0,0.06319658000613337,0.062172358378764725,SELL,False,2
2021-01-05,33992.4296875,36824.36328125,1,0.4483007056196638,0,0.08331071417326141,0.051699294380336214,SELL,False,2
2021-01-06,36824.36328125,39371.04296875,1,0.3867078432023594,0,0.0691574669750421,0.1132921567976406,SELL,False,2
2021-01-07,39371.04296875,40797.609375,1,0.481779511217849,0,0.0362338992996023,0.01822048878215099,HOLD,False,2
2021-01-08,40797.609375,40254.546875,0,0.4610786101024575,0,-0.013311135341493308,0.03892138989754251,HOLD,True,2
2021-01-09,40254.546875,38356.44140625,0,0.46388403772188563,0,-0.047152573214749416,0.036115962278114366,HOLD,True,2
2021-01-10,38356.44140625,35566.65625,0,0.4096355871127,0,-0.07273315912449108,0.09036441288730002,SELL,True,2
2021-01-11,35566.65625,33922.9609375,0,0.40282988537731174,0,-0.046214502171538774,0.09717011462268826,SELL,True,2
2021-01-12,33922.9609375,37316.359375,1,0.49855504730915917,0,0.10003249550509552,0.0014449526908408283,HOLD,False,2
2021-01-13,37316.359375,39187.328125,1,0.400391883373385,0,0.050138030111625875,0.099608116626615,SELL,False,2
2021-01-14,39187.328125,36825.3671875,0,0.4716864096707828,0,-0.06027358971670127,0.02831359032921721,HOLD,True,2
2021-01-15,36825.3671875,36178.140625,0,0.4390210076658398,0,-0.017575563040677422,0.06097899233416021,SELL,True,2
2021-01-16,36178.140625,35791.27734375,0,0.5185271954284775,1,-0.010693288117263444,0.018527195428477472,HOLD,False,2
2021-01-17,35791.27734375,36630.07421875,1,0.5323129715935075,1,0.023435790428599335,0.032312971593507545,HOLD,True,2
2021-01-18,36630.07421875,36069.8046875,0,0.5832582082396965,1,-0.015295342507474663,0.08325820823969654,BUY,False,2
2021-01-19,36069.8046875,35547.75,0,0.5379424038071103,1,-0.014473454791977813,0.037942403807110336,HOLD,False,2
2021-01-20,35547.75,30825.69921875,0,0.4930057359637324,0,-0.1328368400602007,0.006994264036267572,HOLD,True,2
2021-01-21,30825.69921875,33005.76171875,1,0.5814177377276845,1,0.07072224005462169,0.08141773772768446,BUY,True,2
2021-01-22,33005.76171875,32067.642578125,0,0.4837384810694822,0,-0.02842289017956734,0.016261518930517804,HOLD,True,2
2021-01-23,32067.642578125,32289.37890625,1,0.6427744277746558,1,0.006914643868341619,0.14277442777465577,BUY,True,2
2021-01-24,32289.37890625,32366.392578125,1,0.5689038265918955,1,0.0023851084933719235,0.06890382659189553,BUY,True,2
2021-01-25,32366.392578125,32569.849609375,1,0.5409796147492459,1,0.006286058316783416,0.04097961474924594,HOLD,True,2
2021-01-26,32569.849609375,30432.546875,0,0.47620695684185677,0,-0.06562212475675022,0.023793043158143234,HOLD,True,2
2021-01-27,30432.546875,33466.09765625,1,0.5658287446567309,1,0.09968113394222766,0.06582874465673094,BUY,True,2
2021-01-28,33466.09765625,34316.38671875,1,0.4623028547133749,0,0.02540747568580648,0.0376971452866251,HOLD,False,2
2021-01-29,34316.38671875,34269.5234375,0,0.5071689160629295,1,-0.0013656239986477026,0.007168916062929465,HOLD,False,2
2021-01-30,34269.5234375,33114.359375,0,0.5619364770117463,1,-0.03370820328466961,0.061936477011746316,BUY,False,2
2021-01-31,33114.359375,33537.17578125,1,0.5317840405970748,1,0.012768370405776608,0.03178404059707485,HOLD,True,2
2021-02-01,33537.17578125,35510.2890625,1,0.4935153806279583,0,0.05883361479570781,0.0064846193720417,HOLD,False,2
2021-02-02,35510.2890625,37472.08984375,1,0.5526688775877645,1,0.055245981743407446,0.05266887758776451,BUY,True,2
2021-02-03,37472.08984375,36926.06640625,0,0.5471313398603656,1,-0.014571470120209207,0.04713133986036555,HOLD,False,2
2021-02-04,36926.06640625,38144.30859375,1,0.577101886659849,1,0.032991388091470286,0.07710188665984896,BUY,True,2
2021-02-05,38144.30859375,39266.01171875,1,0.5369653216394239,1,0.029406828078771152,0.0369653216394239,HOLD,True,2
2021-02-06,39266.01171875,38903.44140625,0,0.5770159960893009,1,-0.009233693380855112,0.07701599608930088,BUY,False,2
2021-02-07,38903.44140625,46196.46484375,1,0.5344096764486524,1,0.18746473766529936,0.03440967644865245,HOLD,True,2
2021-02-08,46196.46484375,46481.10546875,1,0.44582358792795057,0,0.006161523959955284,0.05417641207204943,SELL,False,2
2021-02-09,46481.10546875,44918.18359375,0,0.5469991996582676,1,-0.03362488605290981,0.0469991996582676,HOLD,False,2
2021-02-10,44918.18359375,47909.33203125,1,0.5014041833046737,1,0.0665910372634968,0.001404183304673734,HOLD,True,2
2021-02-11,47909.33203125,47504.8515625,0,0.4078665544645035,0,-0.008442623839676311,0.09213344553549652,SELL,True,2
2021-02-12,47504.8515625,47105.515625,0,0.47628593698506755,0,-0.008406213773231364,0.02371406301493245,HOLD,True,2
2021-02-13,47105.515625,48717.2890625,1,0.46106806910241477,0,0.03421623595697554,0.03893193089758523,HOLD,False,2
2021-02-14,48717.2890625,47945.05859375,0,0.4746818255477003,0,-0.01585126109458379,0.025318174452299724,HOLD,True,2
2021-02-15,47945.05859375,49199.87109375,1,0.43901567964274774,0,0.026171883752032166,0.060984320357252264,SELL,False,2
2021-02-16,49199.87109375,52149.0078125,1,0.4627686572709942,0,0.05994196027730325,0.0372313427290058,HOLD,False,2
2021-02-17,52149.0078125,51679.796875,0,0.4232154610812965,0,-0.008997504596578998,0.07678453891870352,SELL,True,2
2021-02-18,51679.796875,55888.1328125,1,0.43970912508530013,0,0.08143096900475189,0.060290874914699866,SELL,False,2
2021-02-19,55888.1328125,56099.51953125,1,0.4084132378488151,0,0.0037823185014820293,0.09158676215118489,SELL,False,2
2021-02-20,56099.51953125,57539.9453125,1,0.45176388156306235,0,0.025676258785917394,0.04823611843693765,HOLD,False,2
2021-02-21,57539.9453125,54207.3203125,0,0.47837866751735353,0,-0.05791845963531039,0.02162133248264647,HOLD,True,2
2021-02-22,54207.3203125,48824.42578125,0,0.36672518219815026,0,-0.09930198541853996,0.13327481780184974,SELL,True,2
2021-02-23,48824.42578125,49705.33203125,1,0.41162165193998757,0,0.018042326886684945,0.08837834806001243,SELL,False,2
2021-02-24,49705.33203125,47093.8515625,0,0.5400928374473652,1,-0.052539242009451814,0.04009283744736525,HOLD,False,2
2021-02-25,47093.8515625,46339.76171875,0,0.5016497024011792,1,-0.016012490351298148,0.0016497024011792316,HOLD,False,2
2021-02-26,46339.76171875,46188.453125,0,0.49178587858060496,0,-0.003265200081699504,0.008214121419395037,HOLD,True,2
2021-02-27,46188.453125,45137.76953125,0,0.5754098537235476,1,-0.022747754528746222,0.07540985372354758,BUY,False,2
2021-02-28,45137.76953125,49631.2421875,1,0.5723325101267868,1,0.09955017057586457,0.07233251012678676,BUY,True,2
2021-03-01,49631.2421875,48378.98828125,0,0.47972520343184377,0,-0.025231161886280384,0.020274796568156228,HOLD,True,2
2021-03-02,48378.98828125,50538.2421875,1,0.5340442425067384,1,0.04463205996986197,0.03404424250673843,HOLD,True,2
2021-03-03,50538.2421875,48561.16796875,0,0.5561564840707067,1,-0.039120359814156846,0.056156484070706725,BUY,False,2
2021-03-04,48561.16796875,48927.3046875,1,0.5806522233308982,1,0.007539701660092213,0.08065222333089817,BUY,True,2
2021-03-05,48927.3046875,48912.3828125,0,0.49746576296625267,0,-0.0003049805235605385,0.002534237033747333,HOLD,True,2
2021-03-06,48912.3828125,51206.69140625,1,0.5450767249574936,1,0.046906498146797926,0.0450767249574936,HOLD,True,2
2021-03-07,51206.69140625,52246.5234375,1,0.5811708260685955,1,0.020306565464276005,0.08117082606859549,BUY,True,2
2021-03-08,52246.5234375,54824.1171875,1,0.4810806740776639,0,0.049335220420617,0.018919325922336083,HOLD,False,2
2021-03-09,54824.1171875,56008.55078125,1,0.5212578615021449,1,0.021604243798385436,0.021257861502144926,HOLD,True,2
2021-03-10,56008.55078125,57805.12109375,1,0.5810496869714864,1,0.032076714848716215,0.0810496869714864,BUY,True,2
2021-03-11,57805.12109375,57332.08984375,0,0.5669211428194347,1,-0.008183206626845796,0.06692114281943473,BUY,False,2
2021-03-12,57332.08984375,61243.0859375,1,0.5335803805358585,1,0.06821652767950437,0.033580380535858545,HOLD,True,2
2021-03-13,61243.0859375,59302.31640625,0,0.573443688969162,1,-0.031689610370558396,0.07344368896916198,BUY,False,2
2021-03-14,59302.31640625,55907.19921875,0,0.5953805495290468,1,-0.05725100456855314,0.09538054952904684,BUY,False,2
2021-03-15,55907.19921875,56804.90234375,1,0.6662981752888907,1,0.01605702194966918,0.16629817528889068,BUY,True,2
2021-03-16,56804.90234375,58870.89453125,1,0.4944112479100634,0,0.036369962842253134,0.005588752089936588,HOLD,False,2
2021-03-17,58870.89453125,57858.921875,0,0.5450080797560035,1,-0.017189693893861602,0.045008079756003516,HOLD,False,2
2021-03-18,57858.921875,58346.65234375,1,0.6065902039759875,1,0.008429650137686817,0.10659020397598751,BUY,True,2
2021-03-19,58346.65234375,58313.64453125,0,0.6083900440099438,1,-0.0005657190459794625,0.10839004400994379,BUY,False,2
2021-03-20,58313.64453125,57523.421875,0,0.6334093813834032,1,-0.013551247955811196,0.1334093813834032,BUY,False,2
2021-03-21,57523.421875,54529.14453125,0,0.5821108015822444,1,-0.05205318540083803,0.08211080158224437,BUY,False,2
2021-03-22,54529.14453125,54738.9453125,1,0.6191090827968515,1,0.0038474981233158623,0.1191090827968515,BUY,True,2
2021-03-23,54738.9453125,52774.265625,0,0.5296757020440452,1,-0.035891807492523076,0.029675702044045238,HOLD,False,2
2021-03-24,52774.265625,51704.16015625,0,0.638100521694967,1,-0.020277031922222966,0.138100521694967,BUY,False,2
2021-03-25,51704.16015625,55137.3125,1,0.519132632150999,1,0.06639992475218648,0.01913263215099903,HOLD,True,2
2021-03-26,55137.3125,55973.51171875,1,0.4815182392583532,0,0.015165759461888806,0.018481760741646813,HOLD,False,2
2021-03-27,55973.51171875,55950.74609375,0,0.5263441729670455,1,-0.0004067213991215679,0.0263441729670455,HOLD,False,2
2021-03-28,55950.74609375,57750.19921875,1,0.5452479990499681,1,0.03216137854506651,0.045247999049968124,HOLD,True,2
2021-03-29,57750.19921875,58917.69140625,1,0.55763725193123,1,0.020216245195582738,0.05763725193123004,BUY,True,2
2021-03-30,58917.69140625,58918.83203125,1,0.5706082890755736,1,1.9359634988669328e-05,0.0706082890755736,BUY,True,2
2021-03-31,58918.83203125,59095.80859375,1,0.5990813359099143,1,0.0030037350775407035,0.0990813359099143,BUY,True,2
2021-04-01,59095.80859375,59384.3125,1,0.6015202396297553,1,0.004881969011259368,0.10152023962975532,BUY,True,2
2021-04-02,59384.3125,57603.890625,0,0.5804765864208309,1,-0.029981350293480258,0.08047658642083089,BUY,False,2
2021-04-03,57603.890625,58758.5546875,1,0.6649330908987604,1,0.0200448971410081,0.1649330908987604,BUY,True,2
2021-04-04,58758.5546875,59057.87890625,1,0.5932506076938068,1,0.005094138552963257,0.09325060769380678,BUY,True,2
2021-04-05,59057.87890625,58192.359375,0,0.5582577000380373,1,-0.014655445594718208,0.05825770003803732,BUY,False,2
2021-04-06,58192.359375,56048.9375,0,0.5807513918681553,1,-0.036833390122360865,0.08075139186815528,BUY,False,2
2021-04-07,56048.9375,58323.953125,1,0.6854544345460815,1,0.04058980823677527,0.18545443454608146,BUY,True,2
2021-04-08,58323.953125,58245.00390625,0,0.5140323728718518,1,-0.0013536328475677317,0.014032372871851773,HOLD,False,2
2021-04-09,58245.00390625,59793.234375,1,0.5967597485004372,1,0.026581343719059625,0.09675974850043723,BUY,True,2
2021-04-10,59793.234375,60204.96484375,1,0.6394603748935347,1,0.006885903949730876,0.1394603748935347,BUY,True,2
2021-04-11,60204.96484375,59893.453125,0,0.5932916659949835,1,-0.005174186540237491,0.09329166599498351,BUY,False,2
2021-04-12,59893.453125,63503.45703125,1,0.6127288419556256,1,0.06027376479221824,0.1127288419556256,BUY,True,2
2021-04-13,63503.45703125,63109.6953125,0,0.598843995220474,1,-0.00620063437737306,0.09884399522047405,BUY,False,2
2021-04-14,63109.6953125,63314.01171875,1,0.599889643000613,1,0.003237480473297971,0.09988964300061298,BUY,True,2
2021-04-15,63314.01171875,61572.7890625,0,0.5873982477858611,1,-0.027501379378466195,0.08739824778586114,BUY,False,2
2021-04-16,61572.7890625,60683.8203125,0,0.6442976166227132,1,-0.014437688523377457,0.14429761662271323,BUY,False,2
2021-04-17,60683.8203125,56216.18359375,0,0.6116182500503549,1,-0.0736215468265391,0.11161825005035486,BUY,False,2
2021-04-18,56216.18359375,55724.265625,0,0.5325513821547535,1,-0.008750468945115109,0.032551382154753505,HOLD,False,2
2021-04-19,55724.265625,56473.03125,1,0.5372471186894608,1,0.013436976092944253,0.037247118689460845,HOLD,True,2
2021-04-20,56473.03125,53906.08984375,0,0.46943067689532275,0,-0.045454287638402646,0.03056932310467725,HOLD,True,2
2021-04-21,53906.08984375,51762.2734375,0,0.5882758636191121,1,-0.0397694659817468,0.0882758636191121,BUY,False,2
2021-04-22,51762.2734375,51093.65234375,0,0.605905074717064,1,-0.012917150838772984,0.10590507471706401,BUY,False,2
2021-04-23,51093.65234375,50050.8671875,0,0.44597320542820557,0,-0.02040928977310741,0.054026794571794434,SELL,True,2
2021-04-24,50050.8671875,49004.25390625,0,0.47489868156481396,0,-0.02091099195802515,0.025101318435186037,HOLD,True,2
2021-04-25,49004.25390625,54021.75390625,1,0.446061553807349,0,0.10238907033660749,0.05393844619265098,SELL,False,2
2021-04-26,54021.75390625,55033.1171875,1,0.42251109505850876,0,0.018721407731506323,0.07748890494149124,SELL,False,2
2021-04-27,55033.1171875,54824.703125,0,0.4558144523775017,0,-0.003787066282106566,0.04418554762249832,HOLD,True,2
2021-04-28,54824.703125,53555.109375,0,0.5150771930799585,1,-0.02315733013830157,0.015077193079958473,HOLD,False,2
2021-04-29,53555.109375,57750.17578125,1,0.4367792457400075,0,0.07833176806484676,0.06322075425999252,SELL,False,2
2021-04-30,57750.17578125,57828.05078125,1,0.5103771116977582,1,0.0013484807439372304,0.010377111697758234,HOLD,True,2
2021-05-01,57828.05078125,56631.078125,0,0.5683533829165067,1,-0.020698824187899145,0.06835338291650672,BUY,False,2
2021-05-02,56631.078125,57200.29296875,1,0.4913670575886973,0,0.010051280367532334,0.008632942411302691,HOLD,False,2
2021-05-03,57200.29296875,53333.5390625,0,0.5345454398873133,1,-0.06760024652955021,0.03454543988731329,HOLD,False,2
2021-05-04,53333.5390625,57424.0078125,1,0.5409121054383181,1,0.07669599321369813,0.040912105438318136,HOLD,True,2
2021-05-05,57424.0078125,56396.515625,0,0.5159112680187521,1,-0.01789307689659958,0.01591126801875209,HOLD,False,2
2021-05-06,56396.515625,57356.40234375,1,0.5062492475106737,1,0.017020319573156195,0.006249247510673683,HOLD,True,2
2021-05-07,57356.40234375,58803.77734375,1,0.499700618679534,0,0.02523475916996243,0.00029938132046597454,HOLD,False,2
2021-05-08,58803.77734375,58232.31640625,0,0.5151414589692571,1,-0.009718099130935132,0.015141458969257116,HOLD,False,2
2021-05-09,58232.31640625,55859.796875,0,0.5237830871600884,1,-0.04074231762821234,0.023783087160088368,HOLD,False,2
2021-05-10,55859.796875,56704.57421875,1,0.5977235123544135,1,0.01512317249631967,0.09772351235441346,BUY,True,2
2021-05-11,56704.57421875,49150.53515625,0,0.4495635987167695,0,-0.1332174549686006,0.050436401283230514,SELL,True,2
2021-05-12,49150.53515625,49716.19140625,1,0.581925649647492,1,0.011508648851976444,0.08192564964749205,BUY,True,2
2021-05-13,49716.19140625,49880.53515625,1,0.44997675416415944,0,0.00330563837155351,0.05002324583584056,SELL,False,2
2021-05-14,49880.53515625,46760.1875,0,0.5038015676941391,1,-0.06255641898138342,0.0038015676941390852,HOLD,False,2
2021-05-15,46760.1875,46456.05859375,0,0.5830383922550576,1,-0.0065040138312105755,0.0830383922550576,BUY,False,2
2021-05-16,46456.05859375,43537.51171875,0,0.4668892474450533,0,-0.06282381595309616,0.03311075255494672,HOLD,True,2
2021-05-17,43537.51171875,42909.40234375,0,0.6332213599200199,1,-0.014426855146374762,0.13322135992001993,BUY,False,2
2021-05-18,42909.40234375,37002.44140625,0,0.5884894668260111,1,-0.13766122609163733,0.08848946682601111,BUY,False,2
2021-05-19,37002.44140625,40782.73828125,1,0.6426678703008416,1,0.10216344466291027,0.1426678703008416,BUY,True,2
2021-05-20,40782.73828125,37304.69140625,0,0.4819028375582034,0,-0.08528232829817228,0.0180971624417966,HOLD,True,2
2021-05-21,37304.69140625,37536.6328125,1,0.6331633224156645,1,0.006217486259949112,0.13316332241566453,BUY,True,2
2021-05-22,37536.6328125,34770.58203125,0,0.5464260144726669,1,-0.0736893688644572,0.04642601447266692,HOLD,False,2
2021-05-23,34770.58203125,38705.98046875,1,0.6571165869778062,1,0.11318183957815453,0.15711658697780617,BUY,True,2
2021-05-24,38705.98046875,38402.22265625,0,0.5197170565730362,1,-0.007847826326095597,0.01971705657303624,HOLD,False,2
2021-05-25,38402.22265625,39294.19921875,1,0.5338870948024137,1,0.023227211885217036,0.0338870948024137,HOLD,True,2
2021-05-26,39294.19921875,38436.96875,0,0.5611614010300393,1,-0.021815700174415475,0.06116140103003931,BUY,False,2
2021-05-27,38436.96875,35697.60546875,0,0.6128169205038666,1,-0.07126897282320166,0.1128169205038666,BUY,False,2
2021-05-28,35697.60546875,34616.06640625,0,0.5937539884954615,1,-0.03029724398312339,0.09375398849546146,BUY,False,2
2021-05-29,34616.06640625,35678.12890625,1,0.6623031498594874,1,0.03068120125307594,0.16230314985948735,BUY,True,2
2021-05-30,35678.12890625,37332.85546875,1,0.5126636127934642,1,0.04637929771620186,0.012663612793464174,HOLD,True,2
2021-05-31,37332.85546875,36684.92578125,0,0.5461617517695935,1,-0.017355481635803582,0.04616175176959347,HOLD,False,2
2021-06-01,36684.92578125,37575.1796875,1,0.5990018873696006,1,0.02426756732611457,0.09900188736960058,BUY,True,2
2021-06-02,37575.1796875,39208.765625,1,0.5263332272124456,1,0.043475133082156336,0.026333227212445576,HOLD,True,2
2021-06-03,39208.765625,36894.40625,0,0.49930255169474314,0,-0.05902658087058821,0.0006974483052568647,HOLD,True,2
2021-06-04,36894.40625,35551.95703125,0,0.5100090614847715,1,-0.03638625350557034,0.010009061484771542,HOLD,False,2
2021-06-05,35551.95703125,35862.37890625,1,0.6167566057970235,1,0.008731498936251025,0.11675660579702352,BUY,True,2
2021-06-06,35862.37890625,33560.70703125,0,0.5033264287970888,1,-0.06418068028941804,0.0033264287970887763,HOLD,False,2
2021-06-07,33560.70703125,33472.6328125,0,0.5758955031320614,1,-0.0026243254847995168,0.07589550313206139,BUY,False,2
2021-06-08,33472.6328125,37345.12109375,1,0.4597754143945372,0,0.11569117681725527,0.040224585605462826,HOLD,False,2
2021-06-09,37345.12109375,36702.59765625,0,0.49099936307571085,0,-0.01720501684509279,0.009000636924289152,HOLD,True,2
2021-06-10,36702.59765625,37334.3984375,1,0.592645273293914,1,0.01721406171757467,0.09264527329391403,BUY,True,2
2021-06-11,37334.3984375,35552.515625,0,0.46448549261459554,0,-0.047727642256857994,0.03551450738540446,HOLD,True,2
2021-06-12,35552.515625,39097.859375,1,0.5384255063448322,1,0.09972131894675185,0.038425506344832216,HOLD,True,2
2021-06-13,39097.859375,40218.4765625,1,0.501051908979967,1,0.028661855288592664,0.0010519089799669867,HOLD,True,2
2021-06-14,40218.4765625,40406.26953125,1,0.5170824607791918,1,0.004669320789865594,0.017082460779191844,HOLD,True,2
2021-06-15,40406.26953125,38347.0625,0,0.5560661152279508,1,-0.05096256237308472,0.0560661152279508,BUY,False,2
2021-06-16,38347.0625,38053.50390625,0,0.5796894158047339,1,-0.007655308506355651,0.07968941580473388,BUY,False,2
2021-06-17,38053.50390625,35787.24609375,0,0.4880354023503459,0,-0.0595545108824469,0.011964597649654074,HOLD,True,2
2021-06-18,35787.24609375,35615.87109375,0,0.5359097747562032,1,-0.004788717174578294,0.03590977475620316,HOLD,False,2
2021-06-19,35615.87109375,35698.296875,1,0.4715584816496105,0,0.002314299179515533,0.028441518350389494,HOLD,False,2
2021-06-20,35698.296875,31676.693359375,0,0.45256701920947817,0,-0.11265533282181261,0.04743298079052183,HOLD,True,2
2021-06-21,31676.693359375,32505.66015625,1,0.5594060914614949,1,0.02616961270137308,0.05940609146149489,BUY,True,2
2021-06-22,32505.66015625,33723.02734375,1,0.4251314231357805,0,0.0374509295196066,0.0748685768642195,SELL,False,2
2021-06-23,33723.02734375,34662.4375,1,0.4042639651173855,0,0.027856637741157764,0.0957360348826145,SELL,False,2
2021-06-24,34662.4375,31637.779296875,0,0.5281420886238178,1,-0.0872604012088013,0.02814208862381784,HOLD,False,2
2021-06-25,31637.779296875,32186.27734375,1,0.6408426335016159,1,0.017336806155961115,0.14084263350161585,BUY,True,2
2021-06-26,32186.27734375,34649.64453125,1,0.42489221234295005,0,0.07653470332064805,0.07510778765704995,SELL,False,2
2021-06-27,34649.64453125,34434.3359375,0,0.44655431856089034,0,-0.006213875976586625,0.05344568143910966,SELL,True,2
2021-06-28,34434.3359375,35867.77734375,1,0.5098816333985963,1,0.04162825758718758,0.009881633398596268,HOLD,True,2
2021-06-29,35867.77734375,35040.8359375,0,0.486809297566844,0,-0.02305527321430456,0.01319070243315601,HOLD,True,2
2021-06-30,35040.8359375,33572.1171875,0,0.5283718749829079,1,-0.04191448950075438,0.02837187498290794,HOLD,False,2
2021-07-01,33572.1171875,33897.046875,1,0.5096679842285957,1,0.00967855812266083,0.009667984228595716,HOLD,True,2
2021-07-02,33897.046875,34668.546875,1,0.3960904624399263,0,0.022760094790705843,0.1039095375600737,SELL,False,2
2021-07-03,34668.546875,35287.78125,1,0.4903600345279578,0,0.017861561294527206,0.009639965472042211,HOLD,False,2
2021-07-04,35287.78125,33746.00390625,0,0.5098417152228205,1,-0.043691535402215154,0.009841715222820513,HOLD,False,2
2021-07-05,33746.00390625,34235.1953125,1,0.5183573093327484,1,0.014496276584600176,0.018357309332748373,HOLD,True,2
2021-07-06,34235.1953125,33855.328125,0,0.49656854624905755,0,-0.011095808977648836,0.003431453750942448,HOLD,True,2
2021-07-07,33855.328125,32877.37109375,0,0.5294537167086135,1,-0.028886355129662422,0.02945371670861352,HOLD,False,2
2021-07-08,32877.37109375,33798.01171875,1,0.4913176339916928,0,0.02800225791699673,0.008682366008307185,HOLD,False,2
2021-07-09,33798.01171875,33520.51953125,0,0.426033764925145,0,-0.008210311003178261,0.073966235074855,SELL,True,2
2021-07-10,33520.51953125,34240.1875,1,0.5451161994255839,1,0.021469475378479208,0.04511619942558387,HOLD,True,2
2021-07-11,34240.1875,33155.84765625,0,0.5165557744418943,1,-0.031668630428790756,0.016555774441894267,HOLD,False,2
2021-07-12,33155.84765625,32702.025390625,0,0.5162531884567,1,-0.013687548281983153,0.016253188456699985,HOLD,False,2
2021-07-13,32702.025390625,32822.34765625,1,0.557661822600497,1,0.003679352094793975,0.057661822600497015,BUY,True,2
2021-07-14,32822.34765625,31780.73046875,0,0.4379526788282816,0,-0.031734999531688124,0.062047321171718406,SELL,True,2
2021-07-15,31780.73046875,31421.5390625,0,0.542920171408249,1,-0.011302175908234458,0.042920171408249,HOLD,False,2
2021-07-16,31421.5390625,31533.068359375,1,0.5496248120342937,1,0.003549453661488622,0.0496248120342937,HOLD,True,2
2021-07-17,31533.068359375,31796.810546875,1,0.5042567627981681,1,0.008363987433579023,0.004256762798168112,HOLD,True,2
2021-07-18,31796.810546875,30817.83203125,0,0.5461754628981295,1,-0.030788575922789052,0.04617546289812946,HOLD,False,2
2021-07-19,30817.83203125,29807.34765625,0,0.5438876494487336,1,-0.03278895069501786,0.04388764944873358,HOLD,False,2
2021-07-20,29807.34765625,32110.693359375,1,0.583824858191845,1,0.07727442675168827,0.08382485819184504,BUY,True,2
2021-07-21,32110.693359375,32313.10546875,1,0.5090489164529616,1,0.006303573302191001,0.009048916452961575,HOLD,True,2
2021-07-22,32313.10546875,33581.55078125,1,0.512086062808354,1,0.03925482537500802,0.012086062808354003,HOLD,True,2
2021-07-23,33581.55078125,34292.4453125,1,0.484685595474706,0,0.021169199000986128,0.015314404525293979,HOLD,False,2
2021-07-24,34292.4453125,35350.1875,1,0.4850587670794788,0,0.030844758309330533,0.014941232920521186,HOLD,False,2
2021-07-25,35350.1875,37337.53515625,1,0.4165087164887924,0,0.05621887171744144,0.0834912835112076,SELL,False,2
2021-07-26,37337.53515625,39406.94140625,1,0.5470171692508577,1,0.055424286615063156,0.04701716925085775,HOLD,True,2
2021-07-27,39406.94140625,39995.90625,1,0.48283671623567526,0,0.014945713184850051,0.017163283764324744,HOLD,False,2
2021-07-28,39995.90625,40008.421875,1,0.5528135795615168,1,0.00031292265067750513,0.05281357956151678,BUY,True,2
2021-07-29,40008.421875,42235.546875,1,0.5971312352407581,1,0.055666404612466414,0.09713123524075806,BUY,True,2
2021-07-30,42235.546875,41626.1953125,0,0.41870823784737576,0,-0.014427457617713135,0.08129176215262424,SELL,True,2
2021-07-31,41626.1953125,39974.89453125,0,0.4958733912754774,0,-0.039669750474507826,0.004126608724522585,HOLD,True,2
2021-08-01,39974.89453125,39201.9453125,0,0.6556899677097285,1,-0.019335866368471732,0.15568996770972854,BUY,False,2
2021-08-02,39201.9453125,38152.98046875,0,0.5876677332344055,1,-0.02675797936526192,0.08766773323440546,BUY,False,2
2021-08-03,38152.98046875,39747.50390625,1,0.5920056947715512,1,0.041792893187100555,0.09200569477155118,BUY,True,2
2021-08-04,39747.50390625,40869.5546875,1,0.4998790808990047,0,0.02822946527400849,0.00012091910099532033,HOLD,False,2
2021-08-05,40869.5546875,42816.5,1,0.5161519241393406,1,0.04763803587748594,0.016151924139340634,HOLD,True,2
2021-08-06,42816.5,44555.80078125,1,0.5390253191771267,1,0.04062220829002827,0.039025319177126705,HOLD,True,2
2021-08-07,44555.80078125,43798.1171875,0,0.5062833127616493,1,-0.017005273846830926,0.0062833127616492845,HOLD,False,2
2021-08-08,43798.1171875,46365.40234375,1,0.5702093362321317,1,0.058616336068955555,0.07020933623213166,BUY,True,2
2021-08-09,46365.40234375,45585.03125,0,0.45691508235630096,0,-0.016830892309838696,0.04308491764369904,HOLD,True,2
2021-08-10,45585.03125,45593.63671875,1,0.5337627589676603,1,0.00018877838873909702,0.033762758967660345,HOLD,True,2
2021-08-11,45593.63671875,44428.2890625,0,0.6354278600113148,1,-0.02555943636254754,0.1354278600113148,BUY,False,2
2021-08-12,44428.2890625,47793.3203125,1,0.6523345563395267,1,0.07574073458615982,0.15233455633952675,BUY,True,2
2021-08-13,47793.3203125,47096.9453125,0,0.43815642214775324,0,-0.01457055076832292,0.061843577852246756,SELL,True,2
2021-08-14,47096.9453125,47047.00390625,0,0.5168064747150529,1,-0.0010603958689597848,0.01680647471505292,HOLD,False,2
2021-08-15,47047.00390625,46004.484375,0,0.5204391400644116,1,-0.02215910567498447,0.02043914006441161,HOLD,False,2
2021-08-16,46004.484375,44695.359375,0,0.587993463581234,1,-0.028456465011732934,0.08799346358123405,BUY,False,2
2021-08-17,44695.359375,44801.1875,1,0.6057355388454226,1,0.002367765389513554,0.10573553884542264,BUY,True,2
2021-08-18,44801.1875,46717.578125,1,0.5441299821683386,1,0.04277544261522093,0.04412998216833863,HOLD,True,2
2021-08-19,46717.578125,49339.17578125,1,0.48871168535474196,0,0.056115872471717454,0.011288314645258035,HOLD,False,2
2021-08-20,49339.17578125,48905.4921875,0,0.4635516578513193,0,-0.008789842693618932,0.0364483421486807,HOLD,True,2
2021-08-21,48905.4921875,49321.65234375,1,0.4912358625026903,0,0.00850947690403503,0.008764137497309699,HOLD,False,2
2021-08-22,49321.65234375,49546.1484375,1,0.521375274786302,1,0.004551674225862445,0.021375274786301968,HOLD,True,2
2021-08-23,49546.1484375,47706.1171875,0,0.5596653894182291,1,-0.037137725293038826,0.059665389418229076,BUY,False,2
2021-08-24,47706.1171875,48960.7890625,1,0.6221696577691247,1,0.02630002081428562,0.1221696577691247,BUY,True,2
2021-08-25,48960.7890625,46942.21875,0,0.5731647933483611,1,-0.04122830434622349,0.07316479334836112,BUY,False,2
2021-08-26,46942.21875,49058.66796875,1,0.6506919098820165,1,0.04508626296557394,0.15069190988201653,BUY,True,2
2021-08-27,49058.66796875,48902.40234375,0,0.549990600978615,1,-0.003185280633781984,0.04999060097861496,HOLD,False,2
2021-08-28,48902.40234375,48829.83203125,0,0.6361523035627541,1,-0.0014839825657210204,0.1361523035627541,BUY,False,2
2021-08-29,48829.83203125,47054.984375,0,0.6177578584445435,1,-0.0363476092875793,0.11775785844454345,BUY,False,2
2021-08-30,47054.984375,47166.6875,1,0.6505493482531934,1,0.0023738850726162664,0.15054934825319344,BUY,True,2
2021-08-31,47166.6875,48847.02734375,1,0.5495705938373991,1,0.03562556399047523,0.049570593837399146,HOLD,True,2
2021-09-01,48847.02734375,49327.72265625,1,0.5369333965886429,1,0.009840830417728652,0.03693339658864292,HOLD,True,2
2021-09-02,49327.72265625,50025.375,1,0.608386684668183,1,0.014143210068944922,0.10838668466818302,BUY,True,2
2021-09-03,50025.375,49944.625,0,0.6192567120631962,1,-0.0016141808032423821,0.11925671206319621,BUY,False,2
2021-09-04,49944.625,51753.41015625,1,0.627291120207126,1,0.03621581213694158,0.12729112020712596,BUY,True,2
2021-09-05,51753.41015625,52633.53515625,1,0.567424962263053,1,0.017006125728580734,0.06742496226305295,BUY,True,2
2021-09-06,52633.53515625,46811.12890625,0,0.5598708995359805,1,-0.1106216071695616,0.05987089953598046,BUY,False,2
2021-09-07,46811.12890625,46091.390625,0,0.5633137460337174,1,-0.015375366885328479,0.06331374603371742,BUY,False,2
2021-09-08,46091.390625,46391.421875,1,0.5924287593961285,1,0.006509485739778498,0.09242875939612849,BUY,True,2
2021-09-09,46391.421875,44883.91015625,0,0.5226931702380267,1,-0.032495484247323514,0.02269317023802675,HOLD,False,2
2021-09-10,44883.91015625,45201.45703125,1,0.5904244360834116,1,0.0070748487352050304,0.09042443608341155,BUY,True,2
2021-09-11,45201.45703125,46063.26953125,1,0.5102073920782559,1,0.019066033632592516,0.010207392078255939,HOLD,True,2
2021-09-12,46063.26953125,44963.07421875,0,0.48640237721747864,0,-0.023884438158555232,0.013597622782521357,HOLD,True,2
2021-09-13,44963.07421875,47092.4921875,1,0.547702919899991,1,0.0473592610325122,0.04770291989999098,HOLD,True,2
2021-09-14,47092.4921875,48176.34765625,1,0.4391962314707621,0,0.023015462091804384,0.06080376852923791,SELL,False,2
2021-09-15,48176.34765625,47783.359375,0,0.4498821576968434,0,-0.008157286726135138,0.05011784230315658,SELL,True,2
2021-09-16,47783.359375,47267.51953125,0,0.4954876754644859,0,-0.010795386730801604,0.0045123245355140895,HOLD,True,2
2021-09-17,47267.51953125,48278.36328125,1,0.503930407193536,1,0.021385589090024082,0.00393040719353599,HOLD,True,2
2021-09-18,48278.36328125,47260.21875,0,0.46518011127498016,0,-0.021089044077959085,0.03481988872501984,HOLD,True,2
2021-09-19,47260.21875,42843.80078125,0,0.5191029316010624,1,-0.09344895316951951,0.019102931601062356,HOLD,False,2
2021-09-20,42843.80078125,40693.67578125,0,0.5669180413494129,1,-0.050185206746199196,0.06691804134941293,BUY,False,2
2021-09-21,40693.67578125,43574.5078125,1,0.5426236703631799,1,0.07079311406361999,0.04262367036317993,HOLD,True,2
2021-09-22,43574.5078125,44895.09765625,1,0.47200544576856657,0,0.0303064775724482,0.027994554231433433,HOLD,False,2
2021-09-23,44895.09765625,42839.75,0,0.46130527198634885,0,-0.04578111561282838,0.03869472801365115,HOLD,True,2
2021-09-24,42839.75,42716.59375,0,0.565588365867889,1,-0.002874812528084303,0.06558836586788896,BUY,False,2
2021-09-25,42716.59375,43208.5390625,1,0.5401344074758324,1,0.011516492054097771,0.04013440747583241,HOLD,True,2
2021-09-26,43208.5390625,42235.73046875,0,0.44809480464275414,0,-0.02251426719942695,0.05190519535724586,SELL,True,2
2021-09-27,42235.73046875,41034.54296875,0,0.5466624665989851,1,-0.02844007873591181,0.0466624665989851,HOLD,False,2
2021-09-28,41034.54296875,41564.36328125,1,0.5139175613455487,1,0.012911568502261384,0.013917561345548668,HOLD,True,2
2021-09-29,41564.36328125,43790.89453125,1,0.519225175276358,1,0.05356827518164842,0.01922517527635803,HOLD,True,2
2021-09-30,43790.89453125,48116.94140625,1,0.4643028818505927,0,0.09878873042688929,0.03569711814940729,HOLD,False,2
2021-10-01,48116.94140625,47711.48828125,0,0.485638742015467,0,-0.008426411013467638,0.014361257984533027,HOLD,True,2
2021-10-02,47711.48828125,48199.953125,1,0.5724810556058162,1,0.010237887379882071,0.07248105560581619,BUY,True,2
2021-10-03,48199.953125,49112.90234375,1,0.5268674002018158,1,0.018940873580984396,0.026867400201815772,HOLD,True,2
2021-10-04,49112.90234375,51514.8125,1,0.49643545461792815,0,0.048905889117254686,0.0035645453820718487,HOLD,False,2
2021-10-05,51514.8125,55361.44921875,1,0.5195369575482474,1,0.0746704982911468,0.019536957548247358,HOLD,True,2
2021-10-06,55361.44921875,53805.984375,0,0.4783209734053279,0,-0.02809653406297008,0.02167902659467208,HOLD,True,2
2021-10-07,53805.984375,53967.84765625,1,0.5856444004018196,1,0.0030082765538104184,0.08564440040181964,BUY,True,2
2021-10-08,53967.84765625,54968.22265625,1,0.5768653505758452,1,0.01853649985027972,0.0768653505758452,BUY,True,2
2021-10-09,54968.22265625,54771.578125,0,0.5223523648997418,1,-0.003577422040362044,0.022352364899741795,HOLD,False,2
2021-10-10,54771.578125,57484.7890625,1,0.6592069453249361,1,0.04953684064585273,0.15920694532493607,BUY,True,2
2021-10-11,57484.7890625,56041.05859375,0,0.5407987144721556,1,-0.025114999851183484,0.04079871447215555,HOLD,False,2
2021-10-12,56041.05859375,57401.09765625,1,0.6127725041367966,1,0.02426861834211813,0.11277250413679663,BUY,True,2
2021-10-13,57401.09765625,57321.5234375,0,0.5640503639574713,1,-0.001386283921372633,0.06405036395747132,BUY,False,2
2021-10-14,57321.5234375,61593.94921875,1,0.6022288511372935,1,0.07453440740995654,0.10222885113729352,BUY,True,2
2021-10-15,61593.94921875,60892.1796875,0,0.552756140106754,1,-0.01139348166745524,0.052756140106754,BUY,False,2
2021-10-16,60892.1796875,61553.6171875,1,0.6532830683823426,1,0.01086243756414218,0.15328306838234262,BUY,True,2
2021-10-17,61553.6171875,62026.078125,1,0.5328996845016837,1,0.007675599893030238,0.03289968450168368,HOLD,True,2
2021-10-18,62026.078125,64261.9921875,1,0.5976636018516298,1,0.036047967727284025,0.09766360185162981,BUY,True,2
2021-10-19,64261.9921875,65992.8359375,1,0.5796735698168511,1,0.026934175102288238,0.07967356981685114,BUY,True,2
2021-10-20,65992.8359375,62210.171875,0,0.5052574954522849,1,-0.057319313661295834,0.005257495452284933,HOLD,False,2
2021-10-21,62210.171875,60692.265625,0,0.6077168496482315,1,-0.024399647264276236,0.10771684964823147,BUY,False,2
2021-10-22,60692.265625,61393.6171875,1,0.6474434608325178,1,0.011555863919028075,0.1474434608325178,BUY,True,2
2021-10-23,61393.6171875,60930.8359375,0,0.5775693186523694,1,-0.007537937512081094,0.07756931865236938,BUY,False,2
2021-10-24,60930.8359375,63039.82421875,1,0.5379660647955447,1,0.0346128236844363,0.03796606479554465,HOLD,True,2
2021-10-25,63039.82421875,60363.79296875,0,0.5845269214257662,1,-0.04244985266320056,0.08452692142576623,BUY,False,2
2021-10-26,60363.79296875,58482.38671875,0,0.627233779711281,1,-0.03116779376295975,0.12723377971128103,BUY,False,2
2021-10-27,58482.38671875,60622.13671875,1,0.6305402525435685,1,0.03658793903693369,0.1305402525435685,BUY,True,2
2021-10-28,60622.13671875,62227.96484375,1,0.5434316457844711,1,0.02648913766352501,0.04343164578447112,HOLD,True,2
2021-10-29,62227.96484375,61888.83203125,0,0.5589562520840098,1,-0.005449845794435637,0.058956252084009786,BUY,False,2
2021-10-30,61888.83203125,61318.95703125,0,0.5402017325601816,1,-0.009208042570786446,0.04020173256018156,HOLD,False,2
2021-10-31,61318.95703125,61004.40625,0,0.5774812110523689,1,-0.005129747739996526,0.07748121105236894,BUY,False,2
2021-11-01,61004.40625,63226.40234375,1,0.6315759990030305,1,0.03642353446805324,0.13157599900303052,BUY,True,2
2021-11-02,63226.40234375,62970.046875,0,0.6244221887043413,1,-0.004054563588107407,0.1244221887043413,BUY,False,2
2021-11-03,62970.046875,61452.23046875,0,0.5914549307529836,1,-0.024103783966732184,0.09145493075298361,BUY,False,2
2021-11-04,61452.23046875,61125.67578125,0,0.6410007569261343,1,-0.005313959884109654,0.14100075692613434,BUY,False,2
2021-11-05,61125.67578125,61527.48046875,1,0.6191538566844207,1,0.006573419146120196,0.11915385668442069,BUY,True,2
2021-11-06,61527.48046875,63326.98828125,1,0.48200053944137444,0,0.029247220896912562,0.017999460558625557,HOLD,False,2
2021-11-07,63326.98828125,67566.828125,1,0.5658073079665182,1,0.06695154718111462,0.06580730796651824,BUY,True,2
2021-11-08,67566.828125,66971.828125,0,0.5866437262439984,1,-0.008806096371717143,0.08664372624399841,BUY,False,2
2021-11-09,66971.828125,64995.23046875,0,0.6318134421081354,1,-0.029513867421399387,0.1318134421081354,BUY,False,2
2021-11-10,64995.23046875,64949.9609375,0,0.6940438374266387,1,-0.0006965054346836919,0.19404383742663867,BUY,False,2
2021-11-11,64949.9609375,64155.94140625,0,0.6114645368342579,1,-0.01222509636324598,0.11146453683425794,BUY,False,2
2021-11-12,64155.94140625,64469.52734375,1,0.6013300710843668,1,0.0048878705639170406,0.10133007108436676,BUY,True,2
2021-11-13,64469.52734375,65466.83984375,1,0.5380432160765773,1,0.015469517787564335,0.038043216076577346,HOLD,True,2
2021-11-14,65466.83984375,63557.87109375,0,0.5459301229578992,1,-0.02915932332393234,0.04593012295789922,HOLD,False,2
2021-11-15,63557.87109375,60161.24609375,0,0.6436709075827783,1,-0.05344145330150951,0.14367090758277834,BUY,False,2
2021-11-16,60161.24609375,60368.01171875,1,0.596964467505525,1,0.003436857419438999,0.09696446750552501,BUY,True,2
2021-11-17,60368.01171875,56942.13671875,0,0.47518006989355777,0,-0.05674983989800575,0.024819930106442234,HOLD,True,2
2021-11-18,56942.13671875,58119.578125,1,0.5891950548441323,1,0.020677857806173483,0.08919505484413226,BUY,True,2
2021-11-19,58119.578125,59697.1953125,1,0.412214637656116,0,0.027144333086984274,0.08778536234388401,SELL,False,2
2021-11-20,59697.1953125,58730.4765625,0,0.41113036042701057,0,-0.01619370466132397,0.08886963957298943,SELL,True,2
2021-11-21,58730.4765625,56289.2890625,0,0.5538961015603506,1,-0.041565940596482776,0.05389610156035063,BUY,False,2
2021-11-22,56289.2890625,57569.07421875,1,0.5387926132963567,1,0.022735855747423095,0.03879261329635675,HOLD,True,2
2021-11-23,57569.07421875,56280.42578125,0,0.4210835761164768,0,-0.02238438701660228,0.07891642388352321,SELL,True,2
2021-11-24,56280.42578125,57274.6796875,1,0.5238086392190697,1,0.017666069374003168,0.023808639219069727,HOLD,True,2
2021-11-25,57274.6796875,53569.765625,0,0.5471348457775153,1,-0.06468677053655503,0.047134845777515255,HOLD,False,2
2021-11-26,53569.765625,54815.078125,1,0.557156655324418,1,0.02324655494514305,0.05715665532441805,BUY,True,2
2021-11-27,54815.078125,57248.45703125,1,0.5241099453857263,1,0.044392510044424904,0.024109945385726306,HOLD,True,2
2021-11-28,57248.45703125,57806.56640625,1,0.43771369733170956,0,0.009748898117819094,0.06228630266829044,SELL,False,2
2021-11-29,57806.56640625,57005.42578125,0,0.5359327498141888,1,-0.013858989986877734,0.035932749814188814,HOLD,False,2
2021-11-30,57005.42578125,57229.828125,1,0.5661132820112684,1,0.003936508510805847,0.06611328201126843,BUY,True,2
2021-12-01,57229.828125,56477.81640625,0,0.5166547881365607,1,-0.013140205787574133,0.01665478813656074,HOLD,False,2
2021-12-02,56477.81640625,53598.24609375,0,0.533254070878312,1,-0.05098586481791345,0.033254070878312,HOLD,False,2
2021-12-03,53598.24609375,49200.703125,0,0.5003366759239437,1,-0.08204639683653359,0.0003366759239437078,HOLD,False,2
2021-12-04,49200.703125,49368.84765625,1,0.5011651378754552,1,0.003417522933012007,0.0011651378754552466,HOLD,True,2
2021-12-05,49368.84765625,50582.625,1,0.5112159384471752,1,0.02458589579002135,0.011215938447175167,HOLD,True,2
2021-12-06,50582.625,50700.0859375,1,0.4254522388703385,0,0.002322159783127109,0.0745477611296615,SELL,False,2
2021-12-07,50700.0859375,50504.796875,0,0.4981234195930803,0,-0.00385184874717448,0.0018765804069196812,HOLD,True,2
2021-12-08,50504.796875,47672.12109375,0,0.5143138081424026,1,-0.05608726213196957,0.014313808142402573,HOLD,False,2
2021-12-09,47672.12109375,47243.3046875,0,0.6165273699515901,1,-0.00899511908452133,0.11652736995159008,BUY,False,2
2021-12-10,47243.3046875,49362.5078125,1,0.4730300528273572,0,0.044857216044006165,0.026969947172642783,HOLD,False,2
2021-12-11,49362.5078125,50098.3359375,1,0.44656439484462906,0,0.014906619570362878,0.053435605155370935,SELL,False,2
2021-12-12,50098.3359375,46737.48046875,0,0.467901688288597,0,-0.0670851717099511,0.03209831171140298,HOLD,True,2
2021-12-13,46737.48046875,46612.6328125,0,0.5106829785468272,1,-0.00267125345649466,0.010682978546827204,HOLD,False,2
2021-12-14,46612.6328125,48896.72265625,1,0.5272456916895731,1,0.04900151967252708,0.027245691689573137,HOLD,True,2
2021-12-15,48896.72265625,47665.42578125,0,0.4471025956273252,0,-0.025181582897818466,0.05289740437267482,SELL,True,2
2021-12-16,47665.42578125,46202.14453125,0,0.5483588457868245,1,-0.030699007215741814,0.04835884578682448,HOLD,False,2
2021-12-17,46202.14453125,46848.77734375,1,0.5333274819234541,1,0.013995731563123393,0.03332748192345414,HOLD,True,2
2021-12-18,46848.77734375,46707.015625,0,0.469807347276742,0,-0.0030259427628138713,0.030192652723257996,HOLD,True,2
2021-12-19,46707.015625,46880.27734375,1,0.5743023184189359,1,0.003709543768351198,0.07430231841893586,BUY,True,2
2021-12-20,46880.27734375,48936.61328125,1,0.47505880864344446,0,0.04386356169401262,0.024941191356555537,HOLD,False,2
2021-12-21,48936.61328125,48628.51171875,0,0.46141267887273246,0,-0.006295931447672265,0.03858732112726754,HOLD,True,2
2021-12-22,48628.51171875,50784.5390625,1,0.5418359811098802,1,0.04433669194360079,0.04183598110988018,HOLD,True,2
2021-12-23,50784.5390625,50822.1953125,1,0.47915487495532116,0,0.0007414904357732066,0.020845125044678836,HOLD,False,2
2021-12-24,50822.1953125,50429.859375,0,0.52879191118815,1,-0.007719775485643066,0.028791911188150054,HOLD,False,2
2021-12-25,50429.859375,50809.515625,1,0.5619663549446937,1,0.0075284019171428795,0.06196635494469371,BUY,True,2
2021-12-26,50809.515625,50640.41796875,0,0.4695654740094426,0,-0.003328070621613999,0.030434525990557404,HOLD,True,2
2021-12-27,50640.41796875,47588.85546875,0,0.5678346807788913,1,-0.06025942562091624,0.06783468077889132,BUY,False,2
2021-12-28,47588.85546875,46444.7109375,0,0.5294595282374016,1,-0.02404227880624954,0.02945952823740161,HOLD,False,2
2021-12-29,46444.7109375,47178.125,1,0.5603800032198746,1,0.01579112126431248,0.06038000321987458,BUY,True,2
2021-12-30,47178.125,46306.4453125,0,0.49122950191922843,0,-0.018476352917798256,0.008770498080771572,HOLD,True,2
2021-12-31,46306.4453125,47686.8125,1,0.538856448218491,1,0.029809396471367267,0.03885644821849099,HOLD,True,2
2022-01-01,47686.8125,47345.21875,0,0.45795294542491044,0,-0.007163274962024402,0.04204705457508956,HOLD,True,2
2022-01-02,47345.21875,46458.1171875,0,0.49275509678229534,0,-0.0187368774698079,0.007244903217704657,HOLD,True,2
2022-01-03,46458.1171875,45897.57421875,0,0.4800790447066432,0,-0.012065555013512697,0.0199209552933568,HOLD,True,2
2022-01-04,45897.57421875,43569.00390625,0,0.5054011964301725,1,-0.050734060615097554,0.00540119643017245,HOLD,False,2
2022-01-05,43569.00390625,43160.9296875,0,0.56778859893009,1,-0.009366159015892994,0.06778859893009004,BUY,False,2
2022-01-06,43160.9296875,41557.90234375,0,0.47951540466102244,0,-0.03714070469186992,0.020484595338977563,HOLD,True,2
2022-01-07,41557.90234375,41733.94140625,1,0.5709091709463935,1,0.004235994902819673,0.07090917094639348,BUY,True,2
2022-01-08,41733.94140625,41911.6015625,1,0.5261414788655059,1,0.004256970472081845,0.026141478865505885,HOLD,True,2
2022-01-09,41911.6015625,41821.26171875,0,0.5296910547314707,1,-0.0021554853640055605,0.029691054731470712,HOLD,False,2
2022-01-10,41821.26171875,42735.85546875,1,0.4758392451548573,0,0.021869109453241498,0.024160754845142685,HOLD,False,2
2022-01-11,42735.85546875,43949.1015625,1,0.45929372970403365,0,0.028389418684672707,0.04070627029596635,HOLD,False,2
2022-01-12,43949.1015625,42591.5703125,0,0.46543993359183455,0,-0.030888714484173407,0.034560066408165446,HOLD,True,2
2022-01-13,42591.5703125,43099.69921875,1,0.5773126852678285,1,0.011930269358978673,0.07731268526782853,BUY,True,2
2022-01-14,43099.69921875,43177.3984375,1,0.4886420457188921,0,0.001802778677309158,0.011357954281107918,HOLD,False,2
2022-01-15,43177.3984375,43113.87890625,0,0.5568672969373383,1,-0.0014711291913973579,0.056867296937338274,BUY,False,2
2022-01-16,43113.87890625,42250.55078125,0,0.553874939900859,1,-0.020024366790964976,0.05387493990085901,BUY,False,2
2022-01-17,42250.55078125,42375.6328125,1,0.5050301215519439,1,0.0029604828561313745,0.0050301215519439335,HOLD,True,2
2022-01-18,42375.6328125,41744.328125,0,0.4939357984267974,0,-0.014897823244158781,0.006064201573202588,HOLD,True,2
2022-01-19,41744.328125,40680.41796875,0,0.5109844806364288,1,-0.02548634039729203,0.010984480636428762,HOLD,False,2
2022-01-20,40680.41796875,36457.31640625,0,0.5903175675836452,1,-0.10381165615712484,0.09031756758364518,BUY,False,2
2022-01-21,36457.31640625,35030.25,0,0.5652345152157365,1,-0.039143484680769114,0.06523451521573653,BUY,False,2
2022-01-22,35030.25,36276.8046875,1,0.5934792700133287,1,0.03558509252717301,0.09347927001332867,BUY,True,2
2022-01-23,36276.8046875,36654.328125,1,0.42549583394972645,0,0.010406744495611076,0.07450416605027355,SELL,False,2
2022-01-24,36654.328125,36954.00390625,1,0.4942873980905016,0,0.008175727030871549,0.005712601909498405,HOLD,False,2
2022-01-25,36954.00390625,36852.12109375,0,0.4938808810541925,0,-0.002757016878562668,0.006119118945807522,HOLD,True,2
2022-01-26,36852.12109375,37138.234375,1,0.4837194394663487,0,0.007763821260712289,0.01628056053365129,HOLD,False,2
2022-01-27,37138.234375,37784.33203125,1,0.42907125151913894,0,0.017397102127314046,0.07092874848086106,SELL,False,2
2022-01-28,37784.33203125,38138.1796875,1,0.4500787666137337,0,0.00936493083845824,0.049921233386266306,HOLD,False,2
2022-01-29,38138.1796875,37917.6015625,0,0.5259057233429751,1,-0.005783656346668664,0.02590572334297514,HOLD,False,2
2022-01-30,37917.6015625,38483.125,1,0.5160581433797582,1,0.01491453610450133,0.016058143379758194,HOLD,True,2
2022-01-31,38483.125,38743.2734375,1,0.45049735240126987,0,0.00676006528835682,0.04950264759873013,HOLD,False,2
2022-02-01,38743.2734375,36952.984375,0,0.4819522904023242,0,-0.046209029430310355,0.01804770959767582,HOLD,True,2
2022-02-02,36952.984375,37154.6015625,1,0.6104696231270709,1,0.005456046132945147,0.11046962312707087,BUY,True,2
2022-02-03,37154.6015625,41500.875,1,0.43583984796818953,0,0.116978066100073,0.06416015203181047,SELL,False,2
2022-02-04,41500.875,41441.1640625,0,0.4808022061063669,0,-0.001438787435204647,0.019197793893633075,HOLD,True,2
2022-02-05,41441.1640625,42412.43359375,1,0.6286090758249497,1,0.023437312952531153,0.12860907582494974,BUY,True,2
2022-02-06,42412.43359375,43840.28515625,1,0.4635403334068782,0,0.033665872045371525,0.036459666593121776,HOLD,False,2
2022-02-07,43840.28515625,44118.4453125,1,0.4936126965464914,0,0.0063448528050995545,0.006387303453508575,HOLD,False,2
2022-02-08,44118.4453125,44338.796875,1,0.5456982828582445,1,0.004994545046617338,0.04569828285824451,HOLD,True,2
2022-02-09,44338.796875,43565.11328125,0,0.5388296224330066,1,-0.01744935921313273,0.03882962243300658,HOLD,False,2
2022-02-10,43565.11328125,42407.9375,0,0.6203676612388648,1,-0.026561982607033352,0.12036766123886478,BUY,False,2
2022-02-11,42407.9375,42244.46875,0,0.594012182799957,1,-0.0038546734323026133,0.09401218279995704,BUY,False,2
2022-02-12,42244.46875,42197.515625,0,0.5796662633957309,1,-0.001111462077505676,0.07966626339573091,BUY,False,2
2022-02-13,42197.515625,42586.91796875,1,0.5646163672873955,1,0.009228086961576842,0.0646163672873955,BUY,True,2
2022-02-14,42586.91796875,44575.203125,1,0.500802695521989,1,0.04668769779745485,0.000802695521988972,HOLD,True,2
2022-02-15,44575.203125,43961.859375,0,0.5268554142101523,1,-0.013759752216496501,0.02685541421015225,HOLD,False,2
2022-02-16,43961.859375,40538.01171875,0,0.5188816271384503,1,-0.07788223029977337,0.01888162713845032,HOLD,False,2
2022-02-17,40538.01171875,40030.9765625,0,0.5651044498498916,1,-0.012507647384577658,0.06510444984989161,BUY,False,2
2022-02-18,40030.9765625,40122.15625,1,0.5013374935791518,1,0.0022777282826873524,0.001337493579151805,HOLD,True,2
2022-02-19,40122.15625,38431.37890625,0,0.5203551924116337,1,-0.04214073972532317,0.02035519241163375,HOLD,False,2
2022-02-20,38431.37890625,37075.28125,0,0.5459051244675233,1,-0.03528620868790788,0.04590512446752326,HOLD,False,2
2022-02-21,37075.28125,38286.02734375,1,0.5857837122603029,1,0.03265642371222732,0.0857837122603029,BUY,True,2
2022-02-22,38286.02734375,37296.5703125,0,0.3897347501864071,0,-0.025843815613622922,0.11026524981359292,SELL,True,2
2022-02-23,37296.5703125,38332.609375,1,0.579430076703405,1,0.027778400368163814,0.07943007670340496,BUY,True,2
2022-02-24,38332.609375,39214.21875,1,0.45615285349126256,0,0.022998939789759643,0.043847146508737445,HOLD,False,2
2022-02-25,39214.21875,39105.1484375,0,0.46117241307749823,0,-0.002781397053842838,0.03882758692250177,HOLD,True,2
2022-02-26,39105.1484375,37709.78515625,0,0.5701178897095491,1,-0.03568234201898368,0.07011788970954913,BUY,False,2
2022-02-27,37709.78515625,43193.234375,1,0.5405436776509793,1,0.1454118392886461,0.040543677650979326,HOLD,True,2
2022-02-28,43193.234375,44354.63671875,1,0.5484637476757263,1,0.026888524570001016,0.048463747675726254,HOLD,True,2
2022-03-01,44354.63671875,43924.1171875,0,0.5093905176165233,1,-0.009706302725009275,0.00939051761652332,HOLD,False,2
2022-03-02,43924.1171875,42451.7890625,0,0.6027478282049681,1,-0.03351981142193561,0.10274782820496808,BUY,False,2
2022-03-03,42451.7890625,39137.60546875,0,0.6202694123528634,1,-0.07806935036049167,0.12026941235286337,BUY,False,2
2022-03-04,39137.60546875,39400.5859375,1,0.5454193777090404,1,0.00671938064683042,0.045419377709040365,HOLD,True,2
2022-03-05,39400.5859375,38419.984375,0,0.47516247538647843,0,-0.024887994408395286,0.024837524613521567,HOLD,True,2
2022-03-06,38419.984375,38062.0390625,0,0.5151871073314189,1,-0.009316643885282638,0.015187107331418925,HOLD,False,2
2022-03-07,38062.0390625,38737.26953125,1,0.5359176209199955,1,0.017740259990833174,0.03591762091999551,HOLD,True,2
2022-03-08,38737.26953125,41982.92578125,1,0.4740372892851503,0,0.08378639716414904,0.02596271071484968,HOLD,False,2
2022-03-09,41982.92578125,39437.4609375,0,0.4660159950681884,0,-0.060630954045771346,0.033984004931811584,HOLD,True,2
2022-03-10,39437.4609375,38794.97265625,0,0.5584860850406647,1,-0.016291319622939393,0.05848608504066466,BUY,False,2
2022-03-11,38794.97265625,38904.01171875,1,0.5016313886958966,1,0.002810649293818468,0.0016313886958966295,HOLD,True,2
2022-03-12,38904.01171875,37849.6640625,0,0.5447675194311906,1,-0.027101257933814904,0.04476751943119062,HOLD,False,2
2022-03-13,37849.6640625,39666.75390625,1,0.5861636550433666,1,0.0480080837903738,0.08616365504336665,BUY,True,2
2022-03-14,39666.75390625,39338.78515625,0,0.4904630182543923,0,-0.008268101563720931,0.009536981745607687,HOLD,True,2
2022-03-15,39338.78515625,41143.9296875,1,0.515416293979644,1,0.04588714481344902,0.015416293979643947,HOLD,True,2
2022-03-16,41143.9296875,40951.37890625,0,0.5143518162674651,1,-0.00467993171076464,0.014351816267465067,HOLD,False,2
2022-03-17,40951.37890625,41801.15625,1,0.5442059901313381,1,0.020750884742987363,0.04420599013133808,HOLD,True,2
2022-03-18,41801.15625,42190.65234375,1,0.4327654941162726,0,0.009317830622209256,0.06723450588372742,SELL,False,2
2022-03-19,42190.65234375,41247.82421875,0,0.5534035423147595,1,-0.022346848712323064,0.05340354231475952,BUY,False,2
2022-03-20,41247.82421875,41077.99609375,0,0.4962808551275493,0,-0.004117262624553253,0.003719144872450675,HOLD,True,2
2022-03-21,41077.99609375,42358.80859375,1,0.5138225776279532,1,0.031180014163224357,0.013822577627953248,HOLD,True,2
2022-03-22,42358.80859375,42892.95703125,1,0.5338609521554969,1,0.012610091153007819,0.03386095215549689,HOLD,True,2
2022-03-23,42892.95703125,43960.93359375,1,0.5087086559006586,1,0.024898646221148013,0.008708655900658613,HOLD,True,2
2022-03-24,43960.93359375,44348.73046875,1,0.5014162152674156,1,0.008821397620525806,0.0014162152674156436,HOLD,True,2
2022-03-25,44348.73046875,44500.828125,1,0.48664150071334006,0,0.003429583093865096,0.013358499286659942,HOLD,False,2
2022-03-26,44500.828125,46820.4921875,1,0.5479988433702079,1,0.052126312256127294,0.04799884337020788,HOLD,True,2
2022-03-27,46820.4921875,47128.00390625,1,0.4914508102163758,0,0.0065678873583499,0.008549189783624178,HOLD,False,2
2022-03-28,47128.00390625,47465.73046875,1,0.5208372345533047,1,0.0071661546110000085,0.020837234553304662,HOLD,True,2
2022-03-29,47465.73046875,47062.6640625,0,0.48945537155599433,0,-0.008491735032190584,0.010544628444005666,HOLD,True,2
2022-03-30,47062.6640625,45538.67578125,0,0.5661216472789722,1,-0.03238210822970233,0.06612164727897218,BUY,False,2
2022-03-31,45538.67578125,46281.64453125,1,0.6284679466942668,1,0.016315115388267687,0.12846794669426675,BUY,True,2
2022-04-01,46281.64453125,45868.94921875,0,0.4824752574171231,0,-0.008917040798352427,0.017524742582876895,HOLD,True,2
2022-04-02,45868.94921875,46453.56640625,1,0.6324195270563638,1,0.012745379989237415,0.13241952705636384,BUY,True,2
2022-04-03,46453.56640625,46622.67578125,1,0.5389911612636251,1,0.003640395949819908,0.03899116126362512,HOLD,True,2
2022-04-04,46622.67578125,45555.9921875,0,0.48094104845779734,0,-0.02287907280900814,0.019058951542202662,HOLD,True,2
2022-04-05,45555.9921875,43206.73828125,0,0.5934724703531048,1,-0.05156849392240015,0.0934724703531048,BUY,False,2
2022-04-06,43206.73828125,43503.84765625,1,0.5600542252372913,1,0.006876459247305178,0.060054225237291314,BUY,True,2
2022-04-07,43503.84765625,42287.6640625,0,0.5281012645643741,1,-0.02795577079433975,0.028101264564374118,HOLD,False,2
2022-04-08,42287.6640625,42782.13671875,1,0.5876818385621361,1,0.011693070951357853,0.08768183856213607,BUY,True,2
2022-04-09,42782.13671875,42207.671875,0,0.4971229539185082,0,-0.013427680050824398,0.0028770460814918075,HOLD,True,2
2022-04-10,42207.671875,39521.90234375,0,0.5258300924327293,1,-0.06363225953812457,0.025830092432729268,HOLD,False,2
2022-04-11,39521.90234375,40127.18359375,1,0.5671707859648539,1,0.015315083892861292,0.06717078596485393,BUY,True,2
2022-04-12,40127.18359375,41166.73046875,1,0.43581162577505644,0,0.025906300465151855,0.06418837422494356,SELL,False,2
2022-04-13,41166.73046875,39935.515625,0,0.43963817728832966,0,-0.029908006531745968,0.06036182271167034,SELL,True,2
2022-04-14,39935.515625,40553.46484375,1,0.5662776346243216,1,0.015473675726454417,0.06627763462432157,BUY,True,2
2022-04-15,40553.46484375,40424.484375,0,0.43096031354888253,0,-0.0031805042860567623,0.06903968645111747,SELL,True,2
2022-04-16,40424.484375,39716.953125,0,0.5461433492088419,1,-0.017502542356175654,0.04614334920884189,HOLD,False,2
2022-04-17,39716.953125,40826.21484375,1,0.49707422381043753,0,0.027929174608607443,0.002925776189562468,HOLD,False,2
2022-04-18,40826.21484375,41502.75,1,0.4498363300849139,0,0.016571096753378534,0.050163669915086084,SELL,False,2
2022-04-19,41502.75,41374.37890625,0,0.4573696578593886,0,-0.003093074404708074,0.0426303421406114,HOLD,True,2
2022-04-20,41374.37890625,40527.36328125,0,0.5588404028802181,1,-0.020471984048854197,0.05884040288021808,BUY,False,2
2022-04-21,40527.36328125,39740.3203125,0,0.5115009622861169,1,-0.019420038833716236,0.011500962286116856,HOLD,False,2
2022-04-22,39740.3203125,39486.73046875,0,0.5429467800149796,1,-0.0063811726165236005,0.042946780014979646,HOLD,False,2
2022-04-23,39486.73046875,39469.29296875,0,0.5653390249795457,1,-0.0004416040475622163,0.06533902497954569,BUY,False,2
2022-04-24,39469.29296875,40458.30859375,1,0.5131009180255168,1,0.025057850055308917,0.013100918025516828,HOLD,True,2
2022-04-25,40458.30859375,38117.4609375,0,0.456250175986123,0,-0.057858267871623625,0.043749824013877,HOLD,True,2
2022-04-26,38117.4609375,39241.12109375,1,0.5878755783138857,1,0.029478882606909007,0.0878755783138857,BUY,True,2
2022-04-27,39241.12109375,39773.828125,1,0.44559611489809614,0,0.013575224570606004,0.05440388510190386,SELL,False,2
2022-04-28,39773.828125,38609.82421875,0,0.48354533131352945,0,-0.02926557389929385,0.016454668686470553,HOLD,True,2
2022-04-29,38609.82421875,37714.875,0,0.5620473726794369,1,-0.023179313474195662,0.06204737267943694,BUY,False,2
2022-04-30,37714.875,38469.09375,1,0.5361848442442636,1,0.019997911964443782,0.0361848442442636,HOLD,True,2
2022-05-01,38469.09375,38529.328125,1,0.42716520015889736,0,0.001565786170879102,0.07283479984110264,SELL,False,2
2022-05-02,38529.328125,37750.453125,0,0.5421658078691592,1,-0.020215120218891713,0.042165807869159244,HOLD,False,2
2022-05-03,37750.453125,39698.37109375,1,0.5083699344075603,1,0.051599856624237495,0.008369934407560287,HOLD,True,2
2022-05-04,39698.37109375,36575.140625,0,0.47749571187036943,0,-0.07867402068901796,0.022504288129630567,HOLD,True,2
2022-05-05,36575.140625,36040.921875,0,0.49122023278123467,0,-0.014606061408683924,0.008779767218765333,HOLD,True,2
2022-05-06,36040.921875,35501.953125,0,0.4369967927910221,0,-0.014954355270636377,0.0630032072089779,SELL,True,2
2022-05-07,35501.953125,34059.265625,0,0.47467880870462675,0,-0.040636848764922684,0.025321191295373247,HOLD,True,2
2022-05-08,34059.265625,30296.953125,0,0.5536778668684265,1,-0.11046369999353145,0.05367786686842646,BUY,False,2
2022-05-09,30296.953125,31022.90625,1,0.5769533397717365,1,0.02396125848050934,0.07695333977173646,BUY,True,2
2022-05-10,31022.90625,28936.35546875,0,0.4614220819280143,0,-0.06725839173272163,0.038577918071985684,HOLD,True,2
2022-05-11,28936.35546875,29047.751953125,1,0.5750118110559062,1,0.003849706798608521,0.07501181105590615,BUY,True,2
2022-05-12,29047.751953125,29283.103515625,1,0.4665282235286498,0,0.008102229834508146,0.03347177647135019,HOLD,False,2
2022-05-13,29283.103515625,30101.265625,1,0.4729807213850011,0,0.027939733537411415,0.02701927861499892,HOLD,False,2
2022-05-14,30101.265625,31305.11328125,1,0.501005948121088,1,0.03999325713567892,0.0010059481210880072,HOLD,True,2
2022-05-15,31305.11328125,29862.91796875,0,0.4274612024667527,0,-0.046069001557128786,0.07253879753324732,SELL,True,2
2022-05-16,29862.91796875,30425.857421875,1,0.5533615417621777,1,0.018850785235190015,0.05336154176217767,BUY,True,2
2022-05-17,30425.857421875,28720.271484375,0,0.5204989966949672,1,-0.05605711989808215,0.020498996694967242,HOLD,False,2
2022-05-18,28720.271484375,30314.333984375,1,0.5873323277145568,1,0.05550304428240649,0.08733232771455679,BUY,True,2
2022-05-19,30314.333984375,29200.740234375,0,0.518152082615224,1,-0.036734890846488066,0.018152082615224052,HOLD,False,2
2022-05-20,29200.740234375,29432.2265625,1,0.6423379874598993,1,0.007927413013061102,0.14233798745989934,BUY,True,2
2022-05-21,29432.2265625,30323.72265625,1,0.601315993236096,1,0.030289794482822652,0.10131599323609597,BUY,True,2
2022-05-22,30323.72265625,29098.91015625,0,0.5088080271260884,1,-0.04039123144227663,0.008808027126088414,HOLD,False,2
2022-05-23,29098.91015625,29655.5859375,1,0.5614467307387522,1,0.019130468401079792,0.061446730738752176,BUY,True,2
2022-05-24,29655.5859375,29562.361328125,0,0.4852912878303395,0,-0.003143576713387941,0.01470871216966052,HOLD,True,2
2022-05-25,29562.361328125,29267.224609375,0,0.5661372148171281,1,-0.009983529917456657,0.06613721481712809,BUY,False,2
2022-05-26,29267.224609375,28627.57421875,0,0.5558569850396893,1,-0.02185551924250806,0.05585698503968928,BUY,False,2
2022-05-27,28627.57421875,28814.900390625,1,0.5303494869786571,1,0.006543557286537771,0.030349486978657136,HOLD,True,2
2022-05-28,28814.900390625,29445.95703125,1,0.505346624800651,1,0.02190035821988534,0.0053466248006509565,HOLD,True,2
2022-05-29,29445.95703125,31726.390625,1,0.5541861245599937,1,0.07744470968730455,0.05418612455999372,BUY,True,2
2022-05-30,31726.390625,31792.310546875,1,0.5393439789968559,1,0.0020777630413166825,0.03934397899685593,HOLD,True,2
2022-05-31,31792.310546875,29799.080078125,0,0.5771492798837241,1,-0.06269536357891181,0.07714927988372411,BUY,False,2
2022-06-01,29799.080078125,30467.48828125,1,0.5860823362940144,1,0.02243049790035867,0.0860823362940144,BUY,True,3
2022-06-02,30467.48828125,29704.390625,0,0.44123551811835937,0,-0.02504629358369581,0.05876448188164063,SELL,True,3
2022-06-03,29704.390625,29832.9140625,1,0.5799118512155378,1,0.004326748833952898,0.07991185121553779,BUY,True,3
2022-06-04,29832.9140625,29906.662109375,1,0.487993218606561,0,0.00247203631266113,0.012006781393439026,HOLD,False,3
2022-06-05,29906.662109375,31370.671875,1,0.4547047867057972,0,0.048952630028413324,0.045295213294202774,HOLD,False,3
2022-06-06,31370.671875,31155.478515625,0,0.48515036832034925,0,-0.006859698773187373,0.014849631679650754,HOLD,True,3
2022-06-07,31155.478515625,30214.35546875,0,0.5231253053676007,1,-0.03020730515832104,0.023125305367600713,HOLD,False,3
2022-06-08,30214.35546875,30111.998046875,0,0.5549790633171394,1,-0.003387708269364409,0.05497906331713942,BUY,False,3
2022-06-09,30111.998046875,29083.8046875,0,0.532744747683322,1,-0.03414563715680452,0.03274474768332203,HOLD,False,3
2022-06-10,29083.8046875,28360.810546875,0,0.610725883779327,1,-0.024858994495164377,0.11072588377932702,BUY,False,3
2022-06-11,28360.810546875,26762.6484375,0,0.6062657825568397,1,-0.056351073137826724,0.10626578255683972,BUY,False,3
2022-06-12,26762.6484375,22487.388671875,0,0.7050591417611347,1,-0.15974726027617203,0.2050591417611347,BUY,False,3
2022-06-13,22487.388671875,22206.79296875,0,0.7295852246594691,1,-0.012477914053041661,0.22958522465946907,BUY,False,3
2022-06-14,22206.79296875,22572.83984375,1,0.6471845466164797,1,0.01648355417709846,0.14718454661647973,BUY,True,3
2022-06-15,22572.83984375,20381.650390625,0,0.5157132112663224,1,-0.09707194434960298,0.015713211266322413,HOLD,False,3
2022-06-16,20381.650390625,20471.482421875,1,0.6608643193863235,1,0.004407495444594733,0.1608643193863235,BUY,True,3
2022-06-17,20471.482421875,19017.642578125,0,0.5157026711910139,1,-0.07101780974085614,0.015702671191013873,HOLD,False,3
2022-06-18,19017.642578125,20553.271484375,1,0.7676802061969558,1,0.0807475952890373,0.26768020619695576,BUY,True,3
2022-06-19,20553.271484375,20599.537109375,1,0.504112784055171,1,0.002251010260589048,0.004112784055171015,HOLD,True,3
2022-06-20,20599.537109375,20710.59765625,1,0.5279372113980993,1,0.0053914098304885805,0.02793721139809935,HOLD,True,3
2022-06-21,20710.59765625,19987.029296875,0,0.5046550844280792,1,-0.034937106663198714,0.004655084428079159,HOLD,False,3
2022-06-22,19987.029296875,21085.876953125,1,0.6944527441019057,1,0.05497803800296652,0.19445274410190572,BUY,True,3
2022-06-23,21085.876953125,21231.65625,1,0.5132736454629003,1,0.006913598955313738,0.01327364546290033,HOLD,True,3
2022-06-24,21231.65625,21502.337890625,1,0.5132193629972073,1,0.012748964915301864,0.013219362997207273,HOLD,True,3
2022-06-25,21502.337890625,21027.294921875,0,0.5429757788670706,1,-0.02209261947079333,0.0429757788670706,HOLD,False,3
2022-06-26,21027.294921875,20735.478515625,0,0.5741536094186762,1,-0.013877981325425726,0.07415360941867621,BUY,False,3
2022-06-27,20735.478515625,20280.634765625,0,0.5524924077372497,1,-0.02193553187871977,0.052492407737249724,BUY,False,3
2022-06-28,20280.634765625,20104.0234375,0,0.596624891255039,1,-0.008708372798288844,0.09662489125503904,BUY,False,3
2022-06-29,20104.0234375,19784.7265625,0,0.5468010414008363,1,-0.01588223750298734,0.046801041400836296,HOLD,False,3
2022-06-30,19784.7265625,19269.3671875,0,0.5753316791799821,1,-0.02604834458398897,0.07533167917998207,BUY,False,3
2022-07-01,19269.3671875,19242.255859375,0,0.595614360967711,1,-0.0014069651515379311,0.09561436096771103,BUY,False,3
2022-07-02,19242.255859375,19297.076171875,1,0.6092463995932806,1,0.002848954556089245,0.10924639959328064,BUY,True,3
2022-07-03,19297.076171875,20231.26171875,1,0.5204837762231199,1,0.04841073013105235,0.02048377622311992,HOLD,True,3
2022-07-04,20231.26171875,20190.115234375,0,0.5315117342952494,1,-0.0020338071321012174,0.03151173429524945,HOLD,False,3
2022-07-05,20190.115234375,20548.24609375,1,0.6103081866134232,1,0.017737930428710857,0.11030818661342323,BUY,True,3
2022-07-06,20548.24609375,21637.587890625,1,0.4971071315020867,0,0.053013857820514154,0.0028928684979133146,HOLD,False,3
2022-07-07,21637.587890625,21731.1171875,1,0.5349733881959292,1,0.004322538045727464,0.03497338819592921,HOLD,True,3
2022-07-08,21731.1171875,21592.20703125,0,0.6013143235187537,1,-0.006392223420980114,0.10131432351875369,BUY,False,3
2022-07-09,21592.20703125,20860.44921875,0,0.599412825981485,1,-0.03388990349346599,0.09941282598148504,BUY,False,3
2022-07-10,20860.44921875,19970.556640625,0,0.6702330222436963,1,-0.04265931997884009,0.1702330222436963,BUY,False,3
2022-07-11,19970.556640625,19323.9140625,0,0.6669843342261159,1,-0.03237979740682695,0.16698433422611592,BUY,False,3
2022-07-12,19323.9140625,20212.07421875,1,0.7177219300754651,1,0.04596171114078618,0.21772193007546514,BUY,True,3
2022-07-13,20212.07421875,20569.919921875,1,0.5165778989196793,1,0.017704551212910147,0.016577898919679313,HOLD,True,3
2022-07-14,20569.919921875,20836.328125,1,0.5567409105754199,1,0.012951348577769028,0.056740910575419856,BUY,True,3
2022-07-15,20836.328125,21190.31640625,1,0.5258672049953489,1,0.01698899533192111,0.02586720499534889,HOLD,True,3
2022-07-16,21190.31640625,20779.34375,0,0.5303688157595646,1,-0.01939436147960416,0.030368815759564627,HOLD,False,3
2022-07-17,20779.34375,22485.689453125,1,0.6260043988154275,1,0.08211740099467768,0.12600439881542747,BUY,True,3
2022-07-18,22485.689453125,23389.43359375,1,0.5279411959488519,1,0.0401919693193753,0.027941195948851916,HOLD,True,3
2022-07-19,23389.43359375,23231.732421875,0,0.5058993862649172,1,-0.006742410894342465,0.00589938626491715,HOLD,False,3
2022-07-20,23231.732421875,23164.62890625,0,0.6348122051040017,1,-0.0028884421706671937,0.13481220510400171,BUY,False,3
2022-07-21,23164.62890625,22714.978515625,0,0.6078311009063749,1,-0.01941107679491816,0.10783110090637493,BUY,False,3
2022-07-22,22714.978515625,22465.478515625,0,0.6341408275091686,1,-0.010983941711781742,0.13414082750916856,BUY,False,3
2022-07-23,22465.478515625,22609.1640625,1,0.5836917730132823,1,0.006395837363315726,0.08369177301328234,BUY,True,3
2022-07-24,22609.1640625,21361.701171875,0,0.5225709635831058,1,-0.05517510011323534,0.02257096358310584,HOLD,False,3
2022-07-25,21361.701171875,21239.75390625,0,0.633615740554789,1,-0.005708686992848544,0.13361574055478898,BUY,False,3
2022-07-26,21239.75390625,22930.548828125,1,0.5716968003794471,1,0.0796052030234431,0.07169680037944715,BUY,True,3
2022-07-27,22930.548828125,23843.88671875,1,0.49053934164518714,0,0.0398306162434614,0.009460658354812856,HOLD,False,3
2022-07-28,23843.88671875,23804.6328125,0,0.5329748940661709,1,-0.0016462880701044735,0.032974894066170934,HOLD,False,3
2022-07-29,23804.6328125,23656.20703125,0,0.6114571829711334,1,-0.006235163651508224,0.11145718297113338,BUY,False,3
2022-07-30,23656.20703125,23336.896484375,0,0.6129696513965847,1,-0.013497960448739299,0.11296965139658466,BUY,False,3
2022-07-31,23336.896484375,23314.19921875,0,0.6275069869629016,1,-0.0009725914343493569,0.12750698696290164,BUY,False,3
2022-08-01,23314.19921875,22978.1171875,0,0.5592065002975961,1,-0.014415336683737068,0.05920650029759611,BUY,False,3
2022-08-02,22978.1171875,22846.5078125,0,0.5707058308538276,1,-0.0057275961266136655,0.07070583085382764,BUY,False,3
2022-08-03,22846.5078125,22630.95703125,0,0.5671105833617346,1,-0.009434736504108754,0.06711058336173459,BUY,False,3
2022-08-04,22630.95703125,23289.314453125,1,0.5502089166135571,1,0.029091011085651708,0.050208916613557086,BUY,True,3
2022-08-05,23289.314453125,22961.279296875,0,0.5147377090650339,1,-0.014085221654344782,0.01473770906503391,HOLD,False,3
2022-08-06,22961.279296875,23175.890625,1,0.5594891701760957,1,0.009346662498644243,0.059489170176095674,BUY,True,3
2022-08-07,23175.890625,23809.486328125,1,0.507724219565433,1,0.02733856978257987,0.00772421956543301,HOLD,True,3
2022-08-08,23809.486328125,23164.318359375,0,0.5380026277177026,1,-0.02709709734425869,0.038002627717702575,HOLD,False,3
2022-08-09,23164.318359375,23947.642578125,1,0.6300028301431561,1,0.033815983988709775,0.13000283014315606,BUY,True,3
2022-08-10,23947.642578125,23957.529296875,1,0.5268326497931746,1,0.00041284726535173455,0.026832649793174568,HOLD,True,3
2022-08-11,23957.529296875,24402.818359375,1,0.594027819976682,1,0.018586602023192844,0.09402781997668197,BUY,True,3
2022-08-12,24402.818359375,24424.068359375,1,0.5260408008407806,1,0.0008708010561344626,0.026040800840780642,HOLD,True,3
2022-08-13,24424.068359375,24319.333984375,0,0.5812012077907814,1,-0.004288162539464846,0.08120120779078144,BUY,False,3
2022-08-14,24319.333984375,24136.97265625,0,0.5924606112257328,1,-0.007498615226969818,0.09246061122573279,BUY,False,3
2022-08-15,24136.97265625,23883.291015625,0,0.5729532793792994,1,-0.010510085263709001,0.07295327937929941,BUY,False,3
2022-08-16,23883.291015625,23335.998046875,0,0.5340378047440005,1,-0.02291530796119967,0.03403780474400053,HOLD,False,3
2022-08-17,23335.998046875,23212.73828125,0,0.5647230007484154,1,-0.005281958173694035,0.06472300074841542,BUY,False,3
2022-08-18,23212.73828125,20877.552734375,0,0.5549563513150222,1,-0.10059931398792521,0.05495635131502219,BUY,False,3
2022-08-19,20877.552734375,21166.060546875,1,0.6220352815141758,1,0.013819043648011897,0.12203528151417575,BUY,True,3
2022-08-20,21166.060546875,21534.12109375,1,0.4695040056207828,0,0.01738918520335342,0.030495994379217184,HOLD,False,3
2022-08-21,21534.12109375,21398.908203125,0,0.45098581769132134,0,-0.006279006699941081,0.049014182308678655,HOLD,True,3
2022-08-22,21398.908203125,21528.087890625,1,0.5236525501931983,1,0.006036741981122917,0.02365255019319834,HOLD,True,3
2022-08-23,21528.087890625,21395.01953125,0,0.4737264679708674,0,-0.006181150878381003,0.026273532029132574,HOLD,True,3
2022-08-24,21395.01953125,21600.904296875,1,0.5306364757001487,1,0.009623023027591993,0.030636475700148713,HOLD,True,3
2022-08-25,21600.904296875,20260.01953125,0,0.4966544431330931,0,-0.06207539958496022,0.003345556866906907,HOLD,True,3
2022-08-26,20260.01953125,20041.73828125,0,0.6325743147477257,1,-0.010773990107132536,0.13257431474772574,BUY,False,3
2022-08-27,20041.73828125,19616.814453125,0,0.5723364379323935,1,-0.021201944769558057,0.07233643793239353,BUY,False,3
2022-08-28,19616.814453125,20297.994140625,1,0.6041561053796403,1,0.03472427641744291,0.10415610537964026,BUY,True,3
2022-08-29,20297.994140625,19796.80859375,0,0.48596429178981604,0,-0.024691382971281484,0.014035708210183961,HOLD,True,3
2022-08-30,19796.80859375,20049.763671875,1,0.646537160890044,1,0.012777568511970205,0.14653716089004398,BUY,True,3
2022-08-31,20049.763671875,20127.140625,1,0.49370263362232436,0,0.0038592451457939436,0.0062973663776756394,HOLD,False,3
2022-09-01,20127.140625,19969.771484375,0,0.5138823738651576,1,-0.007818752974256604,0.01388237386515756,HOLD,False,3
2022-09-02,19969.771484375,19832.087890625,0,0.5483574853131185,1,-0.006894600364241943,0.04835748531311845,HOLD,False,3
2022-09-03,19832.087890625,19986.712890625,1,0.5486261092172988,1,0.007796708085036963,0.04862610921729882,HOLD,True,3
2022-09-04,19986.712890625,19812.37109375,0,0.4750605108087237,0,-0.008722884940063236,0.02493948919127631,HOLD,True,3
2022-09-05,19812.37109375,18837.66796875,0,0.5455482536464009,1,-0.04919669232863699,0.045548253646400916,HOLD,False,3
2022-09-06,18837.66796875,19290.32421875,1,0.6714422818467362,1,0.024029314602578067,0.17144228184673616,BUY,True,3
2022-09-07,19290.32421875,19329.833984375,1,0.46737411932051753,0,0.0020481649337233954,0.032625880679482466,HOLD,False,3
2022-09-08,19329.833984375,21381.15234375,1,0.5076434984371152,1,0.10612188190716765,0.007643498437115204,HOLD,True,3
2022-09-09,21381.15234375,21680.5390625,1,0.5494951988362774,1,0.014002365912589188,0.0494951988362774,HOLD,True,3
2022-09-10,21680.5390625,21769.255859375,1,0.5298138530149105,1,0.004092001431295067,0.029813853014910463,HOLD,True,3
2022-09-11,21769.255859375,22370.44921875,1,0.5246529389277103,1,0.027616624254801714,0.024652938927710255,HOLD,True,3
2022-09-12,22370.44921875,20296.70703125,0,0.5085738621670585,1,-0.09270006906083372,0.008573862167058466,HOLD,False,3
2022-09-13,20296.70703125,20241.08984375,0,0.6622323405976247,1,-0.0027402074343571003,0.1622323405976247,BUY,False,3
2022-09-14,20241.08984375,19701.2109375,0,0.5262279661538746,1,-0.026672422800232853,0.02622796615387457,HOLD,False,3
2022-09-15,19701.2109375,19772.583984375,1,0.6384155148645283,1,0.003622774615297697,0.1384155148645283,BUY,True,3
2022-09-16,19772.583984375,20127.576171875,1,0.5012715381862652,1,0.017953757980268437,0.001271538186265242,HOLD,True,3
2022-09-17,20127.576171875,19419.505859375,0,0.4518559273527051,0,-0.035179114785287124,0.04814407264729492,HOLD,True,3
2022-09-18,19419.505859375,19544.12890625,1,0.6161392875674379,1,0.006417415961943007,0.11613928756743785,BUY,True,3
2022-09-19,19544.12890625,18890.7890625,0,0.5186080202512986,1,-0.033428956945789956,0.018608020251298596,HOLD,False,3
2022-09-20,18890.7890625,18547.400390625,0,0.6024881596988,1,-0.018177571658806957,0.10248815969879999,BUY,False,3
2022-09-21,18547.400390625,19413.55078125,1,0.6084966665082647,1,0.04669928789927913,0.10849666650826473,BUY,True,3
2022-09-22,19413.55078125,19297.638671875,0,0.4904091121502675,0,-0.005970680514919002,0.009590887849732499,HOLD,True,3
2022-09-23,19297.638671875,18937.01171875,0,0.5316746482324329,1,-0.01868762076318642,0.031674648232432934,HOLD,False,3
2022-09-24,18937.01171875,18802.09765625,0,0.5700099169024255,1,-0.007124358610731463,0.07000991690242553,BUY,False,3
2022-09-25,18802.09765625,19222.671875,1,0.5553410819447412,1,0.022368473265013344,0.05534108194474119,BUY,True,3
2022-09-26,19222.671875,19110.546875,0,0.4672943774054774,0,-0.005832956039052206,0.03270562259452259,HOLD,True,3
2022-09-27,19110.546875,19426.720703125,1,0.5508897449568126,1,0.016544467837213528,0.050889744956812644,BUY,True,3
2022-09-28,19426.720703125,19573.05078125,1,0.506961533210914,1,0.007532412719634118,0.006961533210913973,HOLD,True,3
2022-09-29,19573.05078125,19431.7890625,0,0.48660734476520956,0,-0.0072171538473359,0.01339265523479044,HOLD,True,3
2022-09-30,19431.7890625,19312.095703125,0,0.5360794663439198,1,-0.0061596674907298254,0.036079466343919786,HOLD,False,3
2022-10-01,19312.095703125,19044.107421875,0,0.5236280865040228,1,-0.013876706359042923,0.023628086504022816,HOLD,False,3
2022-10-02,19044.107421875,19623.580078125,1,0.5157501418785444,1,0.030427924155919772,0.0157501418785444,HOLD,True,3
2022-10-03,19623.580078125,20336.84375,1,0.45585365863291816,0,0.036347275524413414,0.04414634136708184,HOLD,False,3
2022-10-04,20336.84375,20160.716796875,0,0.5122449894809112,1,-0.008660486125090072,0.01224498948091124,HOLD,False,3
2022-10-05,20160.716796875,19955.443359375,0,0.5227937706774639,1,-0.01018185214187517,0.02279377067746391,HOLD,False,3
2022-10-06,19955.443359375,19546.849609375,0,0.5605309635538175,1,-0.02047530303595302,0.060530963553817485,BUY,False,3
2022-10-07,19546.849609375,19416.568359375,0,0.5516288722274891,1,-0.006665076603316944,0.05162887222748913,BUY,False,3
2022-10-08,19416.568359375,19446.42578125,1,0.5435605547325664,1,0.0015377290838616275,0.04356055473256637,HOLD,True,3
2022-10-09,19446.42578125,19141.484375,0,0.5015093985955877,1,-0.01568110303046133,0.001509398595587741,HOLD,False,3
2022-10-10,19141.484375,19051.41796875,0,0.5855550913173624,1,-0.00470529894576166,0.08555509131736239,BUY,False,3
2022-10-11,19051.41796875,19157.4453125,1,0.5345571422715196,1,0.005565325579645286,0.034557142271519625,HOLD,True,3
2022-10-12,19157.4453125,19382.904296875,1,0.45129883031102463,0,0.011768739552548313,0.048701169688975365,HOLD,False,3
2022-10-13,19382.904296875,19185.65625,0,0.48986803518939437,0,-0.010176392755898878,0.010131964810605631,HOLD,True,3
2022-10-14,19185.65625,19067.634765625,0,0.550262938068161,1,-0.0061515479500473536,0.050262938068160956,BUY,False,3
2022-10-15,19067.634765625,19268.09375,1,0.5544553844770195,1,0.010513049302600663,0.054455384477019475,BUY,True,3
2022-10-16,19268.09375,19550.7578125,1,0.46175535170598986,0,0.014670058500208416,0.03824464829401014,HOLD,False,3
2022-10-17,19550.7578125,19334.416015625,0,0.4633819096444681,0,-0.011065647631146036,0.036618090355531874,HOLD,True,3
2022-10-18,19334.416015625,19139.53515625,0,0.5367155328545299,1,-0.010079479991405349,0.036715532854529886,HOLD,False,3
2022-10-19,19139.53515625,19053.740234375,0,0.5375516963068417,1,-0.004482602172654282,0.03755169630684174,HOLD,False,3
2022-10-20,19053.740234375,19172.46875,1,0.5475986666171478,1,0.006231244583192241,0.047598666617147845,HOLD,True,3
2022-10-21,19172.46875,19208.189453125,1,0.48832320441453475,0,0.0018631248583989013,0.01167679558546525,HOLD,False,3
2022-10-22,19208.189453125,19567.0078125,1,0.49879420543448144,0,0.018680488353712166,0.0012057945655185587,HOLD,False,3
2022-10-23,19567.0078125,19345.572265625,0,0.4915950340656476,0,-0.011316781236911488,0.008404965934352415,HOLD,True,3
2022-10-24,19345.572265625,20095.857421875,1,0.530280951341069,1,0.03878330120960949,0.030280951341069007,HOLD,True,3
2022-10-25,20095.857421875,20770.44140625,1,0.4895333321351477,0,0.03356831063305088,0.010466667864852286,HOLD,False,3
2022-10-26,20770.44140625,20285.8359375,0,0.5648110087489837,1,-0.0233314959115013,0.06481100874898371,BUY,False,3
2022-10-27,20285.8359375,20595.3515625,1,0.5753543846380514,1,0.015257721000682789,0.07535438463805144,BUY,True,3
2022-10-28,20595.3515625,20818.4765625,1,0.5028315693894775,1,0.01083375534148523,0.002831569389477484,HOLD,True,3
2022-10-29,20818.4765625,20635.603515625,0,0.5669614687828115,1,-0.008784170461560437,0.0669614687828115,BUY,False,3
2022-10-30,20635.603515625,20495.7734375,0,0.5903087107941445,1,-0.006776156462742766,0.09030871079414449,BUY,False,3
2022-10-31,20495.7734375,20485.2734375,0,0.5539854517666968,1,-0.0005123007449325812,0.05398545176669678,BUY,False,3
2022-11-01,20485.2734375,20159.50390625,0,0.5755640704282611,1,-0.015902620594443806,0.07556407042826108,BUY,False,3
2022-11-02,20159.50390625,20209.98828125,1,0.5637087064102313,1,0.0025042468919260763,0.0637087064102313,BUY,True,3
2022-11-03,20209.98828125,21147.23046875,1,0.49401349188930527,0,0.0463751969796804,0.005986508110694733,HOLD,False,3
2022-11-04,21147.23046875,21282.69140625,1,0.5222519152162113,1,0.006405611254872046,0.022251915216211282,HOLD,True,3
2022-11-05,21282.69140625,20926.486328125,0,0.5622123763462278,1,-0.01673684363155281,0.06221237634622778,BUY,False,3
2022-11-06,20926.486328125,20602.81640625,0,0.580251002928043,1,-0.015466997985227438,0.08025100292804299,BUY,False,3
2022-11-07,20602.81640625,18541.271484375,0,0.5737729445310885,1,-0.10006131594948431,0.07377294453108851,BUY,False,3
2022-11-08,18541.271484375,15880.7802734375,0,0.5150253330975395,1,-0.14349022466876316,0.015025333097539506,HOLD,False,3
2022-11-09,15880.7802734375,17586.771484375,1,0.7322843437128056,1,0.10742489862358795,0.2322843437128056,BUY,True,3
2022-11-10,17586.771484375,17034.29296875,0,0.4472114019037225,0,-0.03141443647663533,0.052788598096277506,SELL,True,3
2022-11-11,17034.29296875,16799.185546875,0,0.5870863940431919,1,-0.013802006476365758,0.08708639404319185,BUY,False,3
2022-11-12,16799.185546875,16353.365234375,0,0.5158593579891984,1,-0.026538209918333333,0.015859357989198353,HOLD,False,3
2022-11-13,16353.365234375,16618.19921875,1,0.6449819320718412,1,0.016194463988263186,0.14498193207184118,BUY,True,3
2022-11-14,16618.19921875,16884.61328125,1,0.47510007897636863,0,0.016031463998783302,0.024899921023631366,HOLD,False,3
2022-11-15,16884.61328125,16669.439453125,0,0.42406177727360117,0,-0.0127437818409466,0.07593822272639883,SELL,True,3
2022-11-16,16669.439453125,16687.517578125,1,0.5349821764346864,1,0.0010845070736082985,0.034982176434686374,HOLD,True,3
2022-11-17,16687.517578125,16697.77734375,1,0.515494500545017,1,0.0006148167681003791,0.015494500545016998,HOLD,True,3
2022-11-18,16697.77734375,16711.546875,1,0.5140677668817332,1,0.0008246325823211276,0.014067766881733168,HOLD,True,3
2022-11-19,16711.546875,16291.83203125,0,0.5292164889831318,1,-0.025115259939095247,0.029216488983131783,HOLD,False,3
2022-11-20,16291.83203125,15787.2841796875,0,0.5601067454537472,1,-0.030969374751391165,0.06010674545374717,BUY,False,3
2022-11-21,15787.2841796875,16189.76953125,1,0.5961649749566501,1,0.025494274188105903,0.0961649749566501,BUY,True,3
2022-11-22,16189.76953125,16610.70703125,1,0.4374707244020024,0,0.02600021570334854,0.06252927559799759,SELL,False,3
2022-11-23,16610.70703125,16604.46484375,0,0.4692952996629715,0,-0.0003757930043709612,0.03070470033702849,HOLD,True,3
2022-11-24,16604.46484375,16521.841796875,0,0.536534582694144,1,-0.004975953615638518,0.036534582694144,HOLD,False,3
2022-11-25,16521.841796875,16464.28125,0,0.5315536342264979,1,-0.0034839061881034583,0.03155363422649793,HOLD,False,3
2022-11-26,16464.28125,16444.626953125,0,0.5707677140010832,1,-0.0011937537130568554,0.07076771400108317,BUY,False,3
2022-11-27,16444.626953125,16217.322265625,0,0.5646748762603582,1,-0.013822428939733733,0.06467487626035817,BUY,False,3
2022-11-28,16217.322265625,16444.982421875,1,0.49149378920161524,0,0.014038085481754337,0.008506210798384761,HOLD,False,3
2022-11-29,16444.982421875,17168.56640625,1,0.46402770792518583,0,0.044000289316970864,0.03597229207481417,HOLD,False,3
2022-11-30,17168.56640625,16967.1328125,0,0.46523220282047345,0,-0.011732697360023692,0.03476779717952655,HOLD,True,3
2022-12-01,16967.1328125,17088.66015625,1,0.5421648548761477,1,0.007162515027905547,0.04216485487614774,HOLD,True,3
2022-12-02,17088.66015625,16908.236328125,0,0.46182825619433504,0,-0.010558102652595158,0.03817174380566496,HOLD,True,3
2022-12-03,16908.236328125,17130.486328125,1,0.5523574899388521,1,0.013144481522908036,0.05235748993885214,BUY,True,3
2022-12-04,17130.486328125,16974.826171875,0,0.4570258611868323,0,-0.00908673304822849,0.042974138813167695,HOLD,True,3
2022-12-05,16974.826171875,17089.50390625,1,0.5357144515153012,1,0.006755753090715411,0.03571445151530117,HOLD,True,3
2022-12-06,17089.50390625,16848.126953125,0,0.4968178882744956,0,-0.01412428087141393,0.003182111725504422,HOLD,True,3
2022-12-07,16848.126953125,17233.474609375,1,0.5116305345922043,1,0.022871839541696026,0.011630534592204311,HOLD,True,3
2022-12-08,17233.474609375,17133.15234375,0,0.46828408225093654,0,-0.005821360340788395,0.03171591774906346,HOLD,True,3
2022-12-09,17133.15234375,17128.724609375,0,0.5182589678967291,1,-0.00025843080632004245,0.018258967896729095,HOLD,False,3
2022-12-10,17128.724609375,17104.193359375,0,0.5501925691840248,1,-0.0014321702613265819,0.050192569184024816,BUY,False,3
2022-12-11,17104.193359375,17206.4375,1,0.5528603242163559,1,0.005977723618808328,0.05286032421635589,BUY,True,3
2022-12-12,17206.4375,17781.318359375,1,0.527698033483168,1,0.033410801008343594,0.027698033483168016,HOLD,True,3
2022-12-13,17781.318359375,17815.650390625,1,0.5153783142789234,1,0.0019307922256450727,0.015378314278923444,HOLD,True,3
2022-12-14,17815.650390625,17364.865234375,0,0.5570402314737789,1,-0.02530276169357326,0.0570402314737789,BUY,False,3
2022-12-15,17364.865234375,16647.484375,0,0.6071070233528038,1,-0.04131220425223303,0.10710702335280375,BUY,False,3
2022-12-16,16647.484375,16795.091796875,1,0.6417375708080336,1,0.008866650272798315,0.14173757080803362,BUY,True,3
2022-12-17,16795.091796875,16757.9765625,0,0.4580767230120992,0,-0.0022098857704312413,0.041923276987900826,HOLD,True,3
2022-12-18,16757.9765625,16439.6796875,0,0.5372609993480867,1,-0.01899375344110854,0.03726099934808669,HOLD,False,3
2022-12-19,16439.6796875,16906.3046875,1,0.5630205349748888,1,0.028384068842582266,0.0630205349748888,BUY,True,3
2022-12-20,16906.3046875,16817.53515625,0,0.4635987630152513,0,-0.005250676176186131,0.036401236984748675,HOLD,True,3
2022-12-21,16817.53515625,16830.341796875,1,0.5017391609694463,1,0.0007615052090579333,0.0017391609694462629,HOLD,True,3
2022-12-22,16830.341796875,16796.953125,0,0.45602712174435917,0,-0.001983838015767403,0.043972878255640835,HOLD,True,3
2022-12-23,16796.953125,16847.755859375,1,0.4975093265673005,0,0.003024520816182319,0.002490673432699486,HOLD,False,3
2022-12-24,16847.755859375,16841.986328125,0,0.49946032714096095,0,-0.000342451024228807,0.0005396728590390532,HOLD,True,3
2022-12-25,16841.986328125,16919.8046875,1,0.4977719880650895,0,0.004620497716771643,0.002228011934910512,HOLD,False,3
2022-12-26,16919.8046875,16717.173828125,0,0.4620451074905651,0,-0.011975957353969946,0.0379548925094349,HOLD,True,3
2022-12-27,16717.173828125,16552.572265625,0,0.5179738931927684,1,-0.009846255365429935,0.01797389319276843,HOLD,False,3
2022-12-28,16552.572265625,16642.341796875,1,0.5750849124655152,1,0.0054232979508825885,0.07508491246551519,BUY,True,3
2022-12-29,16642.341796875,16602.5859375,0,0.5138828929956967,1,-0.002388838052975517,0.013882892995696672,HOLD,False,3
2022-12-30,16602.5859375,16547.49609375,0,0.5148538173994432,1,-0.0033181483870876605,0.014853817399443248,HOLD,False,3
2022-12-31,16547.49609375,16625.080078125,1,0.5961720080140726,1,0.0046885633896178724,0.09617200801407255,BUY,True,3
2023-01-01,16625.080078125,16688.470703125,1,0.5224566241632496,1,0.0038129515588565255,0.02245662416324956,HOLD,True,3
2023-01-02,16688.470703125,16679.857421875,0,0.5128606063577542,1,-0.000516121662866742,0.012860606357754212,HOLD,False,3
2023-01-03,16679.857421875,16863.23828125,1,0.5362969386094182,1,0.010994150293785143,0.03629693860941818,HOLD,True,3
2023-01-04,16863.23828125,16836.736328125,0,0.5611624173167682,1,-0.0015715814888571655,0.06116241731676819,BUY,False,3
2023-01-05,16836.736328125,16951.96875,1,0.5566926569059448,1,0.006844106816741524,0.05669265690594483,BUY,True,3
2023-01-06,16951.96875,16955.078125,1,0.5325826719181649,1,0.00018342264818071996,0.032582671918164885,HOLD,True,3
2023-01-07,16955.078125,17091.14453125,1,0.530859220152162,1,0.008025112314249405,0.030859220152162026,HOLD,True,3
2023-01-08,17091.14453125,17196.5546875,1,0.5010350922054414,1,0.006167530562816603,0.0010350922054414013,HOLD,True,3
2023-01-09,17196.5546875,17446.29296875,1,0.5681020942567494,1,0.014522576515372032,0.0681020942567494,BUY,True,3
2023-01-10,17446.29296875,17934.896484375,1,0.574924083836033,1,0.02800615102017323,0.074924083836033,BUY,True,3
2023-01-11,17934.896484375,18869.587890625,1,0.5792977469386625,1,0.052115795988246116,0.07929774693866254,BUY,True,3
2023-01-12,18869.587890625,19909.57421875,1,0.5899476853679188,1,0.05511441660269112,0.08994768536791875,BUY,True,3
2023-01-13,19909.57421875,20976.298828125,1,0.524268092244514,1,0.05357847423830919,0.024268092244513984,HOLD,True,3
2023-01-14,20976.298828125,20880.798828125,0,0.5103197018226274,1,-0.004552757413617381,0.010319701822627425,HOLD,False,3
2023-01-15,20880.798828125,21169.6328125,1,0.596602026338907,1,0.013832516023570829,0.09660202633890702,BUY,True,3
2023-01-16,21169.6328125,21161.51953125,0,0.563424571212618,1,-0.00038325091993141047,0.06342457121261802,BUY,False,3
2023-01-17,21161.51953125,20688.78125,0,0.6158597789258733,1,-0.022339524368838015,0.11585977892587329,BUY,False,3
2023-01-18,20688.78125,21086.79296875,1,0.5973458784204269,1,0.019238045679950355,0.09734587842042686,BUY,True,3
2023-01-19,21086.79296875,22676.552734375,1,0.5440113493363057,1,0.07539125404137925,0.04401134933630568,HOLD,True,3
2023-01-20,22676.552734375,22777.625,1,0.45498998406625873,0,0.004457126566322689,0.045010015933741265,HOLD,False,3
2023-01-21,22777.625,22720.416015625,0,0.5680285383650844,1,-0.002511630794474806,0.06802853836508438,BUY,False,3
2023-01-22,22720.416015625,22934.431640625,1,0.5919730560624631,1,0.009419529327844067,0.09197305606246309,BUY,True,3
2023-01-23,22934.431640625,22636.46875,0,0.5378359205364983,1,-0.012991945703908492,0.03783592053649831,HOLD,False,3
2023-01-24,22636.46875,23117.859375,1,0.5930438850800773,1,0.021266153759075257,0.09304388508007733,BUY,True,3
2023-01-25,23117.859375,23032.77734375,0,0.5674252480379919,1,-0.003680359408276712,0.06742524803799188,BUY,False,3
2023-01-26,23032.77734375,23078.728515625,1,0.5726994683968268,1,0.0019950339114214177,0.07269946839682684,BUY,True,3
2023-01-27,23078.728515625,23031.08984375,0,0.5314458298845767,1,-0.0020641809553220147,0.03144582988457667,HOLD,False,3
2023-01-28,23031.08984375,23774.56640625,1,0.5982693602053828,1,0.03228143207915801,0.0982693602053828,BUY,True,3
2023-01-29,23774.56640625,22840.138671875,0,0.5121278566965457,1,-0.03930367092328346,0.012127856696545702,HOLD,False,3
2023-01-30,22840.138671875,23139.283203125,1,0.6138582979030229,1,0.013097316769725253,0.11385829790302293,BUY,True,3
2023-01-31,23139.283203125,23723.76953125,1,0.5516011251305892,1,0.025259482888651652,0.05160112513058923,BUY,True,3
2023-02-01,23723.76953125,23471.87109375,0,0.5299845535402553,1,-0.01061797692681965,0.02998455354025531,HOLD,False,3
2023-02-02,23471.87109375,23449.322265625,0,0.5623364979574054,1,-0.0009606745041729203,0.06233649795740537,BUY,False,3
2023-02-03,23449.322265625,23331.84765625,0,0.5671763439760101,1,-0.005009723012217249,0.06717634397601013,BUY,False,3
2023-02-04,23331.84765625,22955.666015625,0,0.5713916779588013,1,-0.01612309690031044,0.0713916779588013,BUY,False,3
2023-02-05,22955.666015625,22760.109375,0,0.569991650415173,1,-0.008518883333286542,0.06999165041517297,BUY,False,3
2023-02-06,22760.109375,23264.291015625,1,0.5664935260080821,1,0.022151986720186922,0.06649352600808212,BUY,True,3
2023-02-07,23264.291015625,22939.3984375,0,0.513123517735319,1,-0.013965290320121615,0.013123517735318946,HOLD,False,3
2023-02-08,22939.3984375,21819.0390625,0,0.5421779584498331,1,-0.04883996317743455,0.042177958449833075,HOLD,False,3
2023-02-09,21819.0390625,21651.18359375,0,0.6257389453176704,1,-0.007693073387383564,0.12573894531767038,BUY,False,3
2023-02-10,21651.18359375,21870.875,1,0.5620461828884066,1,0.010146854341645195,0.062046182888406576,BUY,True,3
2023-02-11,21870.875,21788.203125,0,0.4345398557266163,0,-0.003779998514005456,0.0654601442733837,SELL,True,3
2023-02-12,21788.203125,21808.1015625,1,0.4686843720917443,0,0.0009132665684197239,0.031315627908255705,HOLD,False,3
2023-02-13,21808.1015625,22220.8046875,1,0.42042064882007824,0,0.018924303145655852,0.07957935117992176,SELL,False,3
2023-02-14,22220.8046875,24307.841796875,1,0.40249297126938366,0,0.09392266116037784,0.09750702873061634,SELL,False,3
2023-02-15,24307.841796875,23623.474609375,0,0.4851529358476252,0,-0.028154173176657027,0.0148470641523748,HOLD,True,3
2023-02-16,23623.474609375,24565.6015625,1,0.6220460247209302,1,0.03988096453648349,0.12204602472093018,BUY,True,3
2023-02-17,24565.6015625,24641.27734375,1,0.5453499449671086,1,0.0030805588480080637,0.045349944967108646,HOLD,True,3
2023-02-18,24641.27734375,24327.642578125,0,0.5741335152573567,1,-0.012728023845912761,0.07413351525735667,BUY,False,3
2023-02-19,24327.642578125,24829.1484375,1,0.5848502961480934,1,0.020614650916729094,0.08485029614809336,BUY,True,3
2023-02-20,24829.1484375,24436.353515625,0,0.5310369326414333,1,-0.01581991113645098,0.031036932641433257,HOLD,False,3
2023-02-21,24436.353515625,24188.84375,0,0.5967371202529942,1,-0.01012875204423358,0.09673712025299419,BUY,False,3
2023-02-22,24188.84375,23947.4921875,0,0.5539123345050924,1,-0.00997780485063493,0.05391233450509236,BUY,False,3
2023-02-23,23947.4921875,23198.126953125,0,0.5614225624190585,1,-0.03129201289670536,0.061422562419058524,BUY,False,3
2023-02-24,23198.126953125,23175.375,0,0.5706367864366962,1,-0.0009807668166905703,0.07063678643669624,BUY,False,3
2023-02-25,23175.375,23561.212890625,1,0.5119586261869629,1,0.016648614774302573,0.011958626186962862,HOLD,True,3
2023-02-26,23561.212890625,23522.87109375,0,0.4646137709825651,0,-0.0016273269569350157,0.03538622901743488,HOLD,True,3
2023-02-27,23522.87109375,23147.353515625,0,0.5185391340574519,1,-0.01596393470118429,0.01853913405745189,HOLD,False,3
2023-02-28,23147.353515625,23646.55078125,1,0.48631824081278163,0,0.02156606219747892,0.013681759187218367,HOLD,False,3
2023-03-01,23646.55078125,23475.466796875,0,0.45912817154945185,0,-0.007235050302163204,0.04087182845054815,HOLD,True,3
2023-03-02,23475.466796875,22362.6796875,0,0.5006345419566126,1,-0.047402129167592566,0.0006345419566126109,HOLD,False,3
2023-03-03,22362.6796875,22353.349609375,0,0.5571976423843785,1,-0.0004172164631153219,0.05719764238437852,BUY,False,3
2023-03-04,22353.349609375,22435.513671875,1,0.4969083913920224,0,0.0036756935285233716,0.0030916086079775806,HOLD,False,3
2023-03-05,22435.513671875,22429.7578125,0,0.46339928336638386,0,-0.00025655126328649747,0.03660071663361614,HOLD,True,3
2023-03-06,22429.7578125,22219.76953125,0,0.4789418701129562,0,-0.00936203961743065,0.02105812988704381,HOLD,True,3
2023-03-07,22219.76953125,21718.080078125,0,0.4794103160842155,0,-0.022578517406286358,0.020589683915784474,HOLD,True,3
2023-03-08,21718.080078125,20363.021484375,0,0.5039569243576935,1,-0.06239311158608585,0.003956924357693459,HOLD,False,3
2023-03-09,20363.021484375,20187.244140625,0,0.5627485874213104,1,-0.008632183779056501,0.0627485874213104,BUY,False,3
2023-03-10,20187.244140625,20632.41015625,1,0.45300137114831607,0,0.022051846825845045,0.04699862885168393,HOLD,False,3
2023-03-11,20632.41015625,22163.94921875,1,0.45541721228241877,0,0.07422977009964415,0.04458278771758123,HOLD,False,3
2023-03-12,22163.94921875,24197.533203125,1,0.3998192284816969,0,0.09175187888693825,0.10018077151830312,SELL,False,3
2023-03-13,24197.533203125,24746.07421875,1,0.4630826647030803,0,0.022669294883089997,0.03691733529691971,HOLD,False,3
2023-03-14,24746.07421875,24375.9609375,0,0.5092071406348744,1,-0.014956444322371198,0.009207140634874378,HOLD,False,3
2023-03-15,24375.9609375,25052.7890625,1,0.6210261716683232,1,0.027766213062754286,0.12102617166832319,BUY,True,3
2023-03-16,25052.7890625,27423.9296875,1,0.5514587362396087,1,0.0946457745317153,0.05145873623960873,BUY,True,3
2023-03-17,27423.9296875,26965.87890625,0,0.4973043166932861,0,-0.01670259464889101,0.002695683306713881,HOLD,True,3
2023-03-18,26965.87890625,28038.67578125,1,0.5792385301073456,1,0.039783493752593824,0.0792385301073456,BUY,True,3
2023-03-19,28038.67578125,27767.236328125,0,0.5139270367445238,1,-0.00968089417783835,0.01392703674452378,HOLD,False,3
2023-03-20,27767.236328125,28175.81640625,1,0.5876977676353768,1,0.014714466837708162,0.08769776763537684,BUY,True,3
2023-03-21,28175.81640625,27307.4375,0,0.5369445351933307,1,-0.030820008681536337,0.03694453519333074,HOLD,False,3
2023-03-22,27307.4375,28333.97265625,1,0.6465061295752101,1,0.03759177902540278,0.14650612957521014,BUY,True,3
2023-03-23,28333.97265625,27493.28515625,0,0.5227057451565307,1,-0.02967065403073854,0.022705745156530677,HOLD,False,3
2023-03-24,27493.28515625,27494.70703125,1,0.6029839426756469,1,5.17171735541222e-05,0.10298394267564692,BUY,True,3
2023-03-25,27494.70703125,27994.330078125,1,0.5680576712160417,1,0.018171608313816145,0.06805767121604167,BUY,True,3
2023-03-26,27994.330078125,27139.888671875,0,0.5241939456338298,1,-0.03052194511765327,0.024193945633829816,HOLD,False,3
2023-03-27,27139.888671875,27268.130859375,1,0.6055401700008349,1,0.004725228944394866,0.10554017000083493,BUY,True,3
2023-03-28,27268.130859375,28348.44140625,1,0.5234818013101591,1,0.0396180637553154,0.02348180131015909,HOLD,True,3
2023-03-29,28348.44140625,28033.5625,0,0.5324436653736987,1,-0.0111074503792854,0.032443665373698694,HOLD,False,3
2023-03-30,28033.5625,28478.484375,1,0.589769734822541,1,0.015871042968584437,0.08976973482254103,BUY,True,3
2023-03-31,28478.484375,28411.03515625,0,0.5399840822599216,1,-0.0023684272611504964,0.03998408225992156,HOLD,False,3
2023-04-01,28411.03515625,28199.30859375,0,0.6147067776944963,1,-0.00745226498561502,0.11470677769449633,BUY,False,3
2023-04-02,28199.30859375,27790.220703125,0,0.5728396576516959,1,-0.014507018470504951,0.07283965765169587,BUY,False,3
2023-04-03,27790.220703125,28168.08984375,1,0.5612980923630146,1,0.0135971982612757,0.061298092363014645,BUY,True,3
2023-04-04,28168.08984375,28177.984375,1,0.517100336549803,1,0.000351267384649967,0.01710033654980303,HOLD,True,3
2023-04-05,28177.984375,28044.140625,0,0.5415118564126499,1,-0.004749940528704033,0.04151185641264987,HOLD,False,3
2023-04-06,28044.140625,27925.859375,0,0.5566181344166962,1,-0.004217681389550476,0.056618134416696164,BUY,False,3
2023-04-07,27925.859375,27947.794921875,1,0.5863362126377714,1,0.0007854922772632111,0.08633621263777136,BUY,True,3
2023-04-08,27947.794921875,28333.05078125,1,0.5497600753515554,1,0.013784839213681899,0.049760075351555355,HOLD,True,3
2023-04-09,28333.05078125,29652.98046875,1,0.48857642446045635,0,0.04658621825410658,0.011423575539543651,HOLD,False,3
2023-04-10,29652.98046875,30235.05859375,1,0.5052954658320256,1,0.019629666758571807,0.005295465832025559,HOLD,True,3
2023-04-11,30235.05859375,30139.052734375,0,0.4814444031419502,0,-0.003175315803583212,0.018555596858049805,HOLD,True,3
2023-04-12,30139.052734375,30399.06640625,1,0.561153541573536,1,0.00862713483952482,0.06115354157353603,BUY,True,3
2023-04-13,30399.06640625,30485.69921875,1,0.5127622297597311,1,0.002849851088919886,0.01276222975973107,HOLD,True,3
2023-04-14,30485.69921875,30318.49609375,0,0.5294065707603356,1,-0.005484641300179338,0.029406570760335593,HOLD,False,3
2023-04-15,30318.49609375,30315.35546875,0,0.590682710663568,1,-0.00010358775680330279,0.09068271066356803,BUY,False,3
2023-04-16,30315.35546875,29445.044921875,0,0.5830514406358581,1,-0.028708571396173888,0.08305144063585812,BUY,False,3
2023-04-17,29445.044921875,30397.552734375,1,0.5717558431034452,1,0.032348662229154,0.07175584310344518,BUY,True,3
2023-04-18,30397.552734375,28822.6796875,0,0.5082081060936737,1,-0.0518092051895368,0.008208106093673728,HOLD,False,3
2023-04-19,28822.6796875,28245.98828125,0,0.6102057117111519,1,-0.020008250880993006,0.1102057117111519,BUY,False,3
2023-04-20,28245.98828125,27276.91015625,0,0.5727557699117002,1,-0.034308522518338824,0.07275576991170019,BUY,False,3
2023-04-21,27276.91015625,27817.5,1,0.6110086406585836,1,0.01981858797984626,0.11100864065858362,BUY,True,3
2023-04-22,27817.5,27591.384765625,0,0.41462767949980833,0,-0.008128524647254443,0.08537232050019167,SELL,True,3
2023-04-23,27591.384765625,27525.33984375,0,0.47000791338986164,0,-0.002393679129772508,0.029992086610138358,HOLD,True,3
2023-04-24,27525.33984375,28307.59765625,1,0.5116199937429864,1,0.02841955147295372,0.01161999374298639,HOLD,True,3
2023-04-25,28307.59765625,28422.701171875,1,0.39776877467416744,0,0.004066170397882152,0.10223122532583256,SELL,False,3
2023-04-26,28422.701171875,29473.787109375,1,0.48367297293289463,0,0.036980508331842854,0.01632702706710537,HOLD,False,3
2023-04-27,29473.787109375,29340.26171875,0,0.4689611499085345,0,-0.00453030993708059,0.03103885009146551,HOLD,True,3
2023-04-28,29340.26171875,29248.48828125,0,0.5396289274861454,1,-0.0031279011203009244,0.03962892748614544,HOLD,False,3
2023-04-29,29248.48828125,29268.806640625,1,0.5595697291704265,1,0.000694680667924441,0.059569729170426466,BUY,True,3
2023-04-30,29268.806640625,28091.568359375,0,0.5251892139305597,1,-0.04022160164248023,0.02518921393055973,HOLD,False,3
2023-05-01,28091.568359375,28680.537109375,1,0.5840634469876339,1,0.020966033026897257,0.0840634469876339,BUY,True,3
2023-05-02,28680.537109375,29006.30859375,1,0.43499645646004564,0,0.01135862564681589,0.06500354353995436,SELL,False,3
2023-05-03,29006.30859375,28847.7109375,0,0.4745744139932943,0,-0.005467695268338013,0.02542558600670569,HOLD,True,3
2023-05-04,28847.7109375,29534.384765625,1,0.552573289321899,1,0.023803407820215394,0.052573289321898975,BUY,True,3
2023-05-05,29534.384765625,28904.623046875,0,0.46096602596276415,0,-0.021323001096775096,0.03903397403723585,HOLD,True,3
2023-05-06,28904.623046875,28454.978515625,0,0.5675208981965137,1,-0.015556145829018653,0.06752089819651375,BUY,False,3
2023-05-07,28454.978515625,27694.2734375,0,0.5395764493489781,1,-0.026733637409259936,0.03957644934897808,HOLD,False,3
2023-05-08,27694.2734375,27658.775390625,0,0.5335881972112063,1,-0.0012817829272578907,0.033588197211206317,HOLD,False,3
2023-05-09,27658.775390625,27621.755859375,0,0.4922707839753615,0,-0.0013384371045779275,0.007729216024638497,HOLD,True,3
2023-05-10,27621.755859375,27000.7890625,0,0.48823980918781823,0,-0.022481076150133283,0.01176019081218177,HOLD,True,3
2023-05-11,27000.7890625,26804.990234375,0,0.5334760697422218,1,-0.007251596524522896,0.03347606974222184,HOLD,False,3
2023-05-12,26804.990234375,26784.078125,0,0.4724072134882158,0,-0.0007801573211611013,0.027592786511784206,HOLD,True,3
2023-05-13,26784.078125,26930.638671875,1,0.4906647618693022,0,0.005471927993601522,0.00933523813069781,HOLD,False,3
2023-05-14,26930.638671875,27192.693359375,1,0.43717553551206834,0,0.009730726801279843,0.06282446448793166,SELL,False,3
2023-05-15,27192.693359375,27036.650390625,0,0.44507777790375097,0,-0.005738415341494774,0.05492222209624903,SELL,True,3
2023-05-16,27036.650390625,27398.802734375,1,0.5014448767351886,1,0.013394867282656264,0.0014448767351885605,HOLD,True,3
2023-05-17,27398.802734375,26832.208984375,0,0.4248166857539015,0,-0.02067950762275983,0.07518331424609848,SELL,True,3
2023-05-18,26832.208984375,26890.12890625,1,0.48203893392381636,0,0.0021585968530852817,0.01796106607618364,HOLD,False,3
2023-05-19,26890.12890625,27129.5859375,1,0.47194031796996466,0,0.008905016115201336,0.028059682030035338,HOLD,False,3
2023-05-20,27129.5859375,26753.826171875,0,0.43624742576800674,0,-0.013850552916312875,0.06375257423199326,SELL,True,3
2023-05-21,26753.826171875,26851.27734375,1,0.5173061313763163,1,0.0036425134576618667,0.017306131376316314,HOLD,True,3
2023-05-22,26851.27734375,27225.7265625,1,0.4410293895488684,0,0.013945303754316907,0.05897061045113161,SELL,False,3
2023-05-23,27225.7265625,26334.818359375,0,0.45000929324046257,0,-0.03272302765106416,0.04999070675953743,HOLD,True,3
2023-05-24,26334.818359375,26476.20703125,1,0.5339196606011437,1,0.005368887301425707,0.03391966060114371,HOLD,True,3
2023-05-25,26476.20703125,26719.291015625,1,0.4124917051877657,0,0.009181223884829448,0.08750829481223432,SELL,False,3
2023-05-26,26719.291015625,26868.353515625,1,0.4385256164299682,0,0.005578834405180588,0.06147438357003182,SELL,False,3
2023-05-27,26868.353515625,28085.646484375,1,0.4501591126987048,0,0.0453058267244435,0.04984088730129521,HOLD,False,3
2023-05-28,28085.646484375,27745.884765625,0,0.5016542972497908,1,-0.0120973437068298,0.001654297249790826,HOLD,False,3
2023-05-29,27745.884765625,27702.349609375,0,0.5190440697563042,1,-0.0015690671469931194,0.019044069756304238,HOLD,False,3
2023-05-30,27702.349609375,27219.658203125,0,0.5257991202074415,1,-0.01742420455507676,0.02579912020744146,HOLD,False,3
2023-05-31,27219.658203125,26819.97265625,0,0.48085253761039165,0,-0.014683709247646393,0.01914746238960835,HOLD,True,3
2023-06-01,26819.97265625,27249.58984375,1,0.5142688580120184,1,0.01601855426947596,0.014268858012018382,HOLD,True,3
2023-06-02,27249.58984375,27075.12890625,0,0.4190046871797643,0,-0.0064023326039167605,0.0809953128202357,SELL,True,3
2023-06-03,27075.12890625,27119.06640625,1,0.5251093677635968,1,0.001622799291266075,0.025109367763596846,HOLD,True,3
2023-06-04,27119.06640625,25760.09765625,0,0.4686040805034156,0,-0.05011119223804861,0.03139591949658438,HOLD,True,3
2023-06-05,25760.09765625,27238.783203125,1,0.5690810314521146,1,0.057402171630208665,0.06908103145211464,BUY,True,3
2023-06-06,27238.783203125,26345.998046875,0,0.4376528190021364,0,-0.03277624957004588,0.06234718099786363,SELL,True,3
2023-06-07,26345.998046875,26508.216796875,1,0.5603586775068532,1,0.0061572444403654725,0.0603586775068532,BUY,True,3
2023-06-08,26508.216796875,26480.375,0,0.44314916834486706,0,-0.0010503081775867784,0.05685083165513294,SELL,True,3
2023-06-09,26480.375,25851.240234375,0,0.5207482045148784,1,-0.02375852931180167,0.020748204514878354,HOLD,False,3
2023-06-10,25851.240234375,25940.16796875,1,0.5182767087963887,1,0.0034399794195076883,0.018276708796388652,HOLD,True,3
2023-06-11,25940.16796875,25902.5,0,0.45248942567450096,0,-0.001452109670044499,0.047510574325499044,HOLD,True,3
2023-06-12,25902.5,25918.728515625,1,0.5029457694873732,1,0.0006265231396582749,0.00294576948737324,HOLD,True,3
2023-06-13,25918.728515625,25124.67578125,0,0.4923027027769522,0,-0.030636253390914137,0.007697297223047794,HOLD,True,3
2023-06-14,25124.67578125,25576.39453125,1,0.525391190625354,1,0.017979087727655774,0.025391190625354,HOLD,True,3
2023-06-15,25576.39453125,26327.462890625,1,0.44058985936763634,0,0.029365685552642073,0.05941014063236366,SELL,False,3
2023-06-16,26327.462890625,26510.67578125,1,0.447391916895043,0,0.006959002900740696,0.052608083104957015,SELL,False,3
2023-06-17,26510.67578125,26336.212890625,0,0.47472523922662163,0,-0.006580854145875503,0.02527476077337837,HOLD,True,3
2023-06-18,26336.212890625,26851.029296875,1,0.518256003382082,1,0.019547852547670663,0.018256003382081998,HOLD,True,3
2023-06-19,26851.029296875,28327.48828125,1,0.4484156223344241,0,0.05498705349618893,0.05158437766557589,SELL,False,3
2023-06-20,28327.48828125,30027.296875,1,0.5258119150207421,1,0.06000562340273241,0.025811915020742093,HOLD,True,3
2023-06-21,30027.296875,29912.28125,0,0.5617845553486049,1,-0.0038303689299371557,0.06178455534860494,BUY,False,3
2023-06-22,29912.28125,30695.46875,1,0.6016042997660032,1,0.02618280743799839,0.10160429976600316,BUY,True,3
2023-06-23,30695.46875,30548.6953125,0,0.5507458945488389,1,-0.0047815994828226405,0.05074589454883893,BUY,False,3
2023-06-24,30548.6953125,30480.26171875,0,0.6046194457408214,1,-0.002240147837737516,0.10461944574082138,BUY,False,3
2023-06-25,30480.26171875,30271.130859375,0,0.6004571933206472,1,-0.006861189753050945,0.10045719332064718,BUY,False,3
2023-06-26,30271.130859375,30688.1640625,1,0.5852254591365684,1,0.013776598074988877,0.08522545913656843,BUY,True,3
2023-06-27,30688.1640625,30086.24609375,0,0.5379227763292869,1,-0.01961401038928634,0.03792277632928687,HOLD,False,3
2023-06-28,30086.24609375,30445.3515625,1,0.542023798844214,1,0.011935868224670187,0.04202379884421403,HOLD,True,3
2023-06-29,30445.3515625,30477.251953125,1,0.5023320210295183,1,0.0010477918298796851,0.0023320210295183497,HOLD,True,3
2023-06-30,30477.251953125,30590.078125,1,0.5484331120189995,1,0.0037019798257575953,0.04843311201899947,HOLD,True,3
2023-07-01,30590.078125,30620.76953125,1,0.5444700392359815,1,0.0010033124506771962,0.04447003923598147,HOLD,True,3
2023-07-02,30620.76953125,31156.439453125,1,0.5578266848587652,1,0.01749367929268808,0.05782668485876519,BUY,True,3
2023-07-03,31156.439453125,30777.58203125,0,0.5332975534133887,1,-0.012159843310882601,0.03329755341338869,HOLD,False,3
2023-07-04,30777.58203125,30514.166015625,0,0.5741981433968936,1,-0.0085586975402272,0.07419814339689357,BUY,False,3
2023-07-05,30514.166015625,29909.337890625,0,0.5484094392703021,1,-0.019821224171432172,0.04840943927030206,HOLD,False,3
2023-07-06,29909.337890625,30342.265625,1,0.5843500793580851,1,0.014474667943441766,0.08435007935808514,BUY,True,3
2023-07-07,30342.265625,30292.541015625,0,0.44880200690629685,0,-0.0016387902600796256,0.051197993093703154,SELL,True,3
2023-07-08,30292.541015625,30171.234375,0,0.5858534874085088,1,-0.004004505286051452,0.08585348740850884,BUY,False,3
2023-07-09,30171.234375,30414.470703125,1,0.5748664368792744,1,0.008061862007427312,0.07486643687927441,BUY,True,3
2023-07-10,30414.470703125,30620.951171875,1,0.5130655333797932,1,0.006788889103658935,0.013065533379793215,HOLD,True,3
2023-07-11,30620.951171875,30391.646484375,0,0.48564538974275717,0,-0.007488490028050299,0.014354610257242828,HOLD,True,3
2023-07-12,30391.646484375,31476.048828125,1,0.5564496113029315,1,0.03568093437476372,0.05644961130293147,BUY,True,3
2023-07-13,31476.048828125,30334.068359375,0,0.5409910449953389,1,-0.036280934592069825,0.0409910449953389,HOLD,False,3
2023-07-14,30334.068359375,30295.806640625,0,0.6243187490524197,1,-0.001261344778969442,0.12431874905241969,BUY,False,3
2023-07-15,30295.806640625,30249.1328125,0,0.560537492051278,1,-0.001540603578530031,0.06053749205127801,BUY,False,3
2023-07-16,30249.1328125,30145.888671875,0,0.5368178894364664,1,-0.0034131272874816654,0.036817889436466356,HOLD,False,3
2023-07-17,30145.888671875,29856.5625,0,0.5266258176625682,1,-0.009597533349379406,0.02662581766256822,HOLD,False,3
2023-07-18,29856.5625,29913.923828125,1,0.533746565776972,1,0.0019212301525000086,0.03374656577697199,HOLD,True,3
2023-07-19,29913.923828125,29792.015625,0,0.4636367408452066,0,-0.0040752996439197275,0.03636325915479338,HOLD,True,3
2023-07-20,29792.015625,29908.744140625,1,0.539086226550954,1,0.0039181140710413676,0.03908622655095395,HOLD,True,3
2023-07-21,29908.744140625,29771.802734375,0,0.43847475600986685,0,-0.004578641136054662,0.06152524399013315,SELL,True,3
2023-07-22,29771.802734375,30084.5390625,1,0.5089697180373377,1,0.010504447141318263,0.008969718037337704,HOLD,True,3
2023-07-23,30084.5390625,29176.916015625,0,0.44749352046215884,0,-0.03016908602087709,0.052506479537841155,SELL,True,3
2023-07-24,29176.916015625,29227.390625,1,0.5114441413191273,1,0.0017299501204297574,0.011444141319127299,HOLD,True,3
2023-07-25,29227.390625,29354.97265625,1,0.4679331184959458,0,0.004365152978824893,0.03206688150405418,HOLD,False,3
2023-07-26,29354.97265625,29210.689453125,0,0.4202619932147599,0,-0.004915119656712763,0.07973800678524012,SELL,True,3
2023-07-27,29210.689453125,29319.24609375,1,0.5130742350071474,1,0.0037163327075591113,0.013074235007147439,HOLD,True,3
2023-07-28,29319.24609375,29356.91796875,1,0.4827247309194887,0,0.001284885528077373,0.017275269080511302,HOLD,False,3
2023-07-29,29356.91796875,29275.30859375,0,0.564699962625147,1,-0.002779902682116475,0.06469996262514699,BUY,False,3
2023-07-30,29275.30859375,29230.111328125,0,0.5913294316727522,1,-0.0015438698273756435,0.0913294316727522,BUY,False,3
2023-07-31,29230.111328125,29675.732421875,1,0.5379627713084463,1,0.015245275282999904,0.037962771308446275,HOLD,True,3
2023-08-01,29675.732421875,29151.958984375,0,0.4873259309870061,0,-0.01764989082843693,0.012674069012993894,HOLD,True,3
2023-08-02,29151.958984375,29178.6796875,1,0.5425830023551554,1,0.0009166006009861949,0.04258300235515544,HOLD,True,3
2023-08-03,29178.6796875,29074.091796875,0,0.5044127759580421,1,-0.0035843942133476636,0.0044127759580421255,HOLD,False,3
2023-08-04,29074.091796875,29042.126953125,0,0.5480676711965373,1,-0.0010994270766331304,0.04806767119653732,HOLD,False,3
2023-08-05,29042.126953125,29041.85546875,0,0.551093456877295,1,-9.347950838400898e-06,0.05109345687729505,BUY,False,3
2023-08-06,29041.85546875,29180.578125,1,0.530030602322634,1,0.004776645775930843,0.030030602322633992,HOLD,True,3
2023-08-07,29180.578125,29765.4921875,1,0.5000768694023456,1,0.020044635853149417,7.686940234563622e-05,HOLD,True,3
2023-08-08,29765.4921875,29561.494140625,0,0.5437307322804837,1,-0.006853508270246889,0.04373073228048374,HOLD,False,3
2023-08-09,29561.494140625,29429.591796875,0,0.5201376006470043,1,-0.004461964714047806,0.020137600647004317,HOLD,False,3
2023-08-10,29429.591796875,29397.71484375,0,0.5563421978333626,1,-0.001083159880198692,0.056342197833362584,BUY,False,3
2023-08-11,29397.71484375,29415.96484375,1,0.536149671684809,1,0.0006207965516027425,0.03614967168480898,HOLD,True,3
2023-08-12,29415.96484375,29282.9140625,0,0.5550202296397002,1,-0.004523080645381872,0.05502022963970021,BUY,False,3
2023-08-13,29282.9140625,29408.443359375,1,0.5520891806661591,1,0.004286776125049352,0.052089180666159085,BUY,True,3
2023-08-14,29408.443359375,29170.34765625,0,0.5350368080652573,1,-0.008096168172366025,0.03503680806525733,HOLD,False,3
2023-08-15,29170.34765625,28701.779296875,0,0.5101264115857772,1,-0.016063173634291772,0.010126411585777206,HOLD,False,3
2023-08-16,28701.779296875,26664.55078125,0,0.5407065299227156,1,-0.07097917151940503,0.04070652992271562,HOLD,False,3
2023-08-17,26664.55078125,26049.556640625,0,0.4538162093556752,0,-0.02306411031148714,0.04618379064432482,HOLD,True,3
2023-08-18,26049.556640625,26096.205078125,1,0.5051581810601317,1,0.0017907574452629138,0.005158181060131661,HOLD,True,3
2023-08-19,26096.205078125,26189.583984375,1,0.4650216226842819,0,0.00357825614760654,0.03497837731571812,HOLD,False,3
2023-08-20,26189.583984375,26124.140625,0,0.4617654546527494,0,-0.002498831574187843,0.038234545347250626,HOLD,True,3
2023-08-21,26124.140625,26031.65625,0,0.5104258817406494,1,-0.0035401882238949023,0.010425881740649401,HOLD,False,3
2023-08-22,26031.65625,26431.640625,1,0.4362821911448005,0,0.015365306423789304,0.06371780885519951,SELL,False,3
2023-08-23,26431.640625,26162.373046875,0,0.41288085303256605,0,-0.01018731988472621,0.08711914696743395,SELL,True,3
2023-08-24,26162.373046875,26047.66796875,0,0.4702648578792336,0,-0.004384352975912553,0.02973514212076639,HOLD,True,3
2023-08-25,26047.66796875,26008.462890625,0,0.4588106030192971,0,-0.0015051281432193475,0.0411893969807029,HOLD,True,3
2023-08-26,26008.462890625,26089.693359375,1,0.5364413848891568,1,0.0031232321991347956,0.036441384889156825,HOLD,True,3
2023-08-27,26089.693359375,26106.150390625,1,0.4684164780266363,0,0.0006307866874213364,0.031583521973363726,HOLD,False,3
2023-08-28,26106.150390625,27727.392578125,1,0.44933579542031254,0,0.062101924766441385,0.050664204579687455,SELL,False,3
2023-08-29,27727.392578125,27297.265625,0,0.4703706411891767,0,-0.015512708305083889,0.029629358810823292,HOLD,True,3
2023-08-30,27297.265625,25931.47265625,0,0.46257661802800065,0,-0.0500340578984273,0.03742338197199935,HOLD,True,3
2023-08-31,25931.47265625,25800.724609375,0,0.5014549203302531,1,-0.005042060225742162,0.0014549203302530733,HOLD,False,3
2023-09-01,25800.724609375,25868.798828125,1,0.4543682234260388,0,0.0026384615075991658,0.045631776573961225,HOLD,False,3
2023-09-02,25868.798828125,25969.56640625,1,0.4326637979883257,0,0.0038953327054152,0.06733620201167428,SELL,False,3
2023-09-03,25969.56640625,25812.416015625,0,0.45394827402979643,0,-0.006051329012069284,0.04605172597020357,HOLD,True,3
2023-09-04,25812.416015625,25779.982421875,0,0.4855942818461556,0,-0.0012565113521479931,0.014405718153844393,HOLD,True,3
2023-09-05,25779.982421875,25753.236328125,0,0.506022196789886,1,-0.0010374752516241204,0.006022196789886025,HOLD,False,3
2023-09-06,25753.236328125,26240.1953125,1,0.4746717233233609,0,0.018908652030005024,0.025328276676639117,HOLD,False,3
2023-09-07,26240.1953125,25905.654296875,0,0.44224249953092815,0,-0.012749181613965876,0.057757500469071854,SELL,True,3
2023-09-08,25905.654296875,25895.677734375,0,0.47465781952953195,0,-0.0003851113886439439,0.025342180470468045,HOLD,True,3
2023-09-09,25895.677734375,25832.2265625,0,0.5186599109671166,1,-0.0024502611024840304,0.01865991096711661,HOLD,False,3
2023-09-10,25832.2265625,25162.654296875,0,0.49994991721264465,0,-0.02592003689674205,5.008278735535443e-05,HOLD,True,3
2023-09-11,25162.654296875,25833.34375,1,0.5388637263645346,1,0.026654161568650414,0.03886372636453461,HOLD,True,3
2023-09-12,25833.34375,26228.32421875,1,0.44632935643698685,0,0.01528956036711282,0.053670643563013154,SELL,False,3
2023-09-13,26228.32421875,26539.673828125,1,0.41929298087098726,0,0.011870739692642074,0.08070701912901274,SELL,False,3
2023-09-14,26539.673828125,26608.693359375,1,0.46904044635952585,0,0.0026006171627044328,0.030959553640474147,HOLD,False,3
2023-09-15,26608.693359375,26568.28125,0,0.4364606773697773,0,-0.001518755875352329,0.06353932263022272,SELL,True,3
2023-09-16,26568.28125,26534.1875,0,0.5077681169157161,1,-0.0012832501161511578,0.007768116915716106,HOLD,False,3
2023-09-17,26534.1875,26754.28125,1,0.5007872001611605,1,0.008294723552398242,0.0007872001611605173,HOLD,True,3
2023-09-18,26754.28125,27211.1171875,1,0.4855303219043277,0,0.017075246134672373,0.01446967809567229,HOLD,False,3
2023-09-19,27211.1171875,27132.0078125,0,0.506277868540339,1,-0.00290724465500225,0.00627786854033896,HOLD,False,3
2023-09-20,27132.0078125,26567.6328125,0,0.5152814259012996,1,-0.02080107760178318,0.01528142590129955,HOLD,False,3
2023-09-21,26567.6328125,26579.568359375,1,0.4887710765319044,0,0.0004492514240630463,0.01122892346809562,HOLD,False,3
2023-09-22,26579.568359375,26579.390625,0,0.4939296147713166,0,-6.686879658768241e-06,0.006070385228683417,HOLD,True,3
2023-09-23,26579.390625,26256.826171875,0,0.52547625236311,1,-0.01213588594546644,0.02547625236311002,HOLD,False,3
2023-09-24,26256.826171875,26298.48046875,1,0.514118345860584,1,0.0015864178176880905,0.014118345860584025,HOLD,True,3
2023-09-25,26298.48046875,26217.25,0,0.47938364851637383,0,-0.0030887894396227633,0.020616351483626172,HOLD,True,3
2023-09-26,26217.25,26352.716796875,1,0.4923381598152446,0,0.005167086436411061,0.0076618401847554085,HOLD,False,3
2023-09-27,26352.716796875,27021.546875,1,0.464505394188886,0,0.02537992888096885,0.03549460581111402,HOLD,False,3
2023-09-28,27021.546875,26911.720703125,0,0.46188639596751213,0,-0.004064392478456136,0.03811360403248787,HOLD,True,3
2023-09-29,26911.720703125,26967.916015625,1,0.5150980754371068,1,0.0020881352448591795,0.01509807543710684,HOLD,True,3
2023-09-30,26967.916015625,27983.75,1,0.49899886769201324,0,0.037668241913332734,0.001001132307986763,HOLD,False,3
2023-10-01,27983.75,27530.78515625,0,0.5181234392019007,1,-0.016186709920936293,0.018123439201900737,HOLD,False,3
2023-10-02,27530.78515625,27429.978515625,0,0.5892534378704304,1,-0.003661597010505724,0.08925343787043039,BUY,False,3
2023-10-03,27429.978515625,27799.39453125,1,0.5481787886607274,1,0.013467601347721292,0.048178788660727445,HOLD,True,3
2023-10-04,27799.39453125,27415.912109375,0,0.509117810772355,1,-0.01379463216164356,0.009117810772354962,HOLD,False,3
2023-10-05,27415.912109375,27946.59765625,1,0.5690630388055148,1,0.01935684447622399,0.06906303880551479,BUY,True,3
2023-10-06,27946.59765625,27968.83984375,1,0.5348731962333457,1,0.0007958817661306572,0.03487319623334573,HOLD,True,3
2023-10-07,27968.83984375,27935.08984375,0,0.5701164437547854,1,-0.001206700034343422,0.07011644375478543,BUY,False,3
2023-10-08,27935.08984375,27583.677734375,0,0.5677425955407482,1,-0.012579594744121514,0.06774259554074824,BUY,False,3
2023-10-09,27583.677734375,27391.01953125,0,0.5351476683561789,1,-0.006984500217130485,0.035147668356178885,HOLD,False,3
2023-10-10,27391.01953125,26873.3203125,0,0.5505734285710464,1,-0.018900326735168282,0.05057342857104641,BUY,False,3
2023-10-11,26873.3203125,26756.798828125,0,0.5357031277172581,1,-0.0043359541366684295,0.03570312771725814,HOLD,False,3
2023-10-12,26756.798828125,26862.375,1,0.5147874795146291,1,0.003945769916393171,0.01478747951462911,HOLD,True,3
2023-10-13,26862.375,26861.70703125,0,0.48135829101086414,0,-2.4866332556272575e-05,0.018641708989135863,HOLD,True,3
2023-10-14,26861.70703125,27159.65234375,1,0.5316009254265165,1,0.011091823470242623,0.03160092542651649,HOLD,True,3
2023-10-15,27159.65234375,28519.466796875,1,0.4500943151882021,0,0.05006744695824206,0.04990568481179791,HOLD,False,3
2023-10-16,28519.466796875,28415.748046875,0,0.557946422796903,1,-0.0036367703063566736,0.057946422796902985,BUY,False,3
2023-10-17,28415.748046875,28328.341796875,0,0.5652563173333562,1,-0.0030759792019486865,0.06525631733335624,BUY,False,3
2023-10-18,28328.341796875,28719.806640625,1,0.5770996714849898,1,0.013818840741083749,0.07709967148498975,BUY,True,3
2023-10-19,28719.806640625,29682.94921875,1,0.5131234020627697,1,0.033535830870205396,0.01312340206276974,HOLD,True,3
2023-10-20,29682.94921875,29918.412109375,1,0.5624448451199408,1,0.007932597562652743,0.06244484511994075,BUY,True,3
2023-10-21,29918.412109375,29993.896484375,1,0.5712879164846072,1,0.002523007395046406,0.0712879164846072,BUY,True,3
2023-10-22,29993.896484375,33086.234375,1,0.5506734462387529,1,0.10309890521346299,0.05067344623875292,BUY,True,3
2023-10-23,33086.234375,33901.52734375,1,0.4907192433499165,0,0.02464145540134477,0.009280756650083488,HOLD,False,3
2023-10-24,33901.52734375,34502.8203125,1,0.5424529114564519,1,0.017736456610143003,0.042452911456451914,HOLD,True,3
2023-10-25,34502.8203125,34156.6484375,0,0.543151549983519,1,-0.010033147199696724,0.043151549983519,HOLD,False,3
2023-10-26,34156.6484375,33909.80078125,0,0.5911173813967648,1,-0.007226928505637331,0.09111738139676484,BUY,False,3
2023-10-27,33909.80078125,34089.57421875,1,0.5826590827232506,1,0.005301518539129857,0.08265908272325062,BUY,True,3
2023-10-28,34089.57421875,34538.48046875,1,0.5631347123671301,1,0.013168432293093613,0.06313471236713009,BUY,True,3
2023-10-29,34538.48046875,34502.36328125,0,0.5359819390951855,1,-0.0010457086417764438,0.035981939095185544,HOLD,False,3
2023-10-30,34502.36328125,34667.78125,1,0.5538695042449945,1,0.004794395311462418,0.05386950424499448,BUY,True,3
2023-10-31,34667.78125,35437.25390625,1,0.5285795346513438,1,0.022195613001625203,0.028579534651343774,HOLD,True,3
2023-11-01,35437.25390625,34938.2421875,0,0.5432320665794028,1,-0.014081557224217889,0.04323206657940282,HOLD,False,3
2023-11-02,34938.2421875,34732.32421875,0,0.561395378705847,1,-0.005893770145759425,0.06139537870584699,BUY,False,3
2023-11-03,34732.32421875,35082.1953125,1,0.5441525860294931,1,0.010073356782761111,0.044152586029493124,HOLD,True,3
2023-11-04,35082.1953125,35049.35546875,0,0.5649457761960716,1,-0.0009360829177728069,0.06494577619607156,BUY,False,3
2023-11-05,35049.35546875,35037.37109375,0,0.554744659939373,1,-0.0003419285416157436,0.05474465993937305,BUY,False,4
2023-11-06,35037.37109375,35443.5625,1,0.5317908873701103,1,0.011593090279608864,0.031790887370110266,HOLD,True,4
2023-11-07,35443.5625,35655.27734375,1,0.5050979987886285,1,0.005973294692089626,0.005097998788628488,HOLD,True,4
2023-11-08,35655.27734375,36693.125,1,0.5165337604101945,1,0.029107827327892632,0.016533760410194498,HOLD,True,4
2023-11-09,36693.125,37313.96875,1,0.513503074163788,1,0.01691989303173269,0.013503074163788042,HOLD,True,4
2023-11-10,37313.96875,37138.05078125,0,0.49059288605042023,0,-0.0047145338500075296,0.00940711394957977,HOLD,True,4
2023-11-11,37138.05078125,37054.51953125,0,0.5438243582862606,1,-0.002249209321512735,0.043824358286260634,HOLD,False,4
2023-11-12,37054.51953125,36502.35546875,0,0.5388711295851862,1,-0.014901395821212304,0.03887112958518624,HOLD,False,4
2023-11-13,36502.35546875,35537.640625,0,0.5375945836278251,1,-0.026428838121854925,0.037594583627825084,HOLD,False,4
2023-11-14,35537.640625,37880.58203125,1,0.6389959594143123,1,0.06592844558740318,0.1389959594143123,BUY,True,4
2023-11-15,37880.58203125,36154.76953125,0,0.5045595772920696,1,-0.04555929205565723,0.004559577292069572,HOLD,False,4
2023-11-16,36154.76953125,36596.68359375,1,0.596535109902264,1,0.012222842746045792,0.096535109902264,BUY,True,4
2023-11-17,36596.68359375,36585.703125,0,0.5014637749376851,1,-0.000300039994658885,0.001463774937685125,HOLD,False,4
2023-11-18,36585.703125,37386.546875,1,0.5086066254017455,1,0.021889527372586093,0.008606625401745505,HOLD,True,4
2023-11-19,37386.546875,37476.95703125,1,0.487052980574851,0,0.0024182537251242753,0.012947019425148976,HOLD,False,4
2023-11-20,37476.95703125,35813.8125,0,0.5136839712293655,1,-0.04437779006078835,0.013683971229365488,HOLD,False,4
2023-11-21,35813.8125,37432.33984375,1,0.5860862677006103,1,0.045192824521265385,0.08608626770061034,BUY,True,4
2023-11-22,37432.33984375,37289.62109375,0,0.4594047176738785,0,-0.003812712499291715,0.040595282326121473,HOLD,True,4
2023-11-23,37289.62109375,37720.28125,1,0.5170210375585637,1,0.011549062275727495,0.017021037558563656,HOLD,True,4
2023-11-24,37720.28125,37796.79296875,1,0.5046880637964256,1,0.0020283973558654633,0.004688063796425612,HOLD,True,4
2023-11-25,37796.79296875,37479.12109375,0,0.5222941283908415,1,-0.008404730932136117,0.02229412839084155,HOLD,False,4
2023-11-26,37479.12109375,37254.16796875,0,0.530761720079628,1,-0.006002091789647501,0.030761720079627963,HOLD,False,4
2023-11-27,37254.16796875,37831.0859375,1,0.5318447981082548,1,0.01548599794884531,0.0318447981082548,HOLD,True,4
2023-11-28,37831.0859375,37858.4921875,1,0.4881584144606353,0,0.0007244373065387055,0.011841585539364707,HOLD,False,4
2023-11-29,37858.4921875,37712.74609375,0,0.5152071181816155,1,-0.0038497596002547985,0.015207118181615464,HOLD,False,4
2023-11-30,37712.74609375,38688.75,1,0.5168165474312357,1,0.025879947957747618,0.01681654743123573,HOLD,True,4
2023-12-01,38688.75,39476.33203125,1,0.4479626379604352,0,0.020356874575942596,0.05203736203956483,SELL,False,4
2023-12-02,39476.33203125,39978.390625,1,0.4757696381327211,0,0.012717964611113297,0.024230361867278893,HOLD,False,4
2023-12-03,39978.390625,41980.09765625,1,0.4958512208067371,0,0.05006972516793251,0.004148779193262897,HOLD,False,4
2023-12-04,41980.09765625,44080.6484375,1,0.4955706551218082,0,0.05003682455553493,0.004429344878191799,HOLD,False,4
2023-12-05,44080.6484375,43746.4453125,0,0.538966711869291,1,-0.007581629055975703,0.038966711869291015,HOLD,False,4
2023-12-06,43746.4453125,43292.6640625,0,0.5567705728346862,1,-0.010372985662227885,0.05677057283468623,BUY,False,4
2023-12-07,43292.6640625,44166.6015625,1,0.5539413076592696,1,0.02018673414826888,0.05394130765926963,BUY,True,4
2023-12-08,44166.6015625,43725.984375,0,0.5342761947642651,1,-0.009976252913108663,0.03427619476426513,HOLD,False,4
2023-12-09,43725.984375,43779.69921875,1,0.540631601986467,1,0.0012284421841561866,0.04063160198646698,HOLD,True,4
2023-12-10,43779.69921875,41243.83203125,0,0.5405219603683973,1,-0.05792335792051162,0.04052196036839728,HOLD,False,4
2023-12-11,41243.83203125,41450.22265625,1,0.5387948835511197,1,0.005004157345118276,0.03879488355111971,HOLD,True,4
2023-12-12,41450.22265625,42890.7421875,1,0.49535290280904737,0,0.03475299863154757,0.0046470971909526315,HOLD,False,4
2023-12-13,42890.7421875,43023.97265625,1,0.5001299476475979,1,0.0031062756659134827,0.00012994764759788335,HOLD,True,4
2023-12-14,43023.97265625,41929.7578125,0,0.5222208862536443,1,-0.025432678020983368,0.022220886253644268,HOLD,False,4
2023-12-15,41929.7578125,42240.1171875,1,0.6077842384768779,1,0.007401888090740938,0.1077842384768779,BUY,True,4
2023-12-16,42240.1171875,41364.6640625,0,0.48250081556151436,0,-0.02072563201266564,0.017499184438485638,HOLD,True,4
2023-12-17,41364.6640625,42623.5390625,1,0.5314079146759781,1,0.030433584522719714,0.031407914675978144,HOLD,True,4
2023-12-18,42623.5390625,42270.52734375,0,0.4937477304698976,0,-0.008282083715112631,0.006252269530102383,HOLD,True,4
2023-12-19,42270.52734375,43652.25,1,0.5143007526446779,1,0.032687613405284255,0.014300752644677894,HOLD,True,4
2023-12-20,43652.25,43869.15234375,1,0.48082074404405795,0,0.0049688697318006625,0.019179255955942054,HOLD,False,4
2023-12-21,43869.15234375,43997.90234375,1,0.49800146273671536,0,0.002934864092908329,0.0019985372632846388,HOLD,False,4
2023-12-22,43997.90234375,43739.54296875,0,0.5009956080866312,1,-0.005872083923035065,0.000995608086631239,HOLD,False,4
2023-12-23,43739.54296875,43016.1171875,0,0.5220094114543967,1,-0.01653939964043194,0.02200941145439672,HOLD,False,4
2023-12-24,43016.1171875,43613.140625,1,0.5298818549078698,1,0.013879063861056418,0.029881854907869765,HOLD,True,4
2023-12-25,43613.140625,42520.40234375,0,0.46531171228930124,0,-0.025055253200995553,0.03468828771069876,HOLD,True,4
2023-12-26,42520.40234375,43442.85546875,1,0.583104533252666,1,0.021694364920222586,0.08310453325266598,BUY,True,4
2023-12-27,43442.85546875,42627.85546875,0,0.4547613977031811,0,-0.01876027694786908,0.04523860229681892,HOLD,True,4
2023-12-28,42627.85546875,42099.40234375,0,0.5201437435537182,1,-0.012396896798793966,0.020143743553718174,HOLD,False,4
2023-12-29,42099.40234375,42156.90234375,1,0.4991605558444242,0,0.0013658151137276864,0.000839444155575797,HOLD,False,4
2023-12-30,42156.90234375,42265.1875,1,0.4622349863124302,0,0.002568622223877659,0.03776501368756979,HOLD,False,4
2023-12-31,42265.1875,44167.33203125,1,0.46270713760253773,0,0.0450049945064126,0.03729286239746227,HOLD,False,4
2024-01-01,44167.33203125,44957.96875,1,0.4518703020183966,0,0.017900939051301412,0.04812969798160338,HOLD,False,4
2024-01-02,44957.96875,42848.17578125,0,0.4701388128207364,0,-0.04692812036242189,0.029861187179263615,HOLD,True,4
2024-01-03,42848.17578125,44179.921875,1,0.5309172858692197,1,0.03108057856532498,0.030917285869219713,HOLD,True,4
2024-01-04,44179.921875,44162.69140625,0,0.4626457528734699,0,-0.0003900067727314882,0.03735424712653013,HOLD,True,4
2024-01-05,44162.69140625,43989.1953125,0,0.4804008019152197,0,-0.003928567037593367,0.019599198084780278,HOLD,True,4
2024-01-06,43989.1953125,43943.09765625,0,0.4929703305539802,0,-0.0010479313368322307,0.007029669446019793,HOLD,True,4
2024-01-07,43943.09765625,46970.50390625,1,0.4864794841613795,0,0.06889378335779228,0.013520515838620517,HOLD,False,4
2024-01-08,46970.50390625,46139.73046875,0,0.5083081291291709,1,-0.017687130611972357,0.008308129129170894,HOLD,False,4
2024-01-09,46139.73046875,46627.77734375,1,0.5594285931432602,1,0.010577584004972662,0.05942859314326021,BUY,True,4
2024-01-10,46627.77734375,46368.5859375,0,0.5457556096496711,1,-0.005558733892443213,0.04575560964967107,HOLD,False,4
2024-01-11,46368.5859375,42853.16796875,0,0.5552603124254243,1,-0.07581464687080208,0.055260312425424285,BUY,False,4
2024-01-12,42853.16796875,42842.3828125,0,0.5185686054714829,1,-0.0002516769882185965,0.01856860547148287,HOLD,False,4
2024-01-13,42842.3828125,41796.26953125,0,0.48593971828964555,0,-0.0244177193838242,0.01406028171035445,HOLD,True,4
2024-01-14,41796.26953125,42511.96875,1,0.5916106713731772,1,0.01712351907901466,0.09161067137317724,BUY,True,4
2024-01-15,42511.96875,43154.9453125,1,0.4399845372870205,0,0.015124600939588229,0.06001546271297947,SELL,False,4
2024-01-16,43154.9453125,42742.65234375,0,0.41488613814656955,0,-0.009553782672285682,0.08511386185343045,SELL,True,4
2024-01-17,42742.65234375,41262.05859375,0,0.44332362504585215,0,-0.034639725632667706,0.056676374954147846,SELL,True,4
2024-01-18,41262.05859375,41618.40625,1,0.6036240345354271,1,0.00863620644230223,0.10362403453542712,BUY,True,4
2024-01-19,41618.40625,41665.5859375,1,0.46581727313065346,0,0.0011336255217606617,0.034182726869346536,HOLD,False,4
2024-01-20,41665.5859375,41545.78515625,0,0.5047890473887766,1,-0.0028752933279206916,0.004789047388776613,HOLD,False,4
2024-01-21,41545.78515625,39507.3671875,0,0.4945644338837556,0,-0.049064374667218136,0.005435566116244406,HOLD,True,4
2024-01-22,39507.3671875,39845.55078125,1,0.5746886996001886,1,0.008560013431039293,0.07468869960018865,BUY,True,4
2024-01-23,39845.55078125,40077.07421875,1,0.4797500091046991,0,0.005810521700930993,0.020249990895300884,HOLD,False,4
2024-01-24,40077.07421875,39933.80859375,0,0.4811937517089138,0,-0.0035747525934159974,0.01880624829108618,HOLD,True,4
2024-01-25,39933.80859375,41816.87109375,1,0.5135583218467304,1,0.04715459322091098,0.013558321846730448,HOLD,True,4
2024-01-26,41816.87109375,42120.0546875,1,0.45377987048882035,0,0.007250269707417489,0.04622012951117965,HOLD,False,4
2024-01-27,42120.0546875,42035.59375,0,0.4489412331351081,0,-0.002005242826170095,0.051058766864891914,SELL,True,4
2024-01-28,42035.59375,43288.24609375,1,0.4630822984236808,0,0.029799801358818767,0.036917701576319184,HOLD,False,4
2024-01-29,43288.24609375,42952.609375,0,0.4499394050424668,0,-0.007753530092744043,0.05006059495753318,SELL,True,4
2024-01-30,42952.609375,42582.60546875,0,0.4624439322119151,0,-0.00861423582021903,0.0375560677880849,HOLD,True,4
2024-01-31,42582.60546875,43075.7734375,1,0.46094553847084485,0,0.011581441842771323,0.03905446152915515,HOLD,False,4
2024-02-01,43075.7734375,43185.859375,1,0.43545640335296376,0,0.0025556346111748063,0.06454359664703624,SELL,False,4
2024-02-02,43185.859375,42992.25,0,0.43990524969947037,0,-0.0044831659668692625,0.06009475030052963,SELL,True,4
2024-02-03,42992.25,42583.58203125,0,0.4715846319115243,0,-0.009505619472114146,0.028415368088475723,HOLD,True,4
2024-02-04,42583.58203125,42658.66796875,1,0.4638152047575708,0,0.0017632602500394778,0.03618479524242918,HOLD,False,4
2024-02-05,42658.66796875,43084.671875,1,0.46200537750953025,0,0.009986338686479135,0.037994622490469754,HOLD,False,4
2024-02-06,43084.671875,44318.22265625,1,0.4394096806241784,0,0.028630850081180936,0.0605903193758216,SELL,False,4
2024-02-07,44318.22265625,45301.56640625,1,0.4531298184308556,0,0.022188248784866804,0.04687018156914441,HOLD,False,4
2024-02-08,45301.56640625,47147.19921875,1,0.4580498559917741,0,0.040741037427910465,0.04195014400822589,HOLD,False,4
2024-02-09,47147.19921875,47771.27734375,1,0.5033295454843523,1,0.013236801662479536,0.00332954548435227,HOLD,True,4
2024-02-10,47771.27734375,48293.91796875,1,0.5270599839522982,1,0.010940478338881565,0.02705998395229825,HOLD,True,4
2024-02-11,48293.91796875,49958.22265625,1,0.5280786248380753,1,0.034461993507690414,0.028078624838075328,HOLD,True,4
2024-02-12,49958.22265625,49742.44140625,0,0.529247004723476,1,-0.004319233922406296,0.029247004723475967,HOLD,False,4
2024-02-13,49742.44140625,51826.6953125,1,0.5718777178681492,1,0.041900916949929146,0.07187771786814923,BUY,True,4
2024-02-14,51826.6953125,51938.5546875,1,0.5121730798969706,1,0.0021583350882306007,0.012173079896970584,HOLD,True,4
2024-02-15,51938.5546875,52160.203125,1,0.5750930214267121,1,0.004267512618200353,0.07509302142671215,BUY,True,4
2024-02-16,52160.203125,51662.99609375,0,0.5443895799810847,1,-0.009532306269177337,0.044389579981084726,HOLD,False,4
2024-02-17,51662.99609375,52122.546875,1,0.5731637757138257,1,0.008895163192163213,0.07316377571382571,BUY,True,4
2024-02-18,52122.546875,51779.14453125,0,0.5297773202627502,1,-0.006588364620277343,0.02977732026275015,HOLD,False,4
2024-02-19,51779.14453125,52284.875,1,0.5472788716551304,1,0.009767068832988945,0.04727887165513045,HOLD,True,4
2024-02-20,52284.875,51839.1796875,0,0.5330429408482207,1,-0.008524364120598982,0.03304294084822068,HOLD,False,4
2024-02-21,51839.1796875,51304.97265625,0,0.5669011167313284,1,-0.010305082651198116,0.06690111673132837,BUY,False,4
2024-02-22,51304.97265625,50731.94921875,0,0.5569340647241848,1,-0.011168964874795462,0.05693406472418483,BUY,False,4
2024-02-23,50731.94921875,51571.1015625,1,0.5315808290274304,1,0.016540904827679226,0.031580829027430424,HOLD,True,4
2024-02-24,51571.1015625,51733.23828125,1,0.5017312417765857,1,0.003143945229742817,0.0017312417765856791,HOLD,True,4
2024-02-25,51733.23828125,54522.40234375,1,0.5148262090257476,1,0.053914352844811164,0.014826209025747605,HOLD,True,4
2024-02-26,54522.40234375,57085.37109375,1,0.5169819131977369,1,0.04700762695380023,0.016981913197736898,HOLD,True,4
2024-02-27,57085.37109375,62504.7890625,1,0.5110298377249325,1,0.09493531994124749,0.01102983772493249,HOLD,True,4
2024-02-28,62504.7890625,61198.3828125,0,0.4964936496530109,0,-0.020900898468654838,0.0035063503469890955,HOLD,True,4
2024-02-29,61198.3828125,62440.6328125,1,0.5782533967326172,1,0.020298739001094468,0.07825339673261722,BUY,True,4
2024-03-01,62440.6328125,62029.84765625,0,0.5233558451228081,1,-0.006578811548619723,0.023355845122808083,HOLD,False,4
2024-03-02,62029.84765625,63167.37109375,1,0.5169317311602989,1,0.01833832389535761,0.01693173116029889,HOLD,True,4
2024-03-03,63167.37109375,68330.4140625,1,0.5113224069580643,1,0.08173591649219114,0.011322406958064302,HOLD,True,4
2024-03-04,68330.4140625,63801.19921875,0,0.5292076578787882,1,-0.06628402455760396,0.029207657878788207,HOLD,False,4
2024-03-05,63801.19921875,66106.8046875,1,0.4413494741392083,0,0.03613733749494208,0.058650525860791725,SELL,False,4
2024-03-06,66106.8046875,66925.484375,1,0.48933607068310303,0,0.012384196927533564,0.01066392931689697,HOLD,False,4
2024-03-07,66925.484375,68300.09375,1,0.5371926461919122,1,0.020539401213709896,0.037192646191912204,HOLD,True,4
2024-03-08,68300.09375,68498.8828125,1,0.536729448644169,1,0.0029105240064184468,0.03672944864416905,HOLD,True,4
2024-03-09,68498.8828125,69019.7890625,1,0.5488856533874334,1,0.007604594828588107,0.04888565338743345,HOLD,True,4
2024-03-10,69019.7890625,72123.90625,1,0.518057985485764,1,0.04497430707429584,0.018057985485763983,HOLD,True,4
2024-03-11,72123.90625,71481.2890625,0,0.5097266860651892,1,-0.008909905479502545,0.009726686065189227,HOLD,False,4
2024-03-12,71481.2890625,73083.5,1,0.5383351511269537,1,0.022414410239567806,0.03833515112695374,HOLD,True,4
2024-03-13,73083.5,71396.59375,0,0.4963443475333835,0,-0.0230819028918976,0.003655652466616477,HOLD,True,4
2024-03-14,71396.59375,69403.7734375,0,0.548278191775407,1,-0.027911980219644583,0.04827819177540704,HOLD,False,4
2024-03-15,69403.7734375,65315.1171875,0,0.6248781907169226,1,-0.05891115205258901,0.12487819071692263,BUY,False,4
2024-03-16,65315.1171875,68390.625,1,0.597073976987857,1,0.04708722796395115,0.09707397698785702,BUY,True,4
2024-03-17,68390.625,67548.59375,0,0.5250825210365078,1,-0.0123120859035869,0.025082521036507766,HOLD,False,4
2024-03-18,67548.59375,61912.7734375,0,0.5299916641792092,1,-0.08343356981432348,0.029991664179209176,HOLD,False,4
2024-03-19,61912.7734375,67913.671875,1,0.6067088883642657,1,0.09692504638897836,0.10670888836426573,BUY,True,4
2024-03-20,67913.671875,65491.390625,0,0.4692552048986074,0,-0.03566706353999505,0.030744795101392608,HOLD,True,4
2024-03-21,65491.390625,63778.76171875,0,0.6412767359300037,1,-0.02615044343853401,0.14127673593000367,BUY,False,4
2024-03-22,63778.76171875,64062.203125,1,0.6375042675667946,1,0.004444134671348854,0.13750426756679457,BUY,True,4
2024-03-23,64062.203125,67234.171875,1,0.48827042725203096,0,0.04951388799118828,0.011729572747969041,HOLD,False,4
2024-03-24,67234.171875,69958.8125,1,0.4711640269175546,0,0.04052464020923141,0.0288359730824454,HOLD,False,4
2024-03-25,69958.8125,69987.8359375,1,0.5261787581603353,1,0.00041486463910467286,0.026178758160335325,HOLD,True,4
2024-03-26,69987.8359375,69455.34375,0,0.5724121383137345,1,-0.007608353371227561,0.0724121383137345,BUY,False,4
2024-03-27,69455.34375,70744.953125,1,0.5497507798133396,1,0.018567460837021654,0.04975077981333964,HOLD,True,4
2024-03-28,70744.953125,69892.828125,0,0.5394203352669262,1,-0.01204502883045766,0.03942033526692623,HOLD,False,4
2024-03-29,69892.828125,69645.3046875,0,0.5497399197171879,1,-0.0035414711944022903,0.04973991971718794,HOLD,False,4
2024-03-30,69645.3046875,71333.6484375,1,0.513607272863649,1,0.02424203264779501,0.013607272863649045,HOLD,True,4
2024-03-31,71333.6484375,69702.1484375,0,0.5137164640074215,1,-0.022871394296192005,0.013716464007421547,HOLD,False,4
2024-04-01,69702.1484375,65446.97265625,0,0.5178927609382542,1,-0.061047985989492126,0.017892760938254204,HOLD,False,4
2024-04-02,65446.97265625,65980.8125,1,0.5679357314085076,1,0.008156830210526378,0.06793573140850762,BUY,True,4
2024-04-03,65980.8125,68508.84375,1,0.4760351860137526,0,0.038314642609167615,0.02396481398624739,HOLD,False,4
2024-04-04,68508.84375,67837.640625,0,0.4852926777896508,0,-0.009797320875087778,0.014707322210349205,HOLD,True,4
2024-04-05,67837.640625,68896.109375,1,0.5026623783917094,1,0.015602971156545964,0.0026623783917093524,HOLD,True,4
2024-04-06,68896.109375,69362.5546875,1,0.47191921395747033,0,0.006770270726916605,0.02808078604252967,HOLD,False,4
2024-04-07,69362.5546875,71631.359375,1,0.49254243711676904,0,0.03270935878474601,0.0074575628832309615,HOLD,False,4
2024-04-08,71631.359375,69139.015625,0,0.5259956101949097,1,-0.03479403115822832,0.025995610194909702,HOLD,False,4
2024-04-09,69139.015625,70587.8828125,1,0.6120392918506263,1,0.0209558550176423,0.11203929185062633,BUY,True,4
2024-04-10,70587.8828125,70060.609375,0,0.5007898485465403,1,-0.007469744331340511,0.0007898485465402949,HOLD,False,4
2024-04-11,70060.609375,67195.8671875,0,0.5132984734954755,1,-0.04088948430588779,0.013298473495475527,HOLD,False,4
2024-04-12,67195.8671875,63821.47265625,0,0.5871805579888965,1,-0.05021729270691988,0.08718055798889646,BUY,False,4
2024-04-13,63821.47265625,65738.7265625,1,0.5095800084690562,1,0.03004089104268326,0.009580008469056156,HOLD,True,4
2024-04-14,65738.7265625,63426.2109375,0,0.45679240392913406,0,-0.03517737178558533,0.04320759607086594,HOLD,True,4
2024-04-15,63426.2109375,63811.86328125,1,0.5760968240490607,1,0.006080330797783695,0.07609682404906071,BUY,True,4
2024-04-16,63811.86328125,61276.69140625,0,0.4763125683108056,0,-0.03972884891052719,0.023687431689194405,HOLD,True,4
2024-04-17,61276.69140625,63512.75390625,1,0.6041249806683378,1,0.03649124077498622,0.10412498066833775,BUY,True,4
2024-04-18,63512.75390625,63843.5703125,1,0.47775838087915956,0,0.005208661031110617,0.02224161912084044,HOLD,False,4
2024-04-19,63843.5703125,64994.44140625,1,0.4853709651401108,0,0.018026421268684478,0.0146290348598892,HOLD,False,4
2024-04-20,64994.44140625,64926.64453125,0,0.46585789516895837,0,-0.0010431180502996629,0.03414210483104163,HOLD,True,4
2024-04-21,64926.64453125,66837.6796875,1,0.4772679152485234,0,0.029433758205850147,0.02273208475147659,HOLD,False,4
2024-04-22,66837.6796875,66407.2734375,0,0.45060274153996527,0,-0.006439574982440521,0.04939725846003473,HOLD,True,4
2024-04-23,66407.2734375,64276.8984375,0,0.4801953116167968,0,-0.03208044676017341,0.019804688383203206,HOLD,True,4
2024-04-24,64276.8984375,64481.70703125,1,0.5858224281862667,1,0.0031863484195515657,0.08582242818626673,BUY,True,4
2024-04-25,64481.70703125,63755.3203125,0,0.46193638069478404,0,-0.011265004482557628,0.03806361930521596,HOLD,True,4
2024-04-26,63755.3203125,63419.140625,0,0.49241036306725183,0,-0.005272966802647994,0.007589636932748167,HOLD,True,4
2024-04-27,63419.140625,63113.23046875,0,0.4849220129031308,0,-0.004823625063903991,0.015077987096869194,HOLD,True,4
2024-04-28,63113.23046875,63841.12109375,1,0.49572847857882085,0,0.011533090916022948,0.0042715214211791475,HOLD,False,4
2024-04-29,63841.12109375,60636.85546875,0,0.434028547644329,0,-0.050191249309274655,0.06597145235567098,SELL,True,4
2024-04-30,60636.85546875,58254.01171875,0,0.5703602681331418,1,-0.03929695449375714,0.07036026813314178,BUY,False,4
2024-05-01,58254.01171875,59123.43359375,1,0.5425276800040794,1,0.014924669552331737,0.04252768000407936,HOLD,True,4
2024-05-02,59123.43359375,62889.8359375,1,0.4736241598849623,0,0.06370405294167747,0.026375840115037685,HOLD,False,4
2024-05-03,62889.8359375,63891.47265625,1,0.46773512863489874,0,0.015926845790239064,0.032264871365101255,HOLD,False,4
2024-05-04,63891.47265625,64031.1328125,1,0.42048551037732074,0,0.002185896653241981,0.07951448962267926,SELL,False,4
2024-05-05,64031.1328125,63161.94921875,0,0.44294472711712934,0,-0.013574390387488533,0.057055272882870656,SELL,True,4
2024-05-06,63161.94921875,62334.81640625,0,0.47380256765478646,0,-0.01309542885757653,0.026197432345213545,HOLD,True,4
2024-05-07,62334.81640625,61187.94140625,0,0.466294228519255,0,-0.018398626419713127,0.033705771480744995,HOLD,True,4
2024-05-08,61187.94140625,63049.9609375,1,0.4763116350366974,0,0.03043115176709965,0.02368836496330262,HOLD,False,4
2024-05-09,63049.9609375,60792.77734375,0,0.44682363406719994,0,-0.035799920573900024,0.05317636593280006,SELL,True,4
2024-05-10,60792.77734375,60793.7109375,1,0.5906598909584814,1,1.5356984674586016e-05,0.09065989095848137,BUY,True,4
2024-05-11,60793.7109375,61448.39453125,1,0.5029428044895604,1,0.010768936188532141,0.0029428044895604133,HOLD,True,4
2024-05-12,61448.39453125,62901.44921875,1,0.44722509172960645,0,0.023646747788683697,0.05277490827039355,SELL,False,4
2024-05-13,62901.44921875,61552.7890625,0,0.4378523691154443,0,-0.02144084393922019,0.062147630884555716,SELL,True,4
2024-05-14,61552.7890625,66267.4921875,1,0.48119750266017947,0,0.07659609250545496,0.018802497339820534,HOLD,False,4
2024-05-15,66267.4921875,65231.58203125,0,0.49417724051633266,0,-0.01563225228621834,0.005822759483667339,HOLD,True,4
2024-05-16,65231.58203125,67051.875,1,0.46708271625565073,0,0.02790508695432159,0.03291728374434927,HOLD,False,4
2024-05-17,67051.875,66940.8046875,0,0.4842517271322684,0,-0.0016564833198177142,0.015748272867731616,HOLD,True,4
2024-05-18,66940.8046875,66278.3671875,0,0.4782939415217719,0,-0.009895869986810912,0.021706058478228096,HOLD,True,4
2024-05-19,66278.3671875,71448.1953125,1,0.49533878253995206,0,0.07800174241430358,0.0046612174600479395,HOLD,False,4
2024-05-20,71448.1953125,70136.53125,0,0.4765018841061816,0,-0.018358253231772315,0.023498115893818394,HOLD,True,4
2024-05-21,70136.53125,69122.3359375,0,0.5532335488073645,1,-0.01446030042296964,0.05323354880736453,BUY,False,4
2024-05-22,69122.3359375,67929.5625,0,0.5118486773931904,1,-0.017255976976508713,0.011848677393190399,HOLD,False,4
2024-05-23,67929.5625,68526.1015625,1,0.5106855878180384,1,0.008781729788116976,0.010685587818038411,HOLD,True,4
2024-05-24,68526.1015625,69265.9453125,1,0.4923376669979829,0,0.010796524727518797,0.007662333002017074,HOLD,False,4
2024-05-25,69265.9453125,68518.09375,0,0.47330053222200386,0,-0.010796814497022966,0.026699467777996144,HOLD,True,4
2024-05-26,68518.09375,69394.5546875,1,0.5040103976053344,1,0.012791671360530277,0.004010397605334393,HOLD,True,4
2024-05-27,69394.5546875,68296.21875,0,0.48502427295987954,0,-0.015827408107827234,0.014975727040120457,HOLD,True,4
2024-05-28,68296.21875,67578.09375,0,0.5070981575199772,1,-0.01051485738366742,0.007098157519977222,HOLD,False,4
2024-05-29,67578.09375,68364.9921875,1,0.4840323675445661,0,0.011644282841286824,0.015967632455433922,HOLD,False,4
2024-05-30,68364.9921875,67491.4140625,0,0.47032970428402404,0,-0.012778150001159894,0.02967029571597596,HOLD,True,4
2024-05-31,67491.4140625,67706.9375,1,0.48685687410335615,0,0.0031933460054698326,0.013143125896643848,HOLD,False,4
2024-06-01,67706.9375,67751.6015625,1,0.48688813784494395,0,0.0006596674454519835,0.013111862155056053,HOLD,False,4
2024-06-02,67751.6015625,68804.78125,1,0.4777767213002922,0,0.015544720172089965,0.022223278699707805,HOLD,False,4
2024-06-03,68804.78125,70567.765625,1,0.4376302346158916,0,0.025622992224831664,0.06236976538410838,SELL,False,4
2024-06-04,70567.765625,71082.8203125,1,0.4454729422251566,0,0.007298724608017615,0.0545270577748434,SELL,False,4
2024-06-05,71082.8203125,70757.1640625,0,0.4837180034784085,0,-0.004581363662391591,0.016281996521591513,HOLD,True,4
2024-06-06,70757.1640625,69342.5859375,0,0.5040300433114426,1,-0.01999201273457618,0.004030043311442633,HOLD,False,4
2024-06-07,69342.5859375,69305.7734375,0,0.5144331665729436,1,-0.0005308786729295578,0.014433166572943579,HOLD,False,4
2024-06-08,69305.7734375,69647.9921875,1,0.4903087812450738,0,0.00493781012787653,0.009691218754926179,HOLD,False,4
2024-06-09,69647.9921875,69512.28125,0,0.47854686821064557,0,-0.0019485261992140401,0.02145313178935443,HOLD,True,4
2024-06-10,69512.28125,67332.03125,0,0.4812350820719838,0,-0.03136496113771259,0.01876491792801621,HOLD,True,4
2024-06-11,67332.03125,68241.1875,1,0.5491495440980427,1,0.013502581655740586,0.04914954409804273,HOLD,True,4
2024-06-12,68241.1875,66756.3984375,0,0.4397890389368221,0,-0.021757960505889518,0.060210961063177915,SELL,True,4
2024-06-13,66756.3984375,66011.09375,0,0.49509392665032254,0,-0.011164543099157487,0.0049060733496774644,HOLD,True,4
2024-06-14,66011.09375,66191.0,1,0.4667611216556412,0,0.0027253941690672523,0.03323887834435879,HOLD,False,4
2024-06-15,66191.0,66639.046875,1,0.49639277134044346,0,0.006768999939568809,0.0036072286595565384,HOLD,False,4
2024-06-16,66639.046875,66490.296875,0,0.4565049665496421,0,-0.0022321747830370553,0.04349503345035788,HOLD,True,4
2024-06-17,66490.296875,65140.74609375,0,0.46830230776899934,0,-0.02029695827328193,0.03169769223100066,HOLD,True,4
2024-06-18,65140.74609375,64960.296875,0,0.4979201346276503,0,-0.0027701435671353414,0.0020798653723497207,HOLD,True,4
2024-06-19,64960.296875,64828.65625,0,0.5238613531036119,1,-0.00202647819256907,0.023861353103611926,HOLD,False,4
2024-06-20,64828.65625,64096.19921875,0,0.5267442051427211,1,-0.011298352821403679,0.026744205142721134,HOLD,False,4
2024-06-21,64096.19921875,64252.578125,1,0.5150835514406774,1,0.0024397531859308152,0.015083551440677412,HOLD,True,4
2024-06-22,64252.578125,63180.796875,0,0.5459140975834281,1,-0.01668075089399379,0.045914097583428126,HOLD,False,4
2024-06-23,63180.796875,60277.4140625,0,0.525300893442708,1,-0.04595356431233677,0.025300893442708028,HOLD,False,4
2024-06-24,60277.4140625,61804.640625,1,0.5310742904067423,1,0.025336630415439876,0.031074290406742255,HOLD,True,4
2024-06-25,61804.640625,60811.27734375,0,0.4506555570746618,0,-0.016072632592061153,0.04934444292533818,HOLD,True,4
2024-06-26,60811.27734375,61604.80078125,1,0.5137883386133347,1,0.013048951973404943,0.013788338613334727,HOLD,True,4
2024-06-27,61604.80078125,60320.13671875,0,0.47780937684591435,0,-0.020853310881755127,0.022190623154085654,HOLD,True,4
2024-06-28,60320.13671875,60887.37890625,1,0.5205935690763389,1,0.009403861104374522,0.020593569076338913,HOLD,True,4
2024-06-29,60887.37890625,62678.29296875,1,0.49726225483274505,0,0.029413551620566913,0.0027377451672549458,HOLD,False,4
2024-06-30,62678.29296875,62851.98046875,1,0.44016204235543827,0,0.002771094932125795,0.059837957644561734,SELL,False,4
2024-07-01,62851.98046875,62029.015625,0,0.4677765526573422,0,-0.013093697885290578,0.03222344734265781,HOLD,True,4
2024-07-02,62029.015625,60173.921875,0,0.49051131798748526,0,-0.02990687070088416,0.009488682012514738,HOLD,True,4
2024-07-03,60173.921875,56977.703125,0,0.5861477148531811,1,-0.05311634426354228,0.08614771485318107,BUY,False,4
2024-07-04,56977.703125,56662.375,0,0.49351793354815193,0,-0.005534237213954074,0.0064820664518480675,HOLD,True,4
2024-07-05,56662.375,58303.5390625,1,0.4826296803565486,0,0.02896391234041995,0.017370319643451426,HOLD,False,4
2024-07-06,58303.5390625,55849.109375,0,0.4810814780417983,0,-0.042097439142912196,0.018918521958201706,HOLD,True,4
2024-07-07,55849.109375,56705.09765625,1,0.5726140038243951,1,0.015326802715911692,0.07261400382439509,BUY,True,4
2024-07-08,56705.09765625,58009.2265625,1,0.48351898148307676,0,0.02299844211812685,0.01648101851692324,HOLD,False,4
2024-07-09,58009.2265625,57742.49609375,0,0.4505677997440082,0,-0.004598069730556098,0.04943220025599182,HOLD,True,4
2024-07-10,57742.49609375,57344.9140625,0,0.4955683566924012,0,-0.006885432015347748,0.00443164330759882,HOLD,True,4
2024-07-11,57344.9140625,57899.46484375,1,0.48919802097259224,0,0.009670444019596935,0.01080197902740776,HOLD,False,4
2024-07-12,57899.46484375,59231.953125,1,0.4537605792200542,0,0.023013827240820017,0.046239420779945806,HOLD,False,4
2024-07-13,59231.953125,60787.79296875,1,0.4454607114441624,0,0.026266900915231206,0.05453928855583762,SELL,False,4
2024-07-14,60787.79296875,64870.15234375,1,0.44202021497663746,0,0.06715755212726138,0.05797978502336254,SELL,False,4
2024-07-15,64870.15234375,65097.1484375,1,0.48571480201097567,0,0.003499237870556282,0.014285197989024334,HOLD,False,4
2024-07-16,65097.1484375,64118.79296875,0,0.48819303967693867,0,-0.01502916014346345,0.011806960323061333,HOLD,True,4
2024-07-17,64118.79296875,63974.06640625,0,0.4989694572157603,0,-0.0022571629283560934,0.0010305427842396964,HOLD,True,4
2024-07-18,63974.06640625,66710.15625,1,0.491778619745718,0,0.042768734230136385,0.008221380254281985,HOLD,False,4
2024-07-19,66710.15625,67163.6484375,1,0.4867010806632198,0,0.0067979482134701286,0.01329891933678018,HOLD,False,4
2024-07-20,67163.6484375,68154.5234375,1,0.5093928845998772,1,0.014753144342986024,0.009392884599877194,HOLD,True,4
2024-07-21,68154.5234375,67585.25,0,0.4922960365284045,0,-0.00835268752223095,0.007703963471595521,HOLD,True,4
2024-07-22,67585.25,65927.671875,0,0.4953262439756618,0,-0.02452573786440093,0.004673756024338227,HOLD,True,4
2024-07-23,65927.671875,65372.1328125,0,0.5580320577959859,1,-0.008426492953570563,0.05803205779598586,BUY,False,4
2024-07-24,65372.1328125,65777.2265625,1,0.47569615195453974,0,0.00619673448871394,0.024303848045460263,HOLD,False,4
2024-07-25,65777.2265625,67912.0625,1,0.4546768846396372,0,0.032455548053117234,0.04532311536036282,HOLD,False,4
2024-07-26,67912.0625,67813.3359375,0,0.4623417315067885,0,-0.0014537411892032726,0.03765826849321152,HOLD,True,4
2024-07-27,67813.3359375,68255.8671875,1,0.5267520129377972,1,0.006525726007755361,0.026752012937797165,HOLD,True,4
2024-07-28,68255.8671875,66819.9140625,0,0.5084334918012272,1,-0.021037797689324123,0.008433491801227211,HOLD,False,4
2024-07-29,66819.9140625,66201.015625,0,0.5180972320917692,1,-0.009262185475442442,0.018097232091769166,HOLD,False,4
2024-07-30,66201.015625,64619.25,0,0.4501104321759177,0,-0.023893373992326827,0.049889567824082326,HOLD,True,4
2024-07-31,64619.25,65357.5,1,0.5561218593296274,1,0.011424614182306447,0.05612185932962743,BUY,True,4
2024-08-01,65357.5,61415.06640625,0,0.4533988993107729,0,-0.06032105869640059,0.046601100689227126,HOLD,True,4
2024-08-02,61415.06640625,60680.09375,0,0.5436248413738018,1,-0.011967302150066583,0.04362484137380185,HOLD,False,4
2024-08-03,60680.09375,58116.9765625,0,0.4730762151850297,0,-0.04223983565450573,0.02692378481497032,HOLD,True,4
2024-08-04,58116.9765625,53991.45703125,0,0.6048772293972867,1,-0.07098647891315102,0.10487722939728672,BUY,False,4
2024-08-05,53991.45703125,56034.31640625,1,0.5522323253222896,1,0.03783671505322772,0.05223232532228961,BUY,True,4
2024-08-06,56034.31640625,55027.4609375,0,0.4696026360736902,0,-0.017968550940289485,0.030397363926309817,HOLD,True,4
2024-08-07,55027.4609375,61710.13671875,1,0.5032438128712965,1,0.12144256099404904,0.003243812871296492,HOLD,True,4
2024-08-08,61710.13671875,60880.11328125,0,0.4595012834847039,0,-0.013450358103773374,0.040498716515296074,HOLD,True,4
2024-08-09,60880.11328125,60945.8125,1,0.4350694653865103,0,0.001079157301276501,0.06493053461348969,SELL,False,4
2024-08-10,60945.8125,58719.484375,0,0.4351301577763863,0,-0.036529632368097475,0.0648698422236137,SELL,True,4
2024-08-11,58719.484375,59354.515625,1,0.5687485068925715,1,0.010814659848586317,0.0687485068925715,BUY,True,4
2024-08-12,59354.515625,60609.56640625,1,0.4897632405702229,0,0.021144992390795814,0.010236759429777087,HOLD,False,4
2024-08-13,60609.56640625,58737.26953125,0,0.4502481179858624,0,-0.0308911115194338,0.049751882014137605,HOLD,True,4
2024-08-14,58737.26953125,57560.09765625,0,0.5878085643607803,1,-0.020041310813293967,0.08780856436078033,BUY,False,4
2024-08-15,57560.09765625,58894.10546875,1,0.5070752529638398,1,0.023175912946963972,0.007075252963839818,HOLD,True,4
2024-08-16,58894.10546875,59478.97265625,1,0.4502728068616217,0,0.00993082725079053,0.04972719313837831,HOLD,False,4
2024-08-17,59478.97265625,58483.96484375,0,0.4811495351836077,0,-0.016728732324455264,0.0188504648163923,HOLD,True,4
2024-08-18,58483.96484375,59493.453125,1,0.49767126513927396,0,0.01726094125025579,0.002328734860726045,HOLD,False,4
2024-08-19,59493.453125,59012.79296875,0,0.4445066263928798,0,-0.008079210921579816,0.0554933736071202,SELL,True,4
2024-08-20,59012.79296875,61175.19140625,1,0.4866303836231887,0,0.03664287570061453,0.013369616376811277,HOLD,False,4
2024-08-21,61175.19140625,60381.9140625,0,0.45727816849909736,0,-0.012967304646127387,0.04272183150090264,HOLD,True,4
2024-08-22,60381.9140625,64094.35546875,1,0.4588987254116527,0,0.061482671821355916,0.04110127458834728,HOLD,False,4
2024-08-23,64094.35546875,64178.9921875,1,0.4757554028039447,0,0.0013205019089592707,0.024244597196055317,HOLD,False,4
2024-08-24,64178.9921875,64333.54296875,1,0.505282316843696,1,0.0024081210374646833,0.0052823168436959556,HOLD,True,4
2024-08-25,64333.54296875,62880.66015625,0,0.5028864639428358,1,-0.022583597070127692,0.0028864639428357597,HOLD,False,4
2024-08-26,62880.66015625,59504.1328125,0,0.4954253447613608,0,-0.05369739018896724,0.0045746552386392025,HOLD,True,4
2024-08-27,59504.1328125,59027.625,0,0.49788305616733963,0,-0.00800797843742207,0.0021169438326603673,HOLD,True,4
2024-08-28,59027.625,59388.1796875,1,0.4903731198790021,0,0.006108236397788236,0.009626880120997883,HOLD,False,4
2024-08-29,59388.1796875,59119.4765625,0,0.47453290251622027,0,-0.004524521990973862,0.025467097483779733,HOLD,True,4
2024-08-30,59119.4765625,58969.8984375,0,0.47192948153378483,0,-0.002530098940268344,0.028070518466215166,HOLD,True,4
2024-08-31,58969.8984375,57325.48828125,0,0.4931361906839958,0,-0.027885585694078285,0.006863809316004221,HOLD,True,4
2024-09-01,57325.48828125,59112.48046875,1,0.5866430917756289,1,0.031172733823612075,0.0866430917756289,BUY,True,4
2024-09-02,59112.48046875,57431.0234375,0,0.436117114449692,0,-0.02844504270361159,0.06388288555030802,SELL,True,4
2024-09-03,57431.0234375,57971.5390625,1,0.5322645405527093,1,0.00941156177702851,0.03226454055270933,HOLD,True,4
2024-09-04,57971.5390625,56160.48828125,0,0.4692643502422329,0,-0.031240343288065575,0.030735649757767103,HOLD,True,4
2024-09-05,56160.48828125,53948.75390625,0,0.5788022994327232,1,-0.03938239218868078,0.07880229943272321,BUY,False,4
2024-09-06,53948.75390625,54139.6875,1,0.5779374979686961,1,0.003539165966313096,0.07793749796869609,BUY,True,4
2024-09-07,54139.6875,54841.56640625,1,0.49218452105562904,0,0.012964221602682846,0.007815478944370957,HOLD,False,4
2024-09-08,54841.56640625,57019.53515625,1,0.47488157797561314,0,0.039713831911113884,0.025118422024386855,HOLD,False,4
2024-09-09,57019.53515625,57648.7109375,1,0.44365350548430266,0,0.011034389872275785,0.05634649451569734,SELL,False,4
2024-09-10,57648.7109375,57343.171875,0,0.4540937190236109,0,-0.005300015516934153,0.0459062809763891,HOLD,True,4
2024-09-11,57343.171875,58127.01171875,1,0.4416792939201772,0,0.013669279499548104,0.058320706079822815,SELL,False,4
2024-09-12,58127.01171875,60571.30078125,1,0.4525793833621332,0,0.04205082955798245,0.047420616637866786,HOLD,False,4
2024-09-13,60571.30078125,60005.12109375,0,0.4873864847388417,0,-0.00934732588201681,0.012613515261158281,HOLD,True,4
2024-09-14,60005.12109375,59182.8359375,0,0.4935947818224159,0,-0.013703582981947293,0.006405218177584104,HOLD,True,4
2024-09-15,59182.8359375,58192.5078125,0,0.4623781437504602,0,-0.016733367188517922,0.03762185624953979,HOLD,True,4
2024-09-16,58192.5078125,60308.5390625,1,0.4550335483703689,0,0.0363626062794542,0.04496645162963109,HOLD,False,4
2024-09-17,60308.5390625,61649.6796875,1,0.47442165102951495,0,0.02223798894564699,0.025578348970485054,HOLD,False,4
2024-09-18,61649.6796875,62940.45703125,1,0.4773732167977129,0,0.020937291974474137,0.022626783202287115,HOLD,False,4
2024-09-19,62940.45703125,63192.9765625,1,0.48295880303021316,0,0.004012038411551844,0.017041196969786843,HOLD,False,4
2024-09-20,63192.9765625,63394.83984375,1,0.49841356326955205,0,0.003194394254405042,0.0015864367304479488,HOLD,False,4
2024-09-21,63394.83984375,63648.7109375,1,0.5099730913848475,1,0.004004601863112578,0.009973091384847477,HOLD,True,4
2024-09-22,63648.7109375,63329.80078125,0,0.47824674493915664,0,-0.005010473135318549,0.021753255060843357,HOLD,True,4
2024-09-23,63329.80078125,64301.96875,1,0.49352816972959396,0,0.01535087678718594,0.006471830270406043,HOLD,False,4
2024-09-24,64301.96875,63143.14453125,0,0.47060212099098037,0,-0.018021597802944433,0.029397879009019634,HOLD,True,4
2024-09-25,63143.14453125,65181.01953125,1,0.47130875819994855,0,0.032273891570151925,0.028691241800051448,HOLD,False,4
2024-09-26,65181.01953125,65790.6640625,1,0.484501458650787,0,0.00935309904070647,0.015498541349213024,HOLD,False,4
2024-09-27,65790.6640625,65887.6484375,1,0.4981171950029103,0,0.0014741358273548943,0.0018828049970897043,HOLD,False,4
2024-09-28,65887.6484375,65635.3046875,0,0.5463676557698159,1,-0.003829909793174213,0.04636765576981594,HOLD,False,4
2024-09-29,65635.3046875,63329.5,0,0.5327653551329558,1,-0.035130555094979754,0.032765355132955754,HOLD,False,4
2024-09-30,63329.5,60837.0078125,0,0.5677642155887697,1,-0.039357521968434894,0.06776421558876966,BUY,False,4
2024-10-01,60837.0078125,60632.78515625,0,0.5924195284111479,1,-0.0033568819965540397,0.09241952841114787,BUY,False,4
2024-10-02,60632.78515625,60759.40234375,1,0.48524283796513845,0,0.0020882627636797935,0.014757162034861548,HOLD,False,4
2024-10-03,60759.40234375,62067.4765625,1,0.47414776841621714,0,0.021528753876634443,0.02585223158378286,HOLD,False,4
2024-10-04,62067.4765625,62089.94921875,1,0.4252001662241045,0,0.0003620681473552878,0.0747998337758955,SELL,False,4
2024-10-05,62089.94921875,62818.953125,1,0.4734888095635759,0,0.011741093613744757,0.02651119043642408,HOLD,False,4
2024-10-06,62818.953125,62236.66015625,0,0.451857783570596,0,-0.009269383518558882,0.04814221642940397,HOLD,True,4
2024-10-07,62236.66015625,62131.96875,0,0.47713469526318997,0,-0.001682150134457161,0.022865304736810033,HOLD,True,4
2024-10-08,62131.96875,60582.1015625,0,0.4718410021150175,0,-0.024944762232405493,0.028158997884982495,HOLD,True,4
2024-10-09,60582.1015625,60274.5,0,0.5297962223855346,1,-0.005077433013489285,0.029796222385534588,HOLD,False,4
2024-10-10,60274.5,62445.08984375,1,0.48245054971188106,0,0.036011743668549645,0.01754945028811894,HOLD,False,4
2024-10-11,62445.08984375,63193.0234375,1,0.4444073561741367,0,0.011977460447594401,0.05559264382586332,SELL,False,4
2024-10-12,63193.0234375,62851.375,0,0.46703395990676416,0,-0.005406426515387475,0.03296604009323584,HOLD,True,4
2024-10-13,62851.375,66046.125,1,0.4650500956992919,0,0.050830232433260125,0.0349499043007081,HOLD,False,4
2024-10-14,66046.125,67041.109375,1,0.4999540245256128,0,0.015064992457922477,4.59754743872276e-05,HOLD,False,4
2024-10-15,67041.109375,67612.71875,1,0.508829904490705,1,0.008526251733136592,0.008829904490704976,HOLD,True,4
2024-10-16,67612.71875,67399.8359375,0,0.5277195950551263,1,-0.0031485616380424464,0.027719595055126334,HOLD,False,4
2024-10-17,67399.8359375,68418.7890625,1,0.5343621838232924,1,0.015118035686984221,0.03436218382329237,HOLD,True,4
2024-10-18,68418.7890625,68362.734375,0,0.4770556996730703,0,-0.0008192879217548965,0.02294430032692968,HOLD,True,4
2024-10-19,68362.734375,69001.703125,1,0.5427865874321847,1,0.009346740674458287,0.042786587432184664,HOLD,True,4
2024-10-20,69001.703125,67367.8515625,0,0.5115494937117454,1,-0.023678423698328066,0.011549493711745407,HOLD,False,4
2024-10-21,67367.8515625,67361.40625,0,0.5248862199748187,1,-9.567341618454961e-05,0.024886219974818657,HOLD,False,4
2024-10-22,67361.40625,66432.1953125,0,0.4910147452931242,0,-0.01379441121005398,0.008985254706875778,HOLD,True,4
2024-10-23,66432.1953125,68161.0546875,1,0.4895877355774508,0,0.02602442034118191,0.010412264422549222,HOLD,False,4
2024-10-24,68161.0546875,66642.4140625,0,0.4781963095610894,0,-0.022280180844656217,0.021803690438910617,HOLD,True,4
2024-10-25,66642.4140625,67014.6953125,1,0.508057672992649,1,0.00558625096700216,0.008057672992649034,HOLD,True,4
2024-10-26,67014.6953125,67929.296875,1,0.46727186090921274,0,0.01364777618155344,0.032728139090787256,HOLD,False,4
2024-10-27,67929.296875,69907.7578125,1,0.4693986070132411,0,0.029125296867722028,0.030601392986758902,HOLD,False,4
2024-10-28,69907.7578125,72720.4921875,1,0.4888916556378913,0,0.04023493905417541,0.011108344362108724,HOLD,False,4
2024-10-29,72720.4921875,72339.5390625,0,0.4811933525115889,0,-0.005238593875544262,0.0188066474884111,HOLD,True,4
2024-10-30,72339.5390625,70215.1875,0,0.521659749620529,1,-0.029366396164960396,0.021659749620528967,HOLD,False,4
2024-10-31,70215.1875,69482.46875,0,0.6200280331420245,1,-0.010435331387529279,0.12002803314202448,BUY,False,4
2024-11-01,69482.46875,69289.2734375,0,0.5058757529454604,1,-0.0027804900426771084,0.0058757529454603885,HOLD,False,4
2024-11-02,69289.2734375,68741.1171875,0,0.4861604429790314,0,-0.00791112711687536,0.013839557020968618,HOLD,True,4
2024-11-03,68741.1171875,67811.5078125,0,0.4809075262486681,0,-0.013523338185854272,0.019092473751331884,HOLD,True,4
2024-11-04,67811.5078125,69359.5625,1,0.49548428245086407,0,0.02282879023690776,0.004515717549135934,HOLD,False,4
2024-11-05,69359.5625,75639.078125,1,0.4607832343798327,0,0.09053568676993895,0.03921676562016729,HOLD,False,4
2024-11-06,75639.078125,75904.859375,1,0.48954764507826204,0,0.003513808689745934,0.01045235492173796,HOLD,False,4
2024-11-07,75904.859375,76545.4765625,1,0.5405513408847034,1,0.008439738809541852,0.04055134088470336,HOLD,True,4
2024-11-08,76545.4765625,76778.8671875,1,0.5239637022748296,1,0.0030490452928257916,0.02396370227482958,HOLD,True,4
2024-11-09,76778.8671875,80474.1875,1,0.5162343199998845,1,0.048129393514959595,0.01623431999988445,HOLD,True,4
2024-11-10,80474.1875,88701.484375,1,0.5043465808998636,1,0.10223522760015435,0.004346580899863617,HOLD,True,4
2024-11-11,88701.484375,87955.8125,0,0.43417300461442226,0,-0.008406532091926988,0.06582699538557774,SELL,True,4
2024-11-12,87955.8125,90584.1640625,1,0.5507100917536022,1,0.029882636380625716,0.05071009175360219,BUY,True,4
2024-11-13,90584.1640625,87250.4296875,0,0.5327320328110042,1,-0.03680261786927608,0.03273203281100423,HOLD,False,4
2024-11-14,87250.4296875,91066.0078125,1,0.6719926445779253,1,0.04373133907381366,0.1719926445779253,BUY,True,4
2024-11-15,91066.0078125,90558.4765625,0,0.4844117625573563,0,-0.005573223886622736,0.015588237442643704,HOLD,True,4
2024-11-16,90558.4765625,89845.8515625,0,0.5674142934835888,1,-0.007869224693816235,0.06741429348358885,BUY,False,4
2024-11-17,89845.8515625,90542.640625,1,0.5603095294150445,1,0.007755383808848215,0.06030952941504453,BUY,True,4
2024-11-18,90542.640625,92343.7890625,1,0.5472683592198122,1,0.019892819836786257,0.047268359219812206,HOLD,True,4
2024-11-19,92343.7890625,94339.4921875,1,0.5296931534784741,1,0.02161166598491282,0.02969315347847412,HOLD,True,4
2024-11-20,94339.4921875,98504.7265625,1,0.519403798727412,1,0.044151545428309014,0.019403798727412047,HOLD,True,4
2024-11-21,98504.7265625,98997.6640625,1,0.4950045716180567,0,0.005004201495724558,0.004995428381943279,HOLD,False,4
2024-11-22,98997.6640625,97777.28125,0,0.5403861731969841,1,-0.012327389984975179,0.04038617319698412,HOLD,False,4
2024-11-23,97777.28125,98013.8203125,1,0.5503051540920592,1,0.002419161787646784,0.05030515409205916,BUY,True,4
2024-11-24,98013.8203125,93102.296875,0,0.5456094555478437,1,-0.05011051933125821,0.04560945554784368,HOLD,False,4
2024-11-25,93102.296875,91985.3203125,0,0.5946531792013487,1,-0.011997304040733403,0.09465317920134875,BUY,False,4
2024-11-26,91985.3203125,95962.53125,1,0.5368938155836331,1,0.04323745271515378,0.03689381558363314,HOLD,True,4
2024-11-27,95962.53125,95652.46875,0,0.48855665797888537,0,-0.0032310787967048116,0.011443342021114633,HOLD,True,4
2024-11-28,95652.46875,97461.5234375,1,0.5564282848918564,1,0.018912786163713058,0.05642828489185636,BUY,True,4
2024-11-29,97461.5234375,96449.0546875,0,0.5215304561430023,1,-0.010388394458550332,0.021530456143002308,HOLD,False,4
2024-11-30,96449.0546875,97279.7890625,1,0.5225792361998612,1,0.008613193542348574,0.02257923619986124,HOLD,True,4
2024-12-01,97279.7890625,95865.3046875,0,0.5361382838293746,1,-0.01454037255458307,0.03613828382937456,HOLD,False,4
2024-12-02,95865.3046875,96002.1640625,1,0.5262149930981743,1,0.0014276215513644441,0.026214993098174322,HOLD,True,4
2024-12-03,96002.1640625,98768.53125,1,0.5084941389948775,1,0.02881567529768403,0.008494138994877498,HOLD,True,4
2024-12-04,98768.53125,96593.5703125,0,0.48569681904822537,0,-0.022020788503929523,0.01430318095177463,HOLD,True,4
2024-12-05,96593.5703125,99920.7109375,1,0.5126724388346214,1,0.03444474217316973,0.012672438834621436,HOLD,True,4
2024-12-06,99920.7109375,99923.3359375,1,0.5369744695426225,1,2.627082989481444e-05,0.03697446954262251,HOLD,True,4
2024-12-07,99923.3359375,101236.015625,1,0.5452100855082089,1,0.013136868131795154,0.04521008550820893,HOLD,True,4
2024-12-08,101236.015625,97432.71875,0,0.5509096696226741,1,-0.03756861480096407,0.05090966962267407,BUY,False,4
2024-12-09,97432.71875,96675.4296875,0,0.5764887542933486,1,-0.007772430783165474,0.07648875429334856,BUY,False,4
2024-12-10,96675.4296875,101173.03125,1,0.5122046241725013,1,0.04652269534294651,0.012204624172501344,HOLD,True,4
2024-12-11,101173.03125,100043.0,0,0.5026102413018743,1,-0.011169293200355757,0.002610241301874261,HOLD,False,4
2024-12-12,100043.0,101459.2578125,1,0.5161903314610001,1,0.014156490833941326,0.01619033146100013,HOLD,True,4
2024-12-13,101459.2578125,101372.96875,0,0.49413144155994426,0,-0.0008504799301751742,0.005868558440055738,HOLD,True,4
2024-12-14,101372.96875,104298.6953125,1,0.5212862240304242,1,0.02886101293644905,0.02128622403042424,HOLD,True,4
2024-12-15,104298.6953125,106029.71875,1,0.5078882217029352,1,0.016596788984881483,0.007888221702935239,HOLD,True,4
2024-12-16,106029.71875,106140.6015625,1,0.5564768532709976,1,0.001045771070669721,0.05647685327099761,BUY,True,4
2024-12-17,106140.6015625,100041.5390625,0,0.5677621535158844,1,-0.057462106019896764,0.06776215351588444,BUY,False,4
2024-12-18,100041.5390625,97490.953125,0,0.5345222483397712,1,-0.025495268879325628,0.034522248339771244,HOLD,False,4
2024-12-19,97490.953125,97755.9296875,1,0.613763991293881,1,0.002717960528709318,0.11376399129388104,BUY,True,4
2024-12-20,97755.9296875,97224.7265625,0,0.4679621280761801,0,-0.005433973434635808,0.032037871923819905,HOLD,True,4
2024-12-21,97224.7265625,95104.9375,0,0.5142736085911334,1,-0.021802983021374844,0.014273608591133358,HOLD,False,4
2024-12-22,95104.9375,94686.2421875,0,0.5202034267128972,1,-0.004402456102765462,0.02020342671289721,HOLD,False,4
2024-12-23,94686.2421875,98676.09375,1,0.47937490316612735,0,0.04213760595334648,0.020625096833872647,HOLD,False,4
2024-12-24,98676.09375,99299.1953125,1,0.4544028944884022,0,0.0063146152104343045,0.04559710551159779,HOLD,False,4
2024-12-25,99299.1953125,95795.515625,0,0.47556101855488625,0,-0.03528406928650052,0.02443898144511375,HOLD,True,4
2024-12-26,95795.515625,94164.859375,0,0.5636747002389202,1,-0.017022260795415023,0.06367470023892019,BUY,False,4
2024-12-27,94164.859375,95163.9296875,1,0.47920451439264916,0,0.010609799867287384,0.02079548560735084,HOLD,False,4
2024-12-28,95163.9296875,93530.2265625,0,0.46079022642587364,0,-0.017167251608511402,0.03920977357412636,HOLD,True,4
2024-12-29,93530.2265625,92643.2109375,0,0.4673974179784875,0,-0.00948373223930199,0.032602582021512505,HOLD,True,4
2024-12-30,92643.2109375,93429.203125,1,0.4918485068469268,0,0.008484077565384274,0.008151493153073175,HOLD,False,4
2024-12-31,93429.203125,94419.7578125,1,0.4595526436111152,0,0.010602195613021781,0.0404473563888848,HOLD,False,4
2025-01-01,94419.7578125,96886.875,1,0.44000875334283707,0,0.026129247147606893,0.05999124665716293,SELL,False,4
2025-01-02,96886.875,98107.4296875,1,0.41583551812935055,0,0.012597729955682757,0.08416448187064945,SELL,False,4
2025-01-03,98107.4296875,98236.2265625,1,0.4350260465749535,0,0.0013128146911018934,0.06497395342504653,SELL,False,4
2025-01-04,98236.2265625,98314.9609375,1,0.44399914393707945,0,0.0008014800420892421,0.056000856062920545,SELL,False,4
2025-01-05,98314.9609375,102078.0859375,1,0.4566100262271136,0,0.03827621924594227,0.04338997377288639,HOLD,False,4
2025-01-06,102078.0859375,96922.703125,0,0.4739428067306292,0,-0.05050430525956884,0.026057193269370782,HOLD,True,4
2025-01-07,96922.703125,95043.5234375,0,0.5507721992369901,1,-0.019388436629511285,0.05077219923699006,BUY,False,4
2025-01-08,95043.5234375,92484.0390625,0,0.5028068960485543,1,-0.026929603222076492,0.0028068960485543304,HOLD,False,4
2025-01-09,92484.0390625,94701.453125,1,0.5657859582846722,1,0.023976181025154863,0.06578595828467215,BUY,True,4
2025-01-10,94701.453125,94566.59375,0,0.4225273912192773,0,-0.001424047578467369,0.07747260878072271,SELL,True,4
2025-01-11,94566.59375,94488.4375,0,0.4658904899166214,0,-0.0008264678561502592,0.03410951008337859,HOLD,True,4
2025-01-12,94488.4375,94516.5234375,1,0.46333447329780225,0,0.00029724205673309356,0.03666552670219775,HOLD,False,4
2025-01-13,94516.5234375,96534.046875,1,0.45839843853908957,0,0.021345722040169157,0.04160156146091043,HOLD,False,4
2025-01-14,96534.046875,100504.4921875,1,0.40631526744603796,0,0.041129999632577796,0.09368473255396204,SELL,False,4
2025-01-15,100504.4921875,99756.90625,0,0.4443765503682647,0,-0.0074383335632930425,0.05562344963173532,SELL,True,4
2025-01-16,99756.90625,104462.0390625,1,0.48801374163534034,0,0.04716598568833419,0.011986258364659663,HOLD,False,4
2025-01-17,104462.0390625,104408.0703125,0,0.5023919650758719,1,-0.000516635042589142,0.0023919650758719158,HOLD,False,4
2025-01-18,104408.0703125,101089.609375,0,0.520223440358986,1,-0.03178356737719257,0.020223440358986045,HOLD,False,4
2025-01-19,101089.609375,102016.6640625,1,0.6176953384343946,1,0.009170622908047932,0.11769533843439461,BUY,True,4
2025-01-20,102016.6640625,106146.265625,1,0.5208959513054335,1,0.040479676535688514,0.020895951305433536,HOLD,True,4
2025-01-21,106146.265625,103653.0703125,0,0.5065331428284952,1,-0.023488299826845638,0.006533142828495153,HOLD,False,4
2025-01-22,103653.0703125,103960.171875,1,0.5258779850207467,1,0.002962783076025932,0.025877985020746674,HOLD,True,4
2025-01-23,103960.171875,104819.484375,1,0.5156972414331381,1,0.008265785680243276,0.01569724143313811,HOLD,True,4
2025-01-24,104819.484375,104714.6484375,0,0.4886151768474098,0,-0.0010001569662844156,0.011384823152590207,HOLD,True,4
2025-01-25,104714.6484375,102682.5,0,0.5074073352122971,1,-0.019406534499448846,0.007407335212297084,HOLD,False,4
2025-01-26,102682.5,102087.6875,0,0.5009635774165225,1,-0.005792734886665207,0.0009635774165225319,HOLD,False,4
2025-01-27,102087.6875,101332.4765625,0,0.4945082115892739,0,-0.007397669160641884,0.005491788410726117,HOLD,True,4
2025-01-28,101332.4765625,103703.2109375,1,0.514289804446326,1,0.023395602825692086,0.014289804446325993,HOLD,True,4
2025-01-29,103703.2109375,104735.3046875,1,0.44042826484811876,0,0.009952379879751394,0.059571735151881244,SELL,False,4
2025-01-30,104735.3046875,102405.0234375,0,0.46866628100173735,0,-0.022249243050878498,0.03133371899826265,HOLD,True,4
2025-01-31,102405.0234375,100655.90625,0,0.48898702835559066,0,-0.017080384621634526,0.011012971644409342,HOLD,True,4
2025-02-01,100655.90625,97688.9765625,0,0.48773001662093163,0,-0.02947596219670423,0.012269983379068372,HOLD,True,4
2025-02-02,97688.9765625,101405.421875,1,0.6013641533455434,1,0.03804365081173988,0.10136415334554338,BUY,True,4
2025-02-03,101405.421875,97871.8203125,0,0.464898993219102,0,-0.034846278405663456,0.035101006780898,HOLD,True,4
2025-02-04,97871.8203125,96615.4453125,0,0.5486736204372471,1,-0.012836943218062724,0.0486736204372471,HOLD,False,4
2025-02-05,96615.4453125,96593.296875,0,0.48584411547909495,0,-0.00022924323774897726,0.014155884520905049,HOLD,True,4
2025-02-06,96593.296875,96529.0859375,0,0.46403235348268196,0,-0.0006647556256734743,0.03596764651731804,HOLD,True,4
2025-02-07,96529.0859375,96482.453125,0,0.47747140443191793,0,-0.00048309597099249757,0.022528595568082066,HOLD,True,4
2025-02-08,96482.453125,96500.09375,1,0.4852454245359044,0,0.00018283765004545316,0.014754575464095587,HOLD,False,4
2025-02-09,96500.09375,97437.5546875,1,0.4799550708235543,0,0.009714611676219231,0.02004492917644568,HOLD,False,4
2025-02-10,97437.5546875,95747.4296875,0,0.43850870887957627,0,-0.017345724709743937,0.06149129112042373,SELL,True,4
2025-02-11,95747.4296875,97885.859375,1,0.501070545054946,1,0.02233406885677658,0.0010705450549459705,HOLD,True,4
2025-02-12,97885.859375,96623.8671875,0,0.42239044499689976,0,-0.012892487184132717,0.07760955500310024,SELL,True,4
2025-02-13,96623.8671875,97508.96875,1,0.4637567925824112,0,0.009160278803397981,0.036243207417588796,HOLD,False,4
2025-02-14,97508.96875,97580.3515625,1,0.4371431503321378,0,0.0007320640697474623,0.0628568496678622,SELL,False,4
2025-02-15,97580.3515625,96175.03125,0,0.46235269745994867,0,-0.014401672980240199,0.03764730254005133,HOLD,True,4
2025-02-16,96175.03125,95773.3828125,0,0.4823789790840118,0,-0.004176223623530095,0.017621020915988217,HOLD,True,4
2025-02-17,95773.3828125,95539.546875,0,0.5228394378763894,1,-0.0024415545387781457,0.022839437876389423,HOLD,False,4
2025-02-18,95539.546875,96635.609375,1,0.5053630103093082,1,0.011472343504350446,0.0053630103093081916,HOLD,True,4
2025-02-19,96635.609375,98333.9375,1,0.45543984811712845,0,0.017574558032842136,0.044560151882871546,HOLD,False,4
2025-02-20,98333.9375,96125.546875,0,0.41142722337036264,0,-0.02245807176184722,0.08857277662963736,SELL,True,4
2025-02-21,96125.546875,96577.7578125,1,0.5002811509449415,1,0.0047043783073406065,0.0002811509449415217,HOLD,True,4
2025-02-22,96577.7578125,96273.921875,0,0.4734299122073069,0,-0.0031460239332733453,0.026570087792693098,HOLD,True,4
2025-02-23,96273.921875,91418.171875,0,0.46016061828595817,0,-0.05043681513571874,0.03983938171404183,HOLD,True,4
2025-02-24,91418.171875,88736.171875,0,0.5276377509016651,1,-0.029337712021491935,0.027637750901665092,HOLD,False,4
2025-02-25,88736.171875,84347.0234375,0,0.5685560350687747,1,-0.04946290046952739,0.06855603506877472,BUY,False,4
2025-02-26,84347.0234375,84704.2265625,1,0.5379316743271515,1,0.004234922709094535,0.0379316743271515,HOLD,True,4
2025-02-27,84704.2265625,84373.0078125,0,0.48985587364273775,0,-0.003910297790814532,0.010144126357262251,HOLD,True,4
2025-02-28,84373.0078125,86031.9140625,1,0.5103539440241603,1,0.019661575342751147,0.010353944024160344,HOLD,True,4
2025-03-01,86031.9140625,94248.3515625,1,0.4699989955380484,0,0.09550452979612856,0.030001004461951586,HOLD,False,4
2025-03-02,94248.3515625,86065.671875,0,0.4773958346263497,0,-0.08682040111941614,0.022604165373650287,HOLD,True,4
2025-03-03,86065.671875,87222.1953125,1,0.4922178745316447,0,0.013437685575495406,0.007782125468355328,HOLD,False,4
2025-03-04,87222.1953125,90623.5625,1,0.4756938117103623,0,0.03899657851208138,0.02430618828963771,HOLD,False,4
2025-03-05,90623.5625,89961.7265625,0,0.4506899523447425,0,-0.007303133084179958,0.04931004765525748,HOLD,True,4
2025-03-06,89961.7265625,86742.671875,0,0.49707818371004103,0,-0.0357824911826653,0.0029218162899589672,HOLD,True,4
2025-03-07,86742.671875,86154.59375,0,0.5573667066556478,1,-0.006779571257010009,0.0573667066556478,BUY,False,4
2025-03-08,86154.59375,80601.0390625,0,0.48235380052145244,0,-0.0644603432710168,0.017646199478547564,HOLD,True,4
2025-03-09,80601.0390625,78532.0,0,0.4965197690690124,0,-0.02567012890361897,0.0034802309309875934,HOLD,True,4
2025-03-10,78532.0,82862.2109375,1,0.5842556541820969,1,0.05513944554449135,0.0842556541820969,BUY,True,4
2025-03-11,82862.2109375,83722.359375,1,0.4835847662459764,0,0.010380466895202334,0.016415233754023595,HOLD,False,4
2025-03-12,83722.359375,81066.703125,0,0.4735187108114687,0,-0.0317197970748182,0.02648128918853132,HOLD,True,4
2025-03-13,81066.703125,83969.1015625,1,0.5889190576629275,1,0.03580259620308812,0.08891905766292751,BUY,True,4
2025-03-14,83969.1015625,84343.109375,1,0.44165948093681107,0,0.004454112352525463,0.058340519063188934,SELL,False,4
2025-03-15,84343.109375,82579.6875,0,0.4620394956990509,0,-0.020907717157540473,0.037960504300949105,HOLD,True,4
2025-03-16,82579.6875,84075.6875,1,0.5125708208640346,1,0.018115835083536647,0.012570820864034604,HOLD,True,4
2025-03-17,84075.6875,82718.5,0,0.442652378916452,0,-0.016142449028442418,0.05734762108354802,SELL,True,4
2025-03-18,82718.5,86854.2265625,1,0.4664741878234074,0,0.049997601050550955,0.03352581217659262,HOLD,False,4
2025-03-19,86854.2265625,84167.1953125,0,0.44763440713241615,0,-0.030937253791171848,0.052365592867583854,SELL,True,4
2025-03-20,84167.1953125,84043.2421875,0,0.5531249952730611,1,-0.0014727011460912154,0.05312499527306114,BUY,False,4
2025-03-21,84043.2421875,83832.484375,0,0.466918414242263,0,-0.0025077306278807887,0.03308158575773701,HOLD,True,4
2025-03-22,83832.484375,86054.375,1,0.47184753798323603,0,0.026503933905394295,0.02815246201676397,HOLD,False,4
2025-03-23,86054.375,87498.9140625,1,0.4428984266945355,0,0.016786352378946434,0.057101573305464504,SELL,False,4
2025-03-24,87498.9140625,87471.703125,0,0.4391794669984505,0,-0.0003109860024155253,0.06082053300154949,SELL,True,4
2025-03-25,87471.703125,86900.8828125,0,0.45538077406845806,0,-0.00652577110204744,0.04461922593154194,HOLD,True,4
2025-03-26,86900.8828125,87177.1015625,1,0.4667357475389856,0,0.003178549412391707,0.03326425246101439,HOLD,False,4
2025-03-27,87177.1015625,84353.1484375,0,0.4442495797687971,0,-0.032393289916566204,0.05575042023120291,SELL,True,4
2025-03-28,84353.1484375,82597.5859375,0,0.5268350233836249,1,-0.020812056603918605,0.026835023383624867,HOLD,False,4
2025-03-29,82597.5859375,82334.5234375,0,0.519154990679897,1,-0.0031848691098436133,0.01915499067989701,HOLD,False,4
2025-03-30,82334.5234375,82548.9140625,1,0.5000462579951449,1,0.0026038970780313253,4.625799514490492e-05,HOLD,True,4
2025-03-31,82548.9140625,85169.171875,1,0.47387449544739846,0,0.0317418810684309,0.02612550455260154,HOLD,False,4
2025-04-01,85169.171875,82485.7109375,0,0.4357293014457356,0,-0.031507420800550134,0.06427069855426443,SELL,True,4
2025-04-02,82485.7109375,83102.828125,1,0.5745035198702847,1,0.007481504135517403,0.0745035198702847,BUY,True,4
2025-04-03,83102.828125,83843.8046875,1,0.44074503735785875,0,0.008916382019940938,0.05925496264214125,SELL,False,4
2025-04-04,83843.8046875,83504.796875,0,0.4604828955740557,0,-0.004043325726492686,0.039517104425944305,HOLD,True,4
2025-04-05,83504.796875,78214.484375,0,0.4875542950044423,0,-0.06335339642726368,0.012445704995557694,HOLD,True,4
2025-04-06,78214.484375,79235.3359375,1,0.44843028761591514,0,0.013051950296130821,0.051569712384084865,SELL,False,4
2025-04-07,79235.3359375,76271.953125,0,0.4834319109409726,0,-0.03739976334343409,0.016568089059027402,HOLD,True,4
2025-04-08,76271.953125,82573.953125,1,0.5738744528896369,1,0.0826253916648998,0.0738744528896369,BUY,True,4
2025-04-09,82573.953125,79626.140625,0,0.49821978531612976,0,-0.0356990599146636,0.0017802146838702404,HOLD,True,4
2025-04-10,79626.140625,83404.8359375,1,0.5324853134803568,1,0.04745546227457886,0.03248531348035677,HOLD,True,5
2025-04-11,83404.8359375,85287.109375,1,0.4217511136659924,0,0.022567917271733462,0.07824888633400762,SELL,False,5
2025-04-12,85287.109375,83684.9765625,0,0.4428069372800553,0,-0.01878516957885823,0.057193062719944676,SELL,True,5
2025-04-13,83684.9765625,84542.390625,1,0.4737544014316949,0,0.010245734631468162,0.026245598568305106,HOLD,False,5
2025-04-14,84542.390625,83668.9921875,0,0.4567040219447092,0,-0.01033089354397465,0.043295978055290785,HOLD,True,5
2025-04-15,83668.9921875,84033.8671875,1,0.4946100634843137,0,0.004360934564412222,0.005389936515686311,HOLD,False,5
2025-04-16,84033.8671875,84895.75,1,0.4603350096001381,0,0.01025637449930672,0.03966499039986188,HOLD,False,5
2025-04-17,84895.75,84450.8046875,0,0.44980551463409235,0,-0.005241078764249063,0.05019448536590765,SELL,True,5
2025-04-18,84450.8046875,85063.4140625,1,0.4536041776149648,0,0.007254038339443714,0.0463958223850352,HOLD,False,5
2025-04-19,85063.4140625,85174.3046875,1,0.46476354082523436,0,0.0013036230231544543,0.035236459174765644,HOLD,False,5
2025-04-20,85174.3046875,87518.90625,1,0.4789599735795797,0,0.027527099529631727,0.0210400264204203,HOLD,False,5
2025-04-21,87518.90625,93441.890625,1,0.4702081283906948,0,0.06767662701452015,0.029791871609305187,HOLD,False,5
2025-04-22,93441.890625,93699.109375,1,0.49063034882122974,0,0.0027527134594511615,0.009369651178770255,HOLD,False,5
2025-04-23,93699.109375,93943.796875,1,0.5107913743265765,1,0.0026114175645013393,0.010791374326576508,HOLD,True,5
2025-04-24,93943.796875,94720.5,1,0.49039098143313653,0,0.008267742531563593,0.00960901856686347,HOLD,False,5
2025-04-25,94720.5,94646.9296875,0,0.5175009177331056,1,-0.0007767095032226168,0.01750091773310558,HOLD,False,5
2025-04-26,94646.9296875,93754.84375,0,0.5073798091903076,1,-0.00942540809771053,0.0073798091903075624,HOLD,False,5
2025-04-27,93754.84375,94978.75,1,0.514912095847822,1,0.013054325526514532,0.014912095847822049,HOLD,True,5
2025-04-28,94978.75,94284.7890625,0,0.48241567590151124,0,-0.007306486319308303,0.017584324098488757,HOLD,True,5
2025-04-29,94284.7890625,94207.3125,0,0.5081833709821943,1,-0.0008217291810309613,0.008183370982194349,HOLD,False,5
2025-04-30,94207.3125,96492.3359375,1,0.5303840853410667,1,0.02425526614507767,0.030384085341066736,HOLD,True,5
2025-05-01,96492.3359375,96910.0703125,1,0.4755763153392502,0,0.0043291974532626565,0.02442368466074979,HOLD,False,5
2025-05-02,96910.0703125,95891.796875,0,0.4970015540271438,0,-0.010507405827035687,0.0029984459728562007,HOLD,True,5
2025-05-03,95891.796875,94315.9765625,0,0.5214795255042645,1,-0.016433317174712747,0.021479525504264463,HOLD,False,5
2025-05-04,94315.9765625,94748.0546875,1,0.4929144447630192,0,0.0045811763897039,0.0070855552369807895,HOLD,False,5
2025-05-05,94748.0546875,96802.4765625,1,0.47236023590763276,0,0.02168299794413664,0.027639764092367236,HOLD,False,5
2025-05-06,96802.4765625,97032.3203125,1,0.4827248268703455,0,0.0023743581586117557,0.017275173129654486,HOLD,False,5
2025-05-07,97032.3203125,103241.4609375,1,0.5054780774741856,1,0.06399043746457878,0.005478077474185605,HOLD,True,5
2025-05-08,103241.4609375,102970.8515625,0,0.5119179778777055,1,-0.002621130818400763,0.011917977877705543,HOLD,False,5
2025-05-09,102970.8515625,104696.328125,1,0.5341755412280393,1,0.016756941758927724,0.03417554122803934,HOLD,True,5
2025-05-10,104696.328125,104106.359375,0,0.4953233747184159,0,-0.005635047193781384,0.004676625281584079,HOLD,True,5
2025-05-11,104106.359375,102812.953125,0,0.5344685509530852,1,-0.01242389281274392,0.03446855095308521,HOLD,False,5
2025-05-12,102812.953125,104169.8125,1,0.5551364116554043,1,0.013197358248725033,0.05513641165540428,BUY,True,5
2025-05-13,104169.8125,103539.4140625,0,0.5045698698663158,1,-0.006051642240404331,0.004569869866315801,HOLD,False,5
2025-05-14,103539.4140625,103744.640625,1,0.5068120988403535,1,0.00198211052629782,0.006812098840353498,HOLD,True,5
2025-05-15,103744.640625,103489.2890625,0,0.4891292862961191,0,-0.0024613470244020386,0.010870713703880874,HOLD,True,5
2025-05-16,103489.2890625,103191.0859375,0,0.5101137075003094,1,-0.0028814878109744146,0.010113707500309377,HOLD,False,5
2025-05-17,103191.0859375,106446.0078125,1,0.5196789039230951,1,0.03154266519659865,0.019678903923095126,HOLD,True,5
2025-05-18,106446.0078125,105606.1796875,0,0.48903633453180456,0,-0.007889709931436006,0.010963665468195438,HOLD,True,5
2025-05-19,105606.1796875,106791.0859375,1,0.5232282867585939,1,0.011220046530480143,0.023228286758593897,HOLD,True,5
2025-05-20,106791.0859375,109678.078125,1,0.502201615607196,1,0.027034018449719976,0.002201615607196006,HOLD,True,5
2025-05-21,109678.078125,111673.28125,1,0.5222965519333541,1,0.018191448638679386,0.022296551933354114,HOLD,True,5
2025-05-22,111673.28125,107287.796875,0,0.5098463818421423,1,-0.03927066820202352,0.00984638184214226,HOLD,False,5
2025-05-23,107287.796875,107791.15625,1,0.5829594692431952,1,0.004691674073487251,0.0829594692431952,BUY,True,5
2025-05-24,107791.15625,109035.390625,1,0.5034950333956569,1,0.011543009819045436,0.0034950333956569324,HOLD,True,5
2025-05-25,109035.390625,109440.3671875,1,0.4810708572235066,0,0.003714175371671846,0.01892914277649338,HOLD,False,5
2025-05-26,109440.3671875,108994.640625,0,0.4974525343689865,0,-0.004072780217708405,0.0025474656310134902,HOLD,True,5
2025-05-27,108994.640625,107802.328125,0,0.5271663136257373,1,-0.010939184653144474,0.027166313625737293,HOLD,False,5
2025-05-28,107802.328125,105641.7578125,0,0.5239761551433864,1,-0.020041963379443528,0.023976155143386357,HOLD,False,5
2025-05-29,105641.7578125,103998.5703125,0,0.546588118684773,1,-0.015554336978341854,0.04658811868477297,HOLD,False,5
2025-05-30,103998.5703125,104638.09375,1,0.5195881993292489,1,0.006149348357177731,0.019588199329248934,HOLD,True,5
2025-05-31,104638.09375,105652.1015625,1,0.47368250436658,0,0.009690618169351017,0.026317495633420007,HOLD,False,5
2025-06-01,105652.1015625,105881.53125,1,0.4837677806301985,0,0.0021715582000447764,0.016232219369801515,HOLD,False,5
2025-06-02,105881.53125,105432.46875,0,0.4763896037087626,0,-0.004241178746647534,0.0236103962912374,HOLD,True,5
2025-06-03,105432.46875,104731.984375,0,0.5168494969045978,1,-0.0066439151364365845,0.016849496904597805,HOLD,False,5
2025-06-04,104731.984375,101575.953125,0,0.5028742878984265,1,-0.030134359325224014,0.0028742878984264753,HOLD,False,5
2025-06-05,101575.953125,104390.34375,1,0.5595037031098679,1,0.027707252931573167,0.059503703109867856,BUY,True,5
2025-06-06,104390.34375,105615.625,1,0.47649948341119785,0,0.011737496074678777,0.023500516588802145,HOLD,False,5
2025-06-07,105615.625,105793.6484375,1,0.43664828015377644,0,0.0016855786016509722,0.06335171984622356,SELL,False,5
2025-06-08,105793.6484375,110294.1015625,1,0.4648134728670668,0,0.04253991795791734,0.03518652713293319,HOLD,False,5
2025-06-09,110294.1015625,110257.234375,0,0.4619745555682144,0,-0.0003342625487465778,0.03802544443178563,HOLD,True,5
2025-06-10,110257.234375,108686.625,0,0.47268526905906233,0,-0.014244955298426398,0.02731473094093767,HOLD,True,5
2025-06-11,108686.625,105929.0546875,0,0.47372095619044663,0,-0.025371753999169577,0.02627904380955337,HOLD,True,5
2025-06-12,105929.0546875,106090.96875,1,0.5558658345672185,1,0.0015285141831733462,0.0558658345672185,BUY,True,5
2025-06-13,106090.96875,105472.40625,0,0.4524048601320263,0,-0.0058304915798971235,0.0475951398679737,HOLD,True,5
2025-06-14,105472.40625,105552.0234375,1,0.4742773461624838,0,0.0007548627203146641,0.025722653837516207,HOLD,False,5
2025-06-15,105552.0234375,106796.7578125,1,0.4574272734291059,0,0.011792615001237072,0.042572726570894115,HOLD,False,5
2025-06-16,106796.7578125,104601.1171875,0,0.48922657557272725,0,-0.020559056941174436,0.010773424427272749,HOLD,True,5
2025-06-17,104601.1171875,104883.328125,1,0.5260636973737566,1,0.0026979724986506692,0.026063697373756578,HOLD,True,5
2025-06-18,104883.328125,104684.2890625,0,0.46556484217808825,0,-0.0018977187896134229,0.034435157821911755,HOLD,True,5
2025-06-19,104684.2890625,103309.6015625,0,0.4558602475389801,0,-0.013131746055793259,0.04413975246101992,HOLD,True,5
2025-06-20,103309.6015625,102257.40625,0,0.5015863293212127,1,-0.010184874363913243,0.0015863293212127205,HOLD,False,5
2025-06-21,102257.40625,100987.140625,0,0.4952295531697115,0,-0.012422235919953284,0.004770446830288488,HOLD,True,5
2025-06-22,100987.140625,105577.7734375,1,0.5324846416851204,1,0.04545759771084712,0.03248464168512044,HOLD,True,5
2025-06-23,105577.7734375,106045.6328125,1,0.44109247026623183,0,0.004431419225533917,0.05890752973376817,SELL,False,5
2025-06-24,106045.6328125,107361.2578125,1,0.43168041162151544,0,0.012406215749838134,0.06831958837848456,SELL,False,5
2025-06-25,107361.2578125,106960.0,0,0.45197853942885274,0,-0.003737454466123835,0.048021460571147256,HOLD,True,5
2025-06-26,106960.0,107088.4296875,1,0.4980603746817432,0,0.0012007263229245613,0.0019396253182568102,HOLD,False,5
2025-06-27,107088.4296875,107327.703125,1,0.4699612882213728,0,0.002234353778444831,0.030038711778627214,HOLD,False,5
2025-06-28,107327.703125,108385.5703125,1,0.45669316022803863,0,0.009856422495764683,0.04330683977196137,HOLD,False,5
2025-06-29,108385.5703125,107135.3359375,0,0.4625308072199764,0,-0.011535062936840146,0.037469192780023586,HOLD,True,5
2025-06-30,107135.3359375,105698.28125,0,0.5093959506322079,1,-0.013413452013053329,0.009395950632207883,HOLD,False,5
2025-07-01,105698.28125,108859.3203125,1,0.505976465720357,1,0.02990624847553991,0.005976465720357038,HOLD,True,5
2025-07-02,108859.3203125,109647.9765625,1,0.47735034886217514,0,0.007244728772290987,0.022649651137824856,HOLD,False,5
2025-07-03,109647.9765625,108034.3359375,0,0.480345961808511,0,-0.014716556343200904,0.019654038191488976,HOLD,True,5
2025-07-04,108034.3359375,108231.1796875,1,0.46967826683664676,0,0.0018220480395592098,0.030321733163353237,HOLD,False,5
2025-07-05,108231.1796875,109232.0703125,1,0.4708931427754127,0,0.009247710575546852,0.02910685722458728,HOLD,False,5
2025-07-06,109232.0703125,108299.8515625,0,0.4783535442833279,0,-0.008534295352390808,0.02164645571667212,HOLD,True,5
2025-07-07,108299.8515625,108950.2734375,1,0.5180779797240743,1,0.006005750382996888,0.018077979724074322,HOLD,True,5
2025-07-08,108950.2734375,111326.5546875,1,0.5183181973149679,1,0.021810695604753683,0.018318197314967866,HOLD,True,5
2025-07-09,111326.5546875,115987.203125,1,0.49951975286362427,0,0.041864660687494615,0.00048024713637573324,HOLD,False,5
2025-07-10,115987.203125,117516.9921875,1,0.5319680429762754,1,0.013189291760499877,0.031968042976275424,HOLD,True,5
2025-07-11,117516.9921875,117435.2265625,0,0.5343865849120207,1,-0.0006957770402219454,0.034386584912020735,HOLD,False,5
2025-07-12,117435.2265625,119116.1171875,1,0.5383509936901184,1,0.014313342548076147,0.03835099369011841,HOLD,True,5
2025-07-13,119116.1171875,119849.703125,1,0.5154692516953183,1,0.006158578325259345,0.01546925169531832,HOLD,True,5
2025-07-14,119849.703125,117777.1875,0,0.5596440850813552,1,-0.01729262210051885,0.059644085081355214,BUY,False,5
2025-07-15,117777.1875,118738.5078125,1,0.5277179002708027,1,0.00816219450392297,0.027717900270802676,HOLD,True,5
2025-07-16,118738.5078125,119289.84375,1,0.5147646199380382,1,0.004643278306736054,0.014764619938038237,HOLD,True,5
2025-07-17,119289.84375,118003.2265625,0,0.5052972415648144,1,-0.01078563897020779,0.00529724156481437,HOLD,False,5
2025-07-18,118003.2265625,117939.9765625,0,0.5425106613693474,1,-0.0005360022928398989,0.04251066136934745,HOLD,False,5
2025-07-19,117939.9765625,117300.7890625,0,0.5263442656661936,1,-0.00541960002562214,0.026344265666193634,HOLD,False,5
2025-07-20,117300.7890625,117439.5390625,1,0.5338057290882019,1,0.0011828564931994912,0.0338057290882019,HOLD,True,5
2025-07-21,117439.5390625,119995.4140625,1,0.5182660146892748,1,0.02176332622218302,0.0182660146892748,HOLD,True,5
2025-07-22,119995.4140625,118754.9609375,0,0.4965639090057105,0,-0.010337504434577038,0.003436090994289487,HOLD,True,5
2025-07-23,118754.9609375,118368.0,0,0.5076660043048722,1,-0.0032584822936673197,0.007666004304872187,HOLD,False,5
2025-07-24,118368.0,117635.8828125,0,0.5223165470859784,1,-0.006185093838706357,0.02231654708597841,HOLD,False,5
2025-07-25,117635.8828125,117947.3671875,1,0.506981452045586,1,0.002647868724685587,0.0069814520455859785,HOLD,True,5
2025-07-26,117947.3671875,119448.4921875,1,0.5041995306008127,1,0.012727075099638885,0.004199530600812684,HOLD,True,5
2025-07-27,119448.4921875,117924.4765625,0,0.5059615645533868,1,-0.012758768211219684,0.005961564553386811,HOLD,False,5
2025-07-28,117924.4765625,117922.1484375,0,0.5121069828564536,1,-1.9742508661990676e-05,0.012106982856453619,HOLD,False,5
2025-07-29,117922.1484375,117831.1875,0,0.538580569752828,1,-0.0007713643170961237,0.038580569752827976,HOLD,False,5
2025-07-30,117831.1875,115758.203125,0,0.5225704587783843,1,-0.017592832754910526,0.02257045877838426,HOLD,False,5
2025-07-31,115758.203125,113320.0859375,0,0.5545242644261619,1,-0.021062154747402473,0.05452426442616187,BUY,False,5
2025-08-01,113320.0859375,112526.9140625,0,0.5216468329121983,1,-0.006999393518263508,0.021646832912198266,HOLD,False,5
2025-08-02,112526.9140625,114217.671875,1,0.4888060140203255,0,0.015025363723748075,0.011193985979674526,HOLD,False,5
2025-08-03,114217.671875,115071.8828125,1,0.45192707256524245,0,0.007478798363486527,0.04807292743475755,HOLD,False,5
2025-08-04,115071.8828125,114141.4453125,0,0.46008273664952315,0,-0.008085706753543476,0.03991726335047685,HOLD,True,5
2025-08-05,114141.4453125,115028.0,1,0.46514279883209764,0,0.007767158415357134,0.03485720116790236,HOLD,False,5
2025-08-06,115028.0,117496.8984375,1,0.4649815275321319,0,0.021463456180234486,0.0350184724678681,HOLD,False,5
2025-08-07,117496.8984375,116688.7265625,0,0.4412626474498496,0,-0.0068782400705657,0.05873735255015039,SELL,True,5
2025-08-08,116688.7265625,116500.359375,0,0.45649042541698054,0,-0.0016142706587778388,0.04350957458301946,HOLD,True,5
2025-08-09,116500.359375,119306.7578125,1,0.49558798206473464,0,0.02408918266480664,0.0044120179352653555,HOLD,False,5
2025-08-10,119306.7578125,118731.4453125,0,0.4673989794006744,0,-0.004822128356753663,0.032601020599325625,HOLD,True,5
2025-08-11,118731.4453125,120172.90625,1,0.524733977206928,1,0.012140515376580119,0.02473397720692805,HOLD,True,5
2025-08-12,120172.90625,123344.0625,1,0.4844496014110338,0,0.026388279596092357,0.015550398588966174,HOLD,False,5
2025-08-13,123344.0625,118359.578125,0,0.4984816085889592,0,-0.040411222672351976,0.0015183914110408203,HOLD,True,5
2025-08-14,118359.578125,117398.3515625,0,0.5480980500572871,1,-0.008121240187970669,0.04809805005728707,HOLD,False,5
2025-08-15,117398.3515625,117491.3515625,1,0.4903874864324616,0,0.0007921746665282559,0.009612513567538394,HOLD,False,5
2025-08-16,117491.3515625,117453.0625,0,0.4522463428008162,0,-0.00032588834829794244,0.047753657199183785,HOLD,True,5
2025-08-17,117453.0625,116252.3125,0,0.4878808576456407,0,-0.01022323279139703,0.012119142354359291,HOLD,True,5
2025-08-18,116252.3125,112831.1796875,0,0.4705284456292997,0,-0.029428514056440758,0.029471554370700315,HOLD,True,5
2025-08-19,112831.1796875,114274.7421875,1,0.5393792408418486,1,0.012794003430595335,0.03937924084184863,HOLD,True,5
2025-08-20,114274.7421875,112419.03125,0,0.4314054913236699,0,-0.01623902974513114,0.0685945086763301,SELL,True,5
2025-08-21,112419.03125,116874.0859375,1,0.4945691988571981,0,0.03962900798880531,0.005430801142801922,HOLD,False,5
2025-08-22,116874.0859375,115374.328125,0,0.4564990002604845,0,-0.012832252765613172,0.04350099973951549,HOLD,True,5
2025-08-23,115374.328125,113458.4296875,0,0.463775685095612,0,-0.016605933647771742,0.03622431490438799,HOLD,True,5
2025-08-24,113458.4296875,110124.3515625,0,0.48070393285104246,0,-0.029385900493979156,0.01929606714895754,HOLD,True,5
2025-08-25,110124.3515625,111802.65625,1,0.5457326017837775,1,0.015240086898922645,0.04573260178377747,HOLD,True,5
2025-08-26,111802.65625,111222.0625,0,0.44057927466786595,0,-0.005193022862549412,0.05942072533213405,SELL,True,5
2025-08-27,111222.0625,112544.8046875,1,0.49642087590550793,0,0.01189280397942638,0.00357912409449207,HOLD,False,5
2025-08-28,112544.8046875,108410.8359375,0,0.46551124274671224,0,-0.036731759955323295,0.03448875725328776,HOLD,True,5
2025-08-29,108410.8359375,108808.0703125,1,0.5150881387161055,1,0.003664157476186425,0.015088138716105481,HOLD,True,5
2025-08-30,108808.0703125,108236.7109375,0,0.4575953715967619,0,-0.00525107534173741,0.04240462840323811,HOLD,True,5
2025-08-31,108236.7109375,109250.59375,1,0.509757351178975,1,0.009367272930950854,0.009757351178975027,HOLD,True,5
2025-09-01,109250.59375,111200.5859375,1,0.4696795532495676,0,0.017848801737061493,0.030320446750432384,HOLD,False,5
2025-09-02,111200.5859375,111723.2109375,1,0.4330987818985624,0,0.004699840343410866,0.06690121810143762,SELL,False,5
2025-09-03,111723.2109375,110723.6015625,0,0.4609081467778587,0,-0.008947195185422974,0.039091853222141315,HOLD,True,5
2025-09-04,110723.6015625,110650.984375,0,0.47584178615327943,0,-0.0006558419928113235,0.024158213846720566,HOLD,True,5
2025-09-05,110650.984375,110224.6953125,0,0.4672320728101269,0,-0.0038525555367432407,0.03276792718987309,HOLD,True,5
2025-09-06,110224.6953125,111167.6171875,1,0.4740718653390851,0,0.008554542812086785,0.025928134660914925,HOLD,False,5
2025-09-07,111167.6171875,112071.4296875,1,0.4455711633811588,0,0.008130177859939192,0.05442883661884118,SELL,False,5
2025-09-08,112071.4296875,111530.546875,0,0.46911425947628194,0,-0.004826232823193166,0.030885740523718064,HOLD,True,5
2025-09-09,111530.546875,113955.359375,1,0.4955565057539937,0,0.02174124101370767,0.004443494246006319,HOLD,False,5
2025-09-10,113955.359375,115507.5390625,1,0.4370803292197714,0,0.013620945043858246,0.06291967078022859,SELL,False,5
2025-09-11,115507.5390625,116101.578125,1,0.4525486933999635,0,0.005142859655061782,0.04745130660003649,HOLD,False,5
2025-09-12,116101.578125,115950.5078125,0,0.4873654094703726,0,-0.0013011908618274504,0.012634590529627399,HOLD,True,5
2025-09-13,115950.5078125,115407.65625,0,0.5255152671013017,1,-0.004681752350561785,0.025515267101301697,HOLD,False,5
2025-09-14,115407.65625,115444.875,1,0.5231041799628969,1,0.0003224981011604733,0.02310417996289693,HOLD,True,5
2025-09-15,115444.875,116843.1875,1,0.524422706074792,1,0.012112382641498831,0.024422706074792022,HOLD,True,5
2025-09-16,116843.1875,116468.5078125,0,0.5343560961629271,1,-0.0032066883445814875,0.03435609616292712,HOLD,False,5
2025-09-17,116468.5078125,117137.203125,1,0.5013841670715316,1,0.005741425944741474,0.0013841670715315502,HOLD,True,5
2025-09-18,117137.203125,115688.859375,0,0.5520919456781269,1,-0.012364506846338497,0.052091945678126916,BUY,False,5
2025-09-19,115688.859375,115721.9609375,1,0.5357303860911952,1,0.0002861257573012477,0.035730386091195165,HOLD,True,5
2025-09-20,115721.9609375,115306.09375,0,0.5551682765268852,1,-0.003593675600818802,0.05516827652688516,BUY,False,5
2025-09-21,115306.09375,112748.5078125,0,0.573831391783437,1,-0.02218083931492132,0.073831391783437,BUY,False,5
2025-09-22,112748.5078125,112014.5,0,0.5306382320604396,1,-0.00651013327573835,0.030638232060439585,HOLD,False,5
2025-09-23,112014.5,113328.6328125,1,0.5053340932559665,1,0.011731809832655538,0.0053340932559664544,HOLD,True,5
2025-09-24,113328.6328125,109049.2890625,0,0.5236158994139476,1,-0.03776048156409062,0.023615899413947594,HOLD,False,5
2025-09-25,109049.2890625,109712.828125,1,0.5637272610011536,1,0.0060847628462732395,0.06372726100115356,BUY,True,5
2025-09-26,109712.828125,109681.9453125,0,0.4778008884876317,0,-0.0002814877077529365,0.022199111512368308,HOLD,True,5
2025-09-27,109681.9453125,112122.640625,1,0.4898895454102441,0,0.02225248016477188,0.010110454589755902,HOLD,False,5
2025-09-28,112122.640625,114400.3828125,1,0.42650962050155605,0,0.02031473906432546,0.07349037949844395,SELL,False,5
2025-09-29,114400.3828125,114056.0859375,0,0.40490007395294636,0,-0.003009577997342028,0.09509992604705364,SELL,True,5
2025-09-30,114056.0859375,118648.9296875,1,0.43410863912703773,0,0.04026829179914837,0.06589136087296227,SELL,False,5
2025-10-01,118648.9296875,120681.2578125,1,0.4436038690115122,0,0.017128920845327356,0.05639613098848778,SELL,False,5
2025-10-02,120681.2578125,122266.53125,1,0.5022582883700983,1,0.013136036748664148,0.002258288370098338,HOLD,True,5
2025-10-03,122266.53125,122425.4296875,1,0.5278411749523859,1,0.001299606980548873,0.027841174952385916,HOLD,True,5
2025-10-04,122425.4296875,123513.4765625,1,0.5274610696314261,1,0.008887425412982486,0.027461069631426138,HOLD,True,5
2025-10-05,123513.4765625,124752.53125,1,0.5169486195551362,1,0.010031736794915869,0.016948619555136157,HOLD,True,5
2025-10-06,124752.53125,121451.3828125,0,0.502877814816093,1,-0.026461574802715715,0.0028778148160929495,HOLD,False,5
2025-10-07,121451.3828125,123354.8671875,1,0.5565427112204745,1,0.01567280940669602,0.056542711220474495,BUY,True,5
2025-10-08,123354.8671875,121705.5859375,0,0.4665949937702919,0,-0.013370216251727518,0.0334050062297081,HOLD,True,5
2025-10-09,121705.5859375,113214.3671875,0,0.5066316605134688,1,-0.06976852117831744,0.006631660513468751,HOLD,False,5
2025-10-10,113214.3671875,110807.8828125,0,0.48443536854994856,0,-0.02125599811033263,0.015564631450051436,HOLD,True,5
2025-10-11,110807.8828125,115169.765625,1,0.5127007161382482,1,0.03936437283871608,0.012700716138248191,HOLD,True,5
2025-10-12,115169.765625,115271.078125,1,0.42811482891702707,0,0.000879679657679322,0.07188517108297293,SELL,False,5
2025-10-13,115271.078125,113118.6640625,0,0.4627910882799047,0,-0.01867262888064536,0.03720891172009527,HOLD,True,5
2025-10-14,113118.6640625,110783.1640625,0,0.4628758335465079,0,-0.02064646024028005,0.03712416645349209,HOLD,True,5
2025-10-15,110783.1640625,108186.0390625,0,0.5228622102746976,1,-0.023443318504017374,0.022862210274697592,HOLD,False,5
2025-10-16,108186.0390625,106467.7890625,0,0.5882035368180978,1,-0.01588236351834038,0.08820353681809778,BUY,False,5
2025-10-17,106467.7890625,107198.265625,1,0.5109043708688725,1,0.006861009972426446,0.010904370868872526,HOLD,True,5
2025-10-18,107198.265625,108666.7109375,1,0.44773005061333626,0,0.013698405510000455,0.05226994938666374,SELL,False,5
2025-10-19,108666.7109375,110588.9296875,1,0.4765945444624481,0,0.01768912239467313,0.02340545553755191,HOLD,False,5
2025-10-20,110588.9296875,108476.890625,0,0.4627263187363674,0,-0.019098105646452646,0.03727368126363262,HOLD,True,5
2025-10-21,108476.890625,107688.5859375,0,0.5288532370522909,1,-0.007267028792566799,0.028853237052290925,HOLD,False,5
2025-10-22,107688.5859375,110069.7265625,1,0.49952968836033895,0,0.022111355667553845,0.0004703116396610474,HOLD,False,5
2025-10-23,110069.7265625,111033.921875,1,0.4548059679880839,0,0.008759859251149305,0.045194032011916074,HOLD,False,5
2025-10-24,111033.921875,111641.7265625,1,0.4558090126456186,0,0.005474045023684315,0.04419098735438137,HOLD,False,5
2025-10-25,111641.7265625,114472.4453125,1,0.4365101246696047,0,0.025355383127430242,0.0634898753303953,SELL,False,5
2025-10-26,114472.4453125,114119.328125,0,0.4601593196898699,0,-0.0030847352525406047,0.039840680310130105,HOLD,True,5
2025-10-27,114119.328125,112956.1640625,0,0.47542500618323835,0,-0.01019252462848308,0.024574993816761648,HOLD,True,5
2025-10-28,112956.1640625,110055.3046875,0,0.4870315411813252,0,-0.025681284408657135,0.01296845881867481,HOLD,True,5
2025-10-29,110055.3046875,108305.546875,0,0.5567513349987631,1,-0.015898895718551742,0.05675133499876306,BUY,False,5
2025-10-30,108305.546875,109556.1640625,1,0.5350712011848247,1,0.011547120379193476,0.03507120118482465,HOLD,True,5
2025-10-31,109556.1640625,110064.015625,1,0.47790420418868235,0,0.004635536182247879,0.022095795811317653,HOLD,False,5
2025-11-01,110064.015625,110639.625,1,0.4472775372534494,0,0.005229768982454308,0.052722462746550625,SELL,False,5
2025-11-02,110639.625,106547.5234375,0,0.4671768879536512,0,-0.03698585893164408,0.0328231120463488,HOLD,True,5
2025-11-03,106547.5234375,101590.5234375,0,0.5434423143942502,1,-0.046523840630681046,0.04344231439425017,HOLD,False,5
2025-11-04,101590.5234375,103891.8359375,1,0.5885681276160603,1,0.02265282648549194,0.08856812761606025,BUY,True,5
2025-11-05,103891.8359375,101301.2890625,0,0.4599475275728322,0,-0.02493503798083263,0.04005247242716781,HOLD,True,5
2025-11-06,101301.2890625,103372.40625,1,0.5438361165862923,1,0.020445121741957006,0.04383611658629227,HOLD,True,5
2025-11-07,103372.40625,102282.1171875,0,0.47365025251215814,0,-0.010547196317199026,0.026349747487841857,HOLD,True,5
2025-11-08,102282.1171875,104719.640625,1,0.4723392960284236,0,0.02383137448193029,0.027660703971576384,HOLD,False,5
2025-11-09,104719.640625,105996.59375,1,0.43984478934366317,0,0.012194017448672767,0.06015521065633683,SELL,False,5
2025-11-10,105996.59375,102997.46875,0,0.43759134685576306,0,-0.028294541304540788,0.062408653144236936,SELL,True,5
2025-11-11,102997.46875,101663.1875,0,0.5569734555033353,1,-0.012954505253314763,0.056973455503335324,BUY,False,5
2025-11-12,101663.1875,99697.4921875,0,0.5139453045757839,1,-0.01933536967351135,0.013945304575783912,HOLD,False,5
2025-11-13,99697.4921875,94397.7890625,0,0.5599283897666981,1,-0.053157837862490065,0.05992838976669812,BUY,False,5
2025-11-14,94397.7890625,95549.1484375,1,0.5555320252863938,1,0.012196889211437911,0.05553202528639378,BUY,True,5
2025-11-15,95549.1484375,94177.078125,0,0.5229208441198322,1,-0.01435983820826503,0.022920844119832195,HOLD,False,5
2025-11-16,94177.078125,92093.875,0,0.5553093887597212,1,-0.02212006537551514,0.055309388759721245,BUY,False,5
2025-11-17,92093.875,92948.875,1,0.6087209781415697,1,0.009284005043766586,0.10872097814156967,BUY,True,5
2025-11-18,92948.875,91465.9921875,0,0.5200093354575478,1,-0.015953746750565823,0.020009335457547794,HOLD,False,5
2025-11-19,91465.9921875,86631.8984375,0,0.5102142119618089,1,-0.05285126891851111,0.010214211961808939,HOLD,False,5
2025-11-20,86631.8984375,85090.6875,0,0.6542278127509188,1,-0.017790340109098413,0.1542278127509188,BUY,False,5
2025-11-21,85090.6875,84648.359375,0,0.6174332965430235,1,-0.0051983141515926645,0.11743329654302348,BUY,False,5
2025-11-22,84648.359375,86805.0078125,1,0.5692406062538738,1,0.025477734635657168,0.06924060625387385,BUY,True,5
2025-11-23,86805.0078125,88270.5625,1,0.5418454314745107,1,0.01688329653360121,0.0418454314745107,HOLD,True,5
2025-11-24,88270.5625,87341.890625,0,0.521798949220392,1,-0.010520742688141405,0.02179894922039205,HOLD,False,5
2025-11-25,87341.890625,90518.3671875,1,0.5151061800332348,1,0.03636830551491177,0.015106180033234828,HOLD,True,5
2025-11-26,90518.3671875,91285.375,1,0.43884220618237313,0,0.008473504729832548,0.06115779381762687,SELL,False,5
2025-11-27,91285.375,90919.265625,0,0.47302087145857286,0,-0.004010602738938163,0.026979128541427144,HOLD,True,5
2025-11-28,90919.265625,90851.7578125,0,0.5033905044198367,1,-0.0007425028351905061,0.003390504419836682,HOLD,False,5
2025-11-29,90851.7578125,90394.3125,0,0.4686853795015864,0,-0.005035073877646679,0.0313146204984136,HOLD,True,5
2025-11-30,90394.3125,86321.5703125,0,0.4972998257845897,0,-0.045055292472078956,0.0027001742154103003,HOLD,True,5
2025-12-01,86321.5703125,91350.203125,1,0.5364860557323602,1,0.05825464938016567,0.03648605573236019,HOLD,True,5
2025-12-02,91350.203125,93527.8046875,1,0.4834276443980535,0,0.023837949867722363,0.016572355601946476,HOLD,False,5
2025-12-03,93527.8046875,92141.625,0,0.4462640231152692,0,-0.014821043775501641,0.05373597688473081,SELL,True,5
2025-12-04,92141.625,89387.7578125,0,0.46581891502475176,0,-0.029887330373216225,0.034181084975248244,HOLD,True,5
2025-12-05,89387.7578125,89272.375,0,0.5538414209867429,1,-0.0012908122468182626,0.05384142098674294,BUY,False,5
2025-12-06,89272.375,90405.640625,1,0.5013071335496058,1,0.012694471554050235,0.0013071335496057657,HOLD,True,5
2025-12-07,90405.640625,90640.203125,1,0.4754097669398134,0,0.0025945560296725123,0.024590233060186595,HOLD,False,5
2025-12-08,90640.203125,92691.7109375,1,0.47279551499608347,0,0.022633530616329445,0.027204485003916534,HOLD,False,5
2025-12-09,92691.7109375,92020.9453125,0,0.4871294212124492,0,-0.007236522211271801,0.012870578787550824,HOLD,True,5
2025-12-10,92020.9453125,92511.3359375,1,0.49512537735133433,0,0.005329119618741718,0.004874622648665672,HOLD,False,5
2025-12-11,92511.3359375,90270.4140625,0,0.46534184373427534,0,-0.024223213861206738,0.03465815626572466,HOLD,True,5
2025-12-12,90270.4140625,90298.7109375,1,0.4869419445733282,0,0.00031346787642294593,0.013058055426671822,HOLD,False,5
2025-12-13,90298.7109375,88175.1796875,0,0.4621451980446771,0,-0.023516739363752315,0.037854801955322925,HOLD,True,5
2025-12-14,88175.1796875,86419.78125,0,0.5198599943837713,1,-0.019908078936967,0.019859994383771284,HOLD,False,5
2025-12-15,86419.78125,87843.984375,1,0.5284117581171726,1,0.01648005936140917,0.02841175811717256,HOLD,True,5
2025-12-16,87843.984375,86143.7578125,0,0.4411423259801501,0,-0.01935507109105894,0.058857674019849926,SELL,True,5
2025-12-17,86143.7578125,85462.5078125,0,0.5186621848680377,1,-0.007908292107279613,0.018662184868037723,HOLD,False,5
2025-12-18,85462.5078125,88103.3828125,1,0.5155844033077781,1,0.03090097713717843,0.015584403307778105,HOLD,True,5
2025-12-19,88103.3828125,88344.0,1,0.4537403165506182,0,0.002731077738661547,0.046259683449381805,HOLD,False,5
2025-12-20,88344.0,88621.75,1,0.4501082035802971,0,0.0031439599746445612,0.04989179641970293,HOLD,False,5
2025-12-21,88621.75,88490.015625,0,0.43077458277700115,0,-0.0014864790528285043,0.06922541722299885,SELL,True,5
2025-12-22,88490.015625,87414.0,0,0.47183180251785967,0,-0.01215974047919599,0.028168197482140334,HOLD,True,5
2025-12-23,87414.0,87611.9609375,1,0.47646975352044424,0,0.0022646365284737513,0.02353024647955576,HOLD,False,5
2025-12-24,87611.9609375,87234.7421875,0,0.44960683806985724,0,-0.004305562231041726,0.05039316193014276,SELL,True,5
2025-12-25,87234.7421875,87301.4296875,1,0.49423350460534426,0,0.0007644603322913834,0.005766495394655735,HOLD,False,5
2025-12-26,87301.4296875,87802.15625,1,0.4943444379026594,0,0.005735605525503784,0.005655562097340583,HOLD,False,5
2025-12-27,87802.15625,87835.8359375,1,0.48369213770615216,0,0.00038358610925337544,0.01630786229384784,HOLD,False,5
2025-12-28,87835.8359375,87138.140625,0,0.4963475619632536,0,-0.007943173820266769,0.0036524380367464193,HOLD,True,5
2025-12-29,87138.140625,88430.1328125,1,0.496918051480822,0,0.014826942349620564,0.0030819485191779794,HOLD,False,5
2025-12-30,88430.1328125,87508.828125,0,0.4731995777884323,0,-0.01041844740246467,0.026800422211567698,HOLD,True,5
2025-12-31,87508.828125,88731.984375,1,0.5012748953195459,1,0.013977518339667538,0.0012748953195459434,HOLD,True,5
2026-01-01,88731.984375,89944.6953125,1,0.46498438695059746,0,0.013667122921255048,0.03501561304940254,HOLD,False,5
2026-01-02,89944.6953125,90603.1875,1,0.4826390230315546,0,0.007321078638514056,0.017360976968445407,HOLD,False,5
2026-01-03,90603.1875,91413.4921875,1,0.4890921639532014,0,0.008943445698309516,0.010907836046798625,HOLD,False,5
2026-01-04,91413.4921875,93882.5546875,1,0.4991570699197156,0,0.027009825802690735,0.0008429300802844097,HOLD,False,5
2026-01-05,93882.5546875,93729.03125,0,0.5324319764958145,1,-0.0016352711961346023,0.03243197649581453,HOLD,False,5
2026-01-06,93729.03125,91308.0546875,0,0.5007551222172203,1,-0.025829527204251357,0.0007551222172202943,HOLD,False,5
2026-01-07,91308.0546875,91027.125,0,0.5192216729375109,1,-0.003076724046541912,0.01922167293751087,HOLD,False,5
2026-01-08,91027.125,90513.1015625,0,0.4732397458597173,0,-0.005646925984974294,0.026760254140282713,HOLD,True,5
2026-01-09,90513.1015625,90386.6484375,0,0.49473363902401096,0,-0.001397069847536736,0.005266360975989037,HOLD,True,5
2026-01-10,90386.6484375,90827.4609375,1,0.46756354125727406,0,0.004876964768804504,0.03243645874272594,HOLD,False,5
2026-01-11,90827.4609375,91192.9921875,1,0.4689404315738341,0,0.004024457429802286,0.031059568426165918,HOLD,False,5
2026-01-12,91192.9921875,95321.78125,1,0.475520077152676,0,0.04527528885126264,0.024479922847323976,HOLD,False,5
2026-01-13,95321.78125,96929.328125,1,0.5013773512540474,1,0.016864423365986925,0.0013773512540473654,HOLD,True,5
2026-01-14,96929.328125,95551.1875,0,0.5131718962598442,1,-0.01421799419905967,0.013171896259844162,HOLD,False,5
2026-01-15,95551.1875,95525.1171875,0,0.48143319184204736,0,-0.00027284132392391136,0.01856680815795264,HOLD,True,5
2026-01-16,95525.1171875,95099.921875,0,0.48454743024079155,0,-0.004451136256293897,0.015452569759208445,HOLD,True,5
2026-01-17,95099.921875,93634.4296875,0,0.47551625218039884,0,-0.01541002514624834,0.024483747819601165,HOLD,True,5
2026-01-18,93634.4296875,92553.59375,0,0.4613405727857309,0,-0.011543146480490485,0.038659427214269126,HOLD,True,5
2026-01-19,92553.59375,88310.90625,0,0.4832803347192514,0,-0.04584033237499219,0.016719665280748586,HOLD,True,5
2026-01-20,88310.90625,89376.9609375,1,0.5029949654318657,1,0.012071608510981546,0.002994965431865726,HOLD,True,5
2026-01-21,89376.9609375,89462.453125,1,0.47240002572018946,0,0.000956534957143873,0.027599974279810535,HOLD,False,5
2026-01-22,89462.453125,89503.875,1,0.47957094175760917,0,0.00046300848627667257,0.02042905824239083,HOLD,False,5
2026-01-23,89503.875,89110.734375,0,0.4862097330206511,0,-0.00439244250598092,0.013790266979348875,HOLD,True,5
2026-01-24,89110.734375,86572.21875,0,0.48313870887449173,0,-0.028487203509257375,0.01686129112550827,HOLD,True,5
2026-01-25,86572.21875,88267.140625,1,0.5605362877036733,1,0.019578126787931138,0.06053628770367325,BUY,True,5
2026-01-26,88267.140625,89102.5703125,1,0.444502187890576,0,0.009464787027023913,0.055497812109424005,SELL,False,5
2026-01-27,89102.5703125,89184.5703125,1,0.4538797478562982,0,0.0009202877056453396,0.0461202521437018,HOLD,False,5
2026-01-28,89184.5703125,84561.5859375,0,0.458298525339794,0,-0.05183614563372574,0.04170147466020602,HOLD,True,5
2026-01-29,84561.5859375,84128.65625,0,0.4823012780670366,0,-0.005119696877728619,0.0176987219329634,HOLD,True,5
2026-01-30,84128.65625,78621.1171875,0,0.479215847912162,0,-0.06546567255435032,0.020784152087838015,HOLD,True,5
2026-01-31,78621.1171875,76974.4453125,0,0.5513970290327349,1,-0.02094439679701987,0.05139702903273491,BUY,False,5
2026-02-01,76974.4453125,78688.765625,1,0.5594864649736022,1,0.022271291537603544,0.059486464973602216,BUY,True,5
2026-02-02,78688.765625,75633.546875,0,0.5160963546500117,1,-0.03882661934945053,0.01609635465001169,HOLD,False,5
2026-02-03,75633.546875,73019.703125,0,0.6397936126347334,1,-0.03455931736640505,0.13979361263473344,BUY,False,5
2026-02-04,73019.703125,62702.09765625,0,0.7089737458076951,1,-0.14129892381358544,0.20897374580769512,BUY,False,5
2026-02-05,62702.09765625,70555.390625,1,0.6339789651282074,1,0.1252476912623226,0.1339789651282074,BUY,True,5
2026-02-06,70555.390625,69281.96875,0,0.43845086547888695,0,-0.018048541205989532,0.06154913452111305,SELL,True,5
2026-02-07,69281.96875,70264.7265625,1,0.5651312895050871,1,0.014184900201757111,0.06513128950508706,BUY,True,5
2026-02-08,70264.7265625,70120.78125,0,0.46553665228432,0,-0.00204861414171964,0.03446334771567999,HOLD,True,5
2026-02-09,70120.78125,68793.9609375,0,0.5665151258559188,1,-0.018921927121284043,0.06651512585591879,BUY,False,5
2026-02-10,68793.9609375,66991.96875,0,0.5412562774630658,1,-0.02619404614799148,0.041256277463065816,HOLD,False,5
2026-02-11,66991.96875,66221.84375,0,0.6779372518799395,1,-0.011495780977477277,0.17793725187993947,BUY,False,5
2026-02-12,66221.84375,68857.84375,1,0.5918051135393192,1,0.039805596623848194,0.0918051135393192,BUY,True,5
2026-02-13,68857.84375,69767.625,1,0.48327716840473556,0,0.013212456278809848,0.016722831595264442,HOLD,False,5
2026-02-14,69767.625,68788.1875,0,0.47300394872646156,0,-0.014038567315427408,0.026996051273538435,HOLD,True,5
2026-02-15,68788.1875,68843.15625,1,0.526361986590256,1,0.000799101589935125,0.026361986590256015,HOLD,True,5
2026-02-16,68843.15625,67494.21875,0,0.534262686209671,1,-0.019594358734823403,0.03426268620967099,HOLD,False,5
2026-02-17,67494.21875,66425.3203125,0,0.51946865932394,1,-0.015836888807606253,0.01946865932394004,HOLD,False,5
2026-02-18,66425.3203125,66957.5234375,1,0.5368524212836614,1,0.008012052068341324,0.036852421283661396,HOLD,True,5
2026-02-19,66957.5234375,68005.421875,1,0.5045396010579191,1,0.015650197075734784,0.004539601057919063,HOLD,True,5
2026-02-20,68005.421875,68003.765625,0,0.486433250833588,0,-2.435467576455963e-05,0.013566749166411984,HOLD,True,5
2026-02-21,68003.765625,67659.390625,0,0.5185398574442684,1,-0.005064057803784272,0.01853985744426845,HOLD,False,5
2026-02-22,67659.390625,64616.73828125,0,0.5049642899752365,1,-0.04497014110892317,0.004964289975236458,HOLD,False,5
2026-02-23,64616.73828125,64080.04296875,0,0.5820442846085337,1,-0.008305824880296298,0.08204428460853375,BUY,False,5
2026-02-24,64080.04296875,67960.125,1,0.560987116171837,1,0.060550552894326426,0.06098711617183705,BUY,True,5
2026-02-25,67960.125,67453.7734375,0,0.5117578093742778,1,-0.007450715585058165,0.011757809374277839,HOLD,False,5
2026-02-26,67453.7734375,65881.796875,0,0.5169940505453811,1,-0.023304501473983996,0.016994050545381056,HOLD,False,5
2026-02-27,65881.796875,66995.859375,1,0.5733502752693699,1,0.016910019957618205,0.07335027526936988,BUY,True,5
2026-02-28,66995.859375,65738.1015625,0,0.49432933184293415,0,-0.018773664883674046,0.00567066815706585,HOLD,True,5
2026-03-01,65738.1015625,68775.8515625,1,0.5613791734038107,1,0.04620988327616793,0.061379173403810716,BUY,True,5
2026-03-02,68775.8515625,68293.6484375,0,0.4956683797621715,0,-0.007011227255569463,0.004331620237828515,HOLD,True,5
2026-03-03,68293.6484375,72710.578125,1,0.46608683941335877,0,0.06467555605177866,0.03391316058664123,HOLD,False,5
2026-03-04,72710.578125,70841.125,0,0.5176172492980738,1,-0.025710882421896564,0.017617249298073845,HOLD,False,5
2026-03-05,70841.125,68136.4921875,0,0.5745270877249935,1,-0.03817885179689062,0.0745270877249935,BUY,False,5
2026-03-06,68136.4921875,67272.59375,0,0.5472133121098923,1,-0.01267893913767526,0.047213312109892325,HOLD,False,5
2026-03-07,67272.59375,65969.78125,0,0.47820385453401354,0,-0.01936617019467901,0.02179614546598646,HOLD,True,5
2026-03-08,65969.78125,68402.3828125,1,0.5171296246980539,1,0.03687448277691541,0.017129624698053902,HOLD,True,5
2026-03-09,68402.3828125,69926.921875,1,0.47777381555140086,0,0.022287806357257578,0.02222618444859914,HOLD,False,5
2026-03-10,69926.921875,70204.8828125,1,0.47234047249609906,0,0.003975020350486469,0.027659527503900938,HOLD,False,5
2026-03-11,70204.8828125,70493.4609375,1,0.4730523642284523,0,0.004110513591636167,0.026947635771547684,HOLD,False,5
2026-03-12,70493.4609375,70968.265625,1,0.4283736534233499,0,0.006735442992662266,0.07162634657665012,SELL,False,5
2026-03-13,70968.265625,71214.625,1,0.46914338068734707,0,0.0034714019404360474,0.030856619312652933,HOLD,False,5
2026-03-14,71214.625,72789.9140625,1,0.4503182589187595,0,0.022120302711697182,0.049681741081240516,HOLD,False,5
2026-03-15,72789.9140625,74861.0859375,1,0.4668095636707079,0,0.028454105238008953,0.03319043632929208,HOLD,False,5
2026-03-16,74861.0859375,73922.4765625,0,0.46200401861706014,0,-0.01253801442025071,0.03799598138293986,HOLD,True,5
2026-03-17,73922.4765625,71245.578125,0,0.49467407310629824,0,-0.0362122396594321,0.00532592689370176,HOLD,True,5
2026-03-18,71245.578125,69912.7890625,0,0.5240258475241786,1,-0.01870697238447039,0.02402584752417858,HOLD,False,5
2026-03-19,69912.7890625,70522.5859375,1,0.4747192562098268,0,0.008722250723753211,0.0252807437901732,HOLD,False,5
2026-03-20,70522.5859375,68711.5234375,0,0.4617009675938796,0,-0.025680602546325204,0.038299032406120426,HOLD,True,5
2026-03-21,68711.5234375,67845.2109375,0,0.5740715728111111,1,-0.012607965253281006,0.0740715728111111,BUY,False,5
2026-03-22,67845.2109375,70914.859375,1,0.5159802699698294,1,0.04524488014825101,0.015980269969829375,HOLD,True,5
2026-03-23,70914.859375,70517.859375,0,0.47150565613799955,0,-0.005598262529164066,0.02849434386200045,HOLD,True,5
2026-03-24,70517.859375,71309.8828125,1,0.4817690583557183,0,0.011231529778693128,0.018230941644281684,HOLD,False,5
2026-03-25,71309.8828125,68791.625,0,0.46136639895668263,0,-0.03531428903229905,0.03863360104331737,HOLD,True,5
2026-03-26,68791.625,66338.375,0,0.5235299180679682,1,-0.035662044616623034,0.023529918067968225,HOLD,False,5
2026-03-27,66338.375,66319.6953125,0,0.5394875448228125,1,-0.0002815819275042708,0.03948754482281247,HOLD,False,5
2026-03-28,66319.6953125,65954.921875,0,0.4924251230085983,0,-0.005500227885263609,0.007574876991401691,HOLD,True,5
2026-03-29,65954.921875,66691.4453125,1,0.49918542321853104,0,0.011167073154841889,0.0008145767814689564,HOLD,False,5
2026-03-30,66691.4453125,68233.3125,1,0.4994927919160598,0,0.02311941479563351,0.0005072080839402249,HOLD,False,5
2026-03-31,68233.3125,68078.5546875,0,0.43056181936302407,0,-0.002268068291422898,0.06943818063697593,SELL,True,5
2026-04-01,68078.5546875,66888.5703125,0,0.48554276435333443,0,-0.017479577533077273,0.014457235646665567,HOLD,True,5
2026-04-02,66888.5703125,66931.1015625,1,0.5115118278476232,1,0.0006358522809097877,0.011511827847623168,HOLD,True,5
2026-04-03,66931.1015625,67290.515625,1,0.46486783694244577,0,0.005369911059425414,0.03513216305755423,HOLD,False,5
2026-04-04,67290.515625,68981.8984375,1,0.44876122186837253,0,0.02513553056906015,0.05123877813162747,SELL,False,5
2026-04-05,68981.8984375,68859.828125,0,0.4434821025301744,0,-0.0017695992030517527,0.056517897469825606,SELL,True,5
2026-04-06,68859.828125,71940.703125,1,0.47549436026858216,0,0.04474125312086663,0.02450563973141784,HOLD,False,5
2026-04-07,71940.703125,71123.359375,0,0.5006757156511157,1,-0.011361353371537541,0.0006757156511156825,HOLD,False,5
2026-04-08,71123.359375,71767.828125,1,0.48863812437167675,0,0.009061281070850802,0.011361875628323248,HOLD,False,5
2026-04-09,71767.828125,72979.046875,1,0.4829071641013262,0,0.016876904061948084,0.017092835898673775,HOLD,False,5
2026-04-10,72979.046875,73054.2734375,1,0.47833115379609287,0,0.0010307967248304184,0.021668846203907133,HOLD,False,5
2026-04-11,73054.2734375,70753.40625,0,0.4969685980959412,0,-0.031495312720733026,0.003031401904058817,HOLD,True,5
2026-04-12,70753.40625,74484.640625,1,0.5196694723951137,1,0.05273575609654846,0.01966947239511374,HOLD,True,5
2026-04-13,74484.640625,74181.609375,0,0.49732432893626394,0,-0.004068372317531099,0.0026756710637360626,HOLD,True,5
2026-04-14,74181.609375,74805.078125,1,0.509344537210263,1,0.008404626904874313,0.00934453721026296,HOLD,True,5
2026-04-15,74805.078125,75152.1328125,1,0.5098005059710047,1,0.004639453579876829,0.00980050597100468,HOLD,True,5
2026-04-16,75152.1328125,77126.875,1,0.47633219419532347,0,0.02627659540184779,0.023667805804676534,HOLD,False,5
2026-04-17,77126.875,75726.2109375,0,0.5291481363767697,1,-0.01816051878803593,0.029148136376769718,HOLD,False,5
2026-04-18,75726.2109375,73856.3515625,0,0.48978861638288973,0,-0.024692366775663332,0.01021138361711027,HOLD,True,5
2026-04-19,73856.3515625,75872.5234375,1,0.5371444338170079,1,0.027298557704868998,0.03714443381700794,HOLD,True,5
2026-04-20,75872.5234375,76352.7734375,1,0.4724478014010156,0,0.0063296958930805225,0.02755219859898439,HOLD,False,5
2026-04-21,76352.7734375,78203.1015625,1,0.4887267713826697,0,0.024233934691509473,0.011273228617330322,HOLD,False,5
2026-04-22,78203.1015625,78268.953125,1,0.5218327397916441,1,0.0008420581944230676,0.02183273979164413,HOLD,True,5
2026-04-23,78268.953125,77455.3125,0,0.5051404568835797,1,-0.010395445352393673,0.005140456883579669,HOLD,False,5
2026-04-24,77455.3125,77612.015625,1,0.4998591956990167,0,0.0020231423764509593,0.00014080430098328822,HOLD,False,5
2026-04-25,77612.015625,78657.5390625,1,0.4943524427739001,0,0.013471154293320797,0.005647557226099886,HOLD,False,5
2026-04-26,78657.5390625,77366.625,0,0.5023919427453691,1,-0.01641182876919478,0.0023919427453691355,HOLD,False,5
2026-04-27,77366.625,76350.671875,0,0.4963808023371086,0,-0.013131671764148978,0.003619197662891427,HOLD,True,5
2026-04-28,76350.671875,75776.1328125,0,0.48120047946325106,0,-0.007525003361340765,0.018799520536748937,HOLD,True,5
2026-04-29,75776.1328125,76304.3203125,1,0.5089765813890684,1,0.00697036758667724,0.008976581389068428,HOLD,True,5
2026-04-30,76304.3203125,78179.0,1,0.47507429022217373,0,0.024568460603834108,0.024925709777826266,HOLD,False,5
2026-05-01,78179.0,78657.25,1,0.49580658547162054,0,0.006117371672699878,0.004193414528379458,HOLD,False,5
2026-05-02,78657.25,78538.2265625,0,0.49182105265135534,0,-0.00151319093281288,0.00817894734864466,HOLD,True,5
2026-05-03,78538.2265625,79827.90625,1,0.5098077762809109,1,0.016421044171065935,0.009807776280910896,HOLD,True,5
2026-05-04,79827.90625,80927.0546875,1,0.496088207177552,0,0.013768974900303155,0.003911792822448024,HOLD,False,5
2026-05-05,80927.0546875,81427.53125,1,0.5013763591418496,1,0.006184292316489204,0.0013763591418496368,HOLD,True,5
2026-05-06,81427.53125,80009.9921875,0,0.5110248883211115,1,-0.017408596831308243,0.011024888321111481,HOLD,False,5
2026-05-07,80009.9921875,80186.765625,1,0.5056864089943465,1,0.0022093920105095144,0.00568640899434647,HOLD,True,5
2026-05-08,80186.765625,80664.3671875,1,0.4882446437862533,0,0.0059561145630133705,0.011755356213746682,HOLD,False,5
2026-05-09,80664.3671875,82138.9296875,1,0.5192283671728143,1,0.01828022150812214,0.019228367172814287,HOLD,True,5
2026-05-10,82138.9296875,81728.296875,0,0.503961292987904,1,-0.004999247178679611,0.0039612929879040415,HOLD,False,5
2026-05-11,81728.296875,80477.4921875,0,0.49081356323990527,0,-0.015304426194186482,0.00918643676009473,HOLD,True,5
2026-05-12,80477.4921875,79277.1171875,0,0.4997352526963658,0,-0.014915661104390687,0.000264747303634183,HOLD,True,5
2026-05-13,79277.1171875,81051.25,1,0.5278989730624716,1,0.022378876470797504,0.027898973062471577,HOLD,True,5
2026-05-14,81051.25,79065.6796875,0,0.48567850207297636,0,-0.024497713637975926,0.014321497927023641,HOLD,True,5
2026-05-15,79065.6796875,78131.4375,0,0.537539055354199,1,-0.0118160267665125,0.03753905535419899,HOLD,False,5
2026-05-16,78131.4375,77429.3515625,0,0.49403876081324694,0,-0.008985959556932488,0.0059612391867530645,HOLD,True,5
2026-05-17,77429.3515625,76954.171875,0,0.5025830167828537,1,-0.006136945201154598,0.0025830167828536643,HOLD,False,5
2026-05-18,76954.171875,76750.90625,0,0.47665189008275877,0,-0.002641385386229267,0.023348109917241233,HOLD,True,5
2026-05-19,76750.90625,77457.7734375,1,0.47657138776744146,0,0.009209887179670861,0.023428612232558543,HOLD,False,5
2026-05-20,77457.7734375,77539.171875,1,0.4539244857700591,0,0.0010508749979196708,0.046075514229940884,HOLD,False,5
2026-05-21,77539.171875,75488.2421875,0,0.4779907017899125,0,-0.02645023976792371,0.022009298210087513,HOLD,True,5
2026-05-22,75488.2421875,76673.3671875,1,0.5535508283127991,1,0.015699464786268935,0.053550828312799115,BUY,True,5
2026-05-23,76673.3671875,76981.125,1,0.46937475877224294,0,0.004013881531345742,0.03062524122775706,HOLD,False,5
2026-05-24,76981.125,77279.9296875,1,0.4541391236201296,0,0.0038815318365379436,0.04586087637987041,HOLD,False,5
2026-05-25,77279.9296875,75825.734375,0,0.46166836583396303,0,-0.01881724424932052,0.038331634166036965,HOLD,True,5
2026-05-26,75825.734375,74344.703125,0,0.5111738041332831,1,-0.019532039646005694,0.01117380413328306,HOLD,False,5
2026-05-27,74344.703125,73536.5546875,0,0.5172522920074915,1,-0.010870289388891785,0.017252292007491454,HOLD,False,5
2026-05-28,73536.5546875,73372.5234375,0,0.4872010171158998,0,-0.00223060831034394,0.012798982884100196,HOLD,True,5
2026-05-29,73372.5234375,73754.8359375,1,0.5196364884354522,1,0.0052105676905831455,0.019636488435452182,HOLD,True,5
2026-05-30,73754.8359375,73579.6875,0,0.48514184030755636,0,-0.002374738351372918,0.01485815969244364,HOLD,True,5
2026-05-31,73579.6875,71319.7734375,0,0.5116428085167871,1,-0.030713830668280595,0.011642808516787118,HOLD,False,5
2026-06-01,71319.7734375,66703.65625,0,0.5531868003200489,1,-0.06472422674681189,0.053186800320048855,BUY,False,5
2026-06-02,66703.65625,64014.3671875,0,0.5435398898535363,1,-0.04031696632071802,0.043539889853536295,HOLD,False,5
2026-06-03,64014.3671875,63801.57421875,0,0.6368342611054568,1,-0.0033241439086123536,0.13683426110545682,BUY,False,5
2026-06-04,63801.57421875,60922.66796875,0,0.5598255800322799,1,-0.04512280904119048,0.05982558003227989,BUY,False,5
2026-06-05,60922.66796875,60867.4140625,0,0.660408306580544,1,-0.0009069515189049637,0.16040830658054395,BUY,False,5
2026-06-06,60867.4140625,63239.51953125,1,0.5601604265670181,1,0.03897168140434348,0.060160426567018144,BUY,True,5
2026-06-07,63239.51953125,63090.58984375,0,0.5008134692155634,1,-0.0023550097882448773,0.000813469215563356,HOLD,False,5
2026-06-08,63090.58984375,61643.78125,0,0.5417832228844381,1,-0.022932240724538477,0.04178322288443814,HOLD,False,5
2026-06-09,61643.78125,61449.2890625,0,0.5708649847051432,1,-0.0031550982687325035,0.07086498470514324,BUY,False,5
2026-06-10,61449.2890625,63561.0546875,1,0.5424641481444299,1,0.0343659895373587,0.04246414814442989,HOLD,True,5
2026-06-11,63561.0546875,63543.19921875,0,0.46705450793988046,0,-0.000280918383714468,0.03294549206011954,HOLD,True,5
2026-06-12,63543.19921875,64421.32421875,1,0.5060291232521377,1,0.013819338824553329,0.006029123252137669,HOLD,True,5
2026-06-13,64421.32421875,65710.3984375,1,0.47544427174761733,0,0.020010054657876974,0.02455572825238267,HOLD,False,5
2026-06-14,65710.3984375,66289.5,1,0.4697396775573432,0,0.00881293640382963,0.030260322442656806,HOLD,False,5
2026-06-15,66289.5,65600.640625,0,0.4947605781691334,0,-0.010391681563445165,0.00523942183086662,HOLD,True,5
2026-06-16,65600.640625,64418.4453125,0,0.48644920272240627,0,-0.01802109402037566,0.013550797277593729,HOLD,True,5
2026-06-17,64418.4453125,62896.47265625,0,0.5122455432509136,1,-0.0236263487711752,0.012245543250913649,HOLD,False,5
2026-06-18,62896.47265625,63540.8359375,1,0.5323814166505869,1,0.010244823819797633,0.032381416650586914,HOLD,True,5
2026-06-19,63540.8359375,64239.67578125,1,0.46441126525075666,0,0.01099827903487749,0.035588734749243345,HOLD,False,5
2026-06-20,64239.67578125,63237.5390625,0,0.4529734952841264,0,-0.015599965388407244,0.04702650471587361,HOLD,True,5
2026-06-21,63237.5390625,63952.10546875,1,0.48255477514955364,0,0.01129971875635083,0.01744522485044636,HOLD,False,5
2026-06-22,63952.10546875,62668.01953125,0,0.48221154999480187,0,-0.02007886883610832,0.01778845000519813,HOLD,True,5
2026-06-23,62668.01953125,60995.1328125,0,0.5052202584620056,1,-0.026694424544815853,0.005220258462005578,HOLD,False,5
2026-06-24,60995.1328125,59721.67578125,0,0.5482219628448768,1,-0.02087801063020267,0.04822196284487679,HOLD,False,5
2026-06-25,59721.67578125,60016.4296875,1,0.5744314302775301,1,0.004935459402204856,0.07443143027753008,BUY,True,5
2026-06-26,60016.4296875,59940.09765625,0,0.5256517278005804,1,-0.0012718522519159503,0.02565172780058045,HOLD,False,5
2026-06-27,59940.09765625,59532.33984375,0,0.5168804764954918,1,-0.006802755224698642,0.016880476495491847,HOLD,False,5
2026-06-28,59532.33984375,60138.37890625,1,0.5308220613626674,1,0.010179997360940662,0.030822061362667408,HOLD,True,5
2026-06-29,60138.37890625,58558.859375,0,0.5119374468913294,1,-0.026264750729518727,0.011937446891329362,HOLD,False,5
2026-06-30,58558.859375,60003.7578125,1,0.5769538335032143,1,0.024674292718837698,0.07695383350321428,BUY,True,5
2026-07-01,60003.7578125,61485.30078125,1,0.5226428193536303,1,0.024690836420271145,0.022642819353630328,HOLD,True,5
2026-07-02,61485.30078125,62544.19921875,1,0.45315625718968844,0,0.017221977026140145,0.04684374281031156,HOLD,False,5
2026-07-03,62544.19921875,63088.3046875,1,0.4453652814539776,0,0.008699535297381988,0.05463471854602242,SELL,False,5
2026-07-04,63088.3046875,63547.8828125,1,0.4413756048025622,0,0.00728468021571449,0.058624395197437784,SELL,False,5
2026-07-05,63547.8828125,63995.015625,1,0.46232577337923997,0,0.0070361559301554966,0.03767422662076003,HOLD,False,5
2026-07-06,63995.015625,63297.39453125,0,0.47167312731059213,0,-0.010901178582999993,0.028326872689407867,HOLD,True,5
2026-07-07,63297.39453125,62257.57421875,0,0.4673479211426331,0,-0.01642753734494773,0.03265207885736687,HOLD,True,5
2026-07-08,62257.57421875,63193.1484375,1,0.48618818261455177,0,0.015027476262771566,0.013811817385448233,HOLD,False,5
2026-07-09,63193.1484375,64127.140625,1,0.4481450080099345,0,0.014779959704393386,0.05185499199006549,SELL,False,5
2026-07-10,64127.140625,63802.02734375,0,0.4571265343849316,0,-0.005069823448876076,0.042873465615068385,HOLD,True,5
2026-07-11,63802.02734375,63758.21875,0,0.49371429297644226,0,-0.0006866332556169086,0.006285707023557741,HOLD,True,5
2026-07-12,63758.21875,62239.12109375,0,0.5036074854101723,1,-0.023825911169295333,0.0036074854101723064,HOLD,False,5
2026-07-13,62239.12109375,64956.11328125,1,0.5351334797304025,1,0.043654089899621606,0.035133479730402484,HOLD,True,5
2026-07-14,64956.11328125,64712.375,0,0.4458814293040171,0,-0.0037523532264722714,0.054118570695982915,SELL,True,5
2026-07-15,64712.375,63789.28125,0,0.477074045453283,0,-0.014264562998962727,0.022925954546716976,HOLD,True,5
2026-07-16,63789.28125,63899.4609375,1,0.4727770481926074,0,0.0017272445360874134,0.027222951807392592,HOLD,False,5
2026-07-17,63899.4609375,64796.6015625,1,0.4672418368613928,0,0.014039877830542169,0.03275816313860719,HOLD,False,5
2026-07-18,64796.6015625,64690.8046875,0,0.45970579363282693,0,-0.0016327534538667088,0.04029420636717307,HOLD,True,5
2026-07-19,64690.8046875,65230.02734375,1,0.4701122059259556,0,0.008335383349377112,0.029887794074044405,HOLD,False,5
2026-07-20,65230.02734375,66505.125,1,0.47302905500387415,0,0.019547709976119876,0.026970944996125845,HOLD,False,5
2026-07-21,66505.125,66100.796875,0,0.4730045801472928,0,-0.0060796536357160536,0.026995419852707203,HOLD,True,5
2026-07-22,66100.796875,65044.8125,0,0.47298206284343014,0,-0.01597536527429344,0.02701793715656986,HOLD,True,5
2026-07-23,65044.8125,64098.49609375,0,0.4829104999259857,0,-0.01454868374399576,0.017089500074014274,HOLD,True,5
2026-07-24,64098.49609375,64311.8125,1,0.49835078103654223,0,0.003327947132145015,0.0016492189634577659,HOLD,False,5
2026-07-25,64311.8125,65340.30078125,1,0.47639031113792546,0,0.0159922142024842,0.02360968886207454,HOLD,False,5
2026-07-26,65340.30078125,63724.8984375,0,0.4591822165712149,0,-0.024722909512739144,0.040817783428785115,HOLD,True,5
2026-07-27,63724.8984375,63871.36328125,1,0.5444079615477492,1,0.0022983927372384194,0.044407961547749175,HOLD,True,5
2026-07-28,63871.36328125,63908.16796875,1,0.45518894620515293,0,0.0005762314378343625,0.04481105379484707,HOLD,False,5
2026-07-29,63908.16796875,64725.30859375,1,0.47843530058380795,0,0.012786168825862365,0.021564699416192046,HOLD,False,5
2026-07-30,64725.30859375,62813.74609375,0,0.4634023692110306,0,-0.02953346289931147,0.03659763078896938,HOLD,True,5
2026-07-31,62813.74609375,62763.3203125,0,0.546026661264456,1,-0.0008027825816142586,0.04602666126445598,HOLD,False,5
2026-08-01,62763.3203125,63482.0,1,0.4704719244026313,0,0.011450632055819865,0.029528075597368697,HOLD,False,5
2026-08-02,63482.0,63460.8984375,0,0.46215427395405917,0,-0.0003324022951387562,0.03784572604594083,HOLD,True,5
2026-08-03,63460.8984375,64055.953125,1,0.4767144187179369,0,0.009376713884472476,0.023285581282063095,HOLD,False,5
2026-08-04,64055.953125,64597.5,1,0.45326149482967487,0,0.008454278620180888,0.04673850517032513,HOLD,False,5
2026-08-05,64597.5,64262.11328125,0,0.4508903818816565,0,-0.005191945798986075,0.04910961811834352,HOLD,True,5
2026-08-06,64262.11328125,64880.19140625,1,0.466311584119105,0,0.009618079665306256,0.033688415880894995,HOLD,False,5
2026-08-07,64880.19140625,64904.6875,1,0.4795134545507607,0,0.0003775589007839475,0.02048654544923928,HOLD,False,5
2026-08-08,64904.6875,64844.88671875,0,0.5196887161233604,1,-0.0009213630564047781,0.019688716123360428,HOLD,False,5
2026-08-09,64844.88671875,63910.5859375,0,0.5148548567230943,1,-0.014408241397696031,0.014854856723094279,HOLD,False,5
2026-08-10,63910.5859375,63551.875,0,0.5188200018654614,1,-0.005612699871830218,0.0188200018654614,HOLD,False,5
2026-08-11,63551.875,63402.43359375,0,0.5167306542989294,1,-0.0023514869742238265,0.016730654298929393,HOLD,False,5
2026-08-12,63402.43359375,63402.171875,0,0.5226512317457157,1,-4.127897545336268e-06,0.022651231745715705,HOLD,False,5
2026-08-13,63402.171875,62975.59375,0,0.5016438499846052,1,-0.006728131109467572,0.0016438499846052057,HOLD,False,5
2026-08-14,62975.59375,63024.3203125,1,0.5068898845331012,1,0.0007737372464233783,0.006889884533101243,HOLD,True,5
2026-08-15,63024.3203125,62818.65234375,0,0.5477859233936516,1,-0.0032633111746420695,0.04778592339365162,HOLD,False,5
2026-08-16,62818.65234375,64506.25390625,1,0.5523613146928182,1,0.02686465722418352,0.05236131469281824,BUY,True,5
2026-08-17,64506.25390625,64680.7109375,1,0.5036031452005747,1,0.002704497946874218,0.0036031452005746978,HOLD,True,5
2026-08-18,64680.7109375,69266.1875,1,0.5049350757470327,1,0.07089403465170441,0.004935075747032669,HOLD,True,5
2026-08-19,69266.1875,73032.7578125,1,0.5298403748255349,1,0.054378195891032766,0.02984037482553492,HOLD,True,5
2026-08-20,73032.7578125,78335.1875,1,0.4877052111133629,0,0.0726034432536855,0.012294788886637098,HOLD,False,5
2026-08-21,78335.1875,77083.4140625,0,0.4844617621661475,0,-0.01597970819307737,0.015538237833852497,HOLD,True,5
2026-08-22,77083.4140625,77755.265625,1,0.5621361983939918,1,0.008715903034020478,0.06213619839399176,BUY,True,5
2026-08-23,77755.265625,78964.484375,1,0.5159986412604546,1,0.01555159949979279,0.015998641260454582,HOLD,True,5
2026-08-24,78964.484375,78564.9765625,0,0.4896218348502518,0,-0.005059335417207933,0.010378165149748209,HOLD,True,5
2026-08-25,78564.9765625,79027.421875,1,0.5550255283700528,1,0.005886150963618109,0.05502552837005281,BUY,True,5
2026-08-26,79027.421875,80257.5390625,1,0.5205950438668697,1,0.015565700592456544,0.020595043866869722,HOLD,True,5
2026-08-27,80257.5390625,77830.2890625,0,0.48274059842030054,0,-0.030243264724449048,0.017259401579699463,HOLD,True,5
2026-08-28,77830.2890625,78245.8125,1,0.5911994327414305,1,0.005338839705019138,0.0911994327414305,BUY,True,5
2026-08-29,78245.8125,77667.5703125,0,0.5184610235338049,1,-0.007390071992670499,0.018461023533804855,HOLD,False,5
2026-08-30,77667.5703125,78548.6328125,1,0.5539317295189585,1,0.011344020373690089,0.05393172951895853,BUY,True,5
2026-08-31,78548.6328125,77403.625,0,0.5174601940965493,1,-0.014577055914304693,0.01746019409654931,HOLD,False,5
2026-09-01,77403.625,77300.4765625,0,0.5531807105408301,1,-0.0013326047391191143,0.05318071054083007,BUY,False,5
2026-09-02,77300.4765625,81271.7421875,1,0.516385658729513,1,0.051374400283148214,0.01638565872951303,HOLD,True,5
2026-09-03,81271.7421875,79671.96875,0,0.5236066584577401,1,-0.019684251800695995,0.023606658457740126,HOLD,False,5
2026-09-04,79671.96875,79823.8671875,1,0.5019298336656433,1,0.001906548060543578,0.0019298336656432546,HOLD,True,5
2026-09-05,79823.8671875,80350.046875,1,0.507215881451369,1,0.006591758906694389,0.007215881451368977,HOLD,True,5
2026-09-06,80350.046875,79115.8515625,0,0.5040090143734842,1,-0.015360231393766743,0.004009014373484221,HOLD,False,5
2026-09-07,79115.8515625,78438.578125,0,0.49043000395181696,0,-0.00856052768344362,0.009569996048183038,HOLD,True,5
2026-09-08,78438.578125,78259.5234375,0,0.4843212636003579,0,-0.0022827375480297674,0.015678736399642124,HOLD,True,5
2026-09-09,78259.5234375,76568.125,0,0.5177851044122345,1,-0.021612685117496144,0.017785104412234465,HOLD,False,5
2026-09-10,76568.125,77173.796875,1,0.5252403798140899,1,0.007910235166395996,0.025240379814089886,HOLD,True,5
2026-09-11,77173.796875,77270.46875,1,0.49720167674444044,0,0.001252651533480753,0.002798323255559565,HOLD,False,5
2026-09-12,77270.46875,76699.65625,0,0.5177237851262834,1,-0.0073872012068000314,0.017723785126283365,HOLD,False,5
2026-09-14,76699.65625,,0,0.5222053257584107,1,,0.02220532575841072,HOLD,False,5
