Date,Target,Fold,Classical_Probability,Quantum_Probability,Hybrid_Probability,Classical_Prediction,Quantum_Prediction,Hybrid_Prediction
2021-05-05,0,1,0.5159112680187521,0.44140625,0.4935597626131264,1,0,0
2021-05-06,1,1,0.5062492475106738,0.5546875,0.5207807232574716,1,1,1
2021-05-07,1,1,0.499700618679534,0.51953125,0.5056498080756738,0,1,1
2021-05-08,0,1,0.5151414589692571,0.50390625,0.5117708962784799,1,1,1
2021-05-09,0,1,0.5237830871600884,0.48046875,0.5107887860120618,1,0,1
2021-05-10,1,1,0.5977235123544135,0.546875,0.5824689586480893,1,1,1
2021-05-11,0,1,0.44956359871676954,0.53125,0.47406951910173867,0,1,0
2021-05-12,1,1,0.581925649647492,0.45703125,0.5444573297532445,1,0,1
2021-05-13,1,1,0.4499767541641594,0.4375,0.44623372791491156,0,0,0
2021-05-14,0,1,0.5038015676941391,0.484375,0.4979735973858973,1,0,0
2021-05-15,0,1,0.5830383922550576,0.44921875,0.5428924995785402,1,0,1
2021-05-16,0,1,0.4668892474450533,0.51171875,0.4803380982115373,0,1,0
2021-05-17,0,1,0.63322135992002,0.4609375,0.581536201944014,1,0,1
2021-05-18,0,1,0.5884894668260111,0.46875,0.5525676267782078,1,0,1
2021-05-19,1,1,0.6426678703008416,0.51953125,0.6057268842105891,1,1,1
2021-05-20,0,1,0.4819028375582034,0.47265625,0.47912886129074234,0,0,0
2021-05-21,1,1,0.6331633224156646,0.52734375,0.6014174506909652,1,1,1
2021-05-22,0,1,0.5464260144726669,0.54296875,0.5453888351308668,1,1,1
2021-05-23,1,1,0.6571165869778064,0.51953125,0.6158409858844645,1,1,1
2021-05-24,0,1,0.5197170565730361,0.48828125,0.5102863146011253,1,0,1
2021-05-25,1,1,0.5338870948024137,0.4921875,0.5213772163616895,1,0,1
2021-05-26,0,1,0.5611614010300393,0.4921875,0.5404692307210275,1,0,1
2021-05-27,0,1,0.6128169205038665,0.578125,0.6024093443527065,1,1,1
2021-05-28,0,1,0.5937539884954615,0.49609375,0.564455916946823,1,0,1
2021-05-29,1,1,0.6623031498594874,0.47265625,0.6054090799016412,1,0,1
2021-05-30,1,1,0.5126636127934642,0.58984375,0.5358176539554249,1,1,1
2021-05-31,0,1,0.5461617517695934,0.48828125,0.5287976012387153,1,0,1
2021-06-01,1,1,0.5990018873696006,0.4921875,0.5669575711587204,1,0,1
2021-06-02,1,1,0.5263332272124456,0.4921875,0.5160895090487119,1,0,1
2021-06-03,0,1,0.4993025516947431,0.5,0.4995117861863201,0,1,0
2021-06-04,0,1,0.5100090614847714,0.515625,0.51169384303934,1,1,1
2021-06-05,1,1,0.6167566057970235,0.515625,0.5864171240579165,1,1,1
2021-06-06,0,1,0.5033264287970888,0.4609375,0.49060975015796215,1,0,0
2021-06-07,0,1,0.5758955031320614,0.5,0.553126852192443,1,1,1
2021-06-08,1,1,0.4597754143945372,0.48046875,0.465983415076176,0,0,0
2021-06-09,0,1,0.4909993630757109,0.4921875,0.4913558041529976,0,0,0
2021-06-10,1,1,0.592645273293914,0.51953125,0.5707110663057398,1,1,1
2021-06-11,0,1,0.4644854926145954,0.54296875,0.4880304698302167,0,1,0
2021-06-12,1,1,0.5384255063448322,0.4609375,0.5151791044413825,1,0,1
2021-06-13,1,1,0.501051908979967,0.484375,0.49604883628597685,1,0,0
2021-06-14,1,1,0.517082460779192,0.51171875,0.5154733475454343,1,1,1
2021-06-15,0,1,0.5560661152279508,0.5,0.5392462806595655,1,1,1
2021-06-16,0,1,0.5796894158047338,0.5,0.5557825910633136,1,1,1
2021-06-17,0,1,0.48803540235034587,0.50390625,0.4927966566452421,0,1,0
2021-06-18,0,1,0.5359097747562032,0.4921875,0.5227930923293422,1,0,1
2021-06-19,1,1,0.47155848164961056,0.47265625,0.47188781215472736,0,0,0
2021-06-20,0,1,0.45256701920947834,0.51171875,0.4703125384466348,0,1,0
2021-06-21,1,1,0.5594060914614949,0.52734375,0.5497873890230465,1,1,1
2021-06-22,1,1,0.4251314231357805,0.48046875,0.4417326211950463,0,0,0
2021-06-23,1,1,0.40426396511738555,0.46875,0.4236097755821699,0,0,0
2021-06-24,0,1,0.5281420886238177,0.4765625,0.5126682120366723,1,0,1
2021-06-25,1,1,0.640842633501616,0.41015625,0.5716367184511311,1,0,1
2021-06-26,1,1,0.42489221234295,0.48046875,0.441565173640065,0,0,0
2021-06-27,0,1,0.4465543185608903,0.48828125,0.45907239799262317,0,0,0
2021-06-28,1,1,0.5098816333985963,0.50390625,0.5080890183790173,1,1,1
2021-06-29,0,1,0.486809297566844,0.453125,0.47670400829679077,0,0,0
2021-06-30,0,1,0.528371874982908,0.5,0.5198603124880357,1,1,1
2021-07-01,1,1,0.5096679842285956,0.46484375,0.4962207139600169,1,0,0
2021-07-02,1,1,0.3960904624399263,0.44140625,0.4096851987079484,0,0,0
2021-07-03,1,1,0.49036003452795784,0.4453125,0.4768457741695704,0,0,0
2021-07-04,0,1,0.5098417152228205,0.515625,0.5115767006559744,1,1,1
2021-07-05,1,1,0.5183573093327484,0.48828125,0.5093344915329239,1,0,1
2021-07-06,0,1,0.4965685462490576,0.4921875,0.4952542323743403,0,0,0
2021-07-07,0,1,0.5294537167086135,0.546875,0.5346801016960294,1,1,1
2021-07-08,1,1,0.4913176339916928,0.45703125,0.48103171879418494,0,0,0
2021-07-09,0,1,0.426033764925145,0.546875,0.4622861354476015,0,1,0
2021-07-10,1,1,0.5451161994255839,0.4609375,0.5198625895979087,1,0,1
2021-07-11,0,1,0.5165557744418944,0.5,0.511589042109326,1,1,1
2021-07-12,0,1,0.5162531884566999,0.47265625,0.5031741069196899,1,0,1
2021-07-13,1,1,0.557661822600497,0.5234375,0.5473945258203479,1,1,1
2021-07-14,0,1,0.4379526788282817,0.46484375,0.44602000017979715,0,0,0
2021-07-15,0,1,0.542920171408249,0.51953125,0.5359034949857743,1,1,1
2021-07-16,1,1,0.5496248120342935,0.42578125,0.5124717434240054,1,0,1
2021-07-17,1,1,0.5042567627981681,0.46484375,0.4924328589587177,1,0,0
2021-07-18,0,1,0.5461754628981296,0.45703125,0.5194321990286906,1,0,1
2021-07-19,0,1,0.5438876494487336,0.45703125,0.5178307296141135,1,0,1
2021-07-20,1,1,0.583824858191845,0.42578125,0.5364117757342914,1,0,1
2021-07-21,1,1,0.5090489164529616,0.4921875,0.5039904915170731,1,0,1
2021-07-22,1,1,0.5120860628083539,0.421875,0.48502274396584766,1,0,0
2021-07-23,1,1,0.4846855954747059,0.484375,0.48459241683229415,0,0,0
2021-07-24,1,1,0.4850587670794787,0.515625,0.4942286369556351,0,1,0
2021-07-25,1,1,0.41650871648879234,0.4609375,0.42983735154215463,0,0,0
2021-07-26,1,1,0.5470171692508579,0.48828125,0.5293963934756005,1,0,1
2021-07-27,1,1,0.4828367162356752,0.45703125,0.4750950763649726,0,0,0
2021-07-28,1,1,0.5528135795615168,0.49609375,0.5357976306930617,1,0,1
2021-07-29,1,1,0.597131235240758,0.5390625,0.5797106146685306,1,1,1
2021-07-30,0,1,0.4187082378473758,0.53125,0.45247076649316303,0,1,0
2021-07-31,0,1,0.4958733912754774,0.5078125,0.4994551238928342,0,1,0
2021-08-01,0,1,0.6556899677097285,0.47265625,0.60077985239681,1,0,1
2021-08-02,0,1,0.5876677332344054,0.421875,0.5379299132640837,1,0,1
2021-08-03,1,1,0.5920056947715512,0.46875,0.5550289863400858,1,0,1
2021-08-04,1,1,0.4998790808990048,0.51171875,0.5034309816293033,0,1,1
2021-08-05,1,1,0.5161519241393409,0.4921875,0.5089625968975386,1,0,1
2021-08-06,1,1,0.5390253191771266,0.515625,0.5320052234239886,1,1,1
2021-08-07,0,1,0.5062833127616493,0.50390625,0.5055701939331545,1,1,1
2021-08-08,1,1,0.5702093362321317,0.48828125,0.5456309103624921,1,0,1
2021-08-09,0,1,0.4569150823563009,0.515625,0.47452805764941064,0,1,0
2021-08-10,1,1,0.5337627589676603,0.4921875,0.5212901812773623,1,0,1
2021-08-11,0,1,0.6354278600113148,0.51953125,0.6006588770079203,1,1,1
2021-08-12,1,1,0.6523345563395269,0.5,0.6066341894376688,1,1,1
2021-08-13,0,1,0.43815642214775324,0.515625,0.4613969955034273,0,1,0
2021-08-14,0,1,0.5168064747150529,0.48828125,0.508248907300537,1,0,1
2021-08-15,0,1,0.5204391400644116,0.48046875,0.5084480230450881,1,0,1
2021-08-16,0,1,0.587993463581234,0.4921875,0.5592516745068639,1,0,1
2021-08-17,1,1,0.6057355388454225,0.45703125,0.5611242521917957,1,0,1
2021-08-18,1,1,0.5441299821683386,0.47265625,0.522687862517837,1,0,1
2021-08-19,1,1,0.4887116853547419,0.4921875,0.4897544297483193,0,0,0
2021-08-20,0,1,0.4635516578513193,0.5390625,0.4862049104959235,0,1,0
2021-08-21,1,1,0.4912358625026903,0.42578125,0.4715994787518831,0,0,0
2021-08-22,1,1,0.521375274786302,0.49609375,0.5137908173504113,1,0,1
2021-08-23,0,1,0.559665389418229,0.51171875,0.5452813975927602,1,1,1
2021-08-24,1,1,0.6221696577691247,0.53125,0.5948937604383873,1,1,1
2021-08-25,0,1,0.5731647933483611,0.5,0.5512153553438528,1,1,1
2021-08-26,1,1,0.6506919098820165,0.47265625,0.5972812119174116,1,0,1
2021-08-27,0,1,0.549990600978615,0.46484375,0.5244465456850305,1,0,1
2021-08-28,0,1,0.636152303562754,0.5703125,0.6164003624939278,1,1,1
2021-08-29,0,1,0.6177578584445435,0.4765625,0.5753992509111804,1,0,1
2021-08-30,1,1,0.6505493482531935,0.47265625,0.5971814187772355,1,0,1
2021-08-31,1,1,0.549570593837399,0.50390625,0.5358712906861793,1,1,1
2021-09-01,1,1,0.5369333965886429,0.46875,0.5164783776120501,1,0,1
2021-09-02,1,1,0.6083866846681829,0.4296875,0.554776929267728,1,0,1
2021-09-03,0,1,0.6192567120631962,0.52734375,0.5916828234442373,1,1,1
2021-09-04,1,1,0.627291120207126,0.47265625,0.5809006591449881,1,0,1
2021-09-05,1,1,0.5674249622630528,0.5703125,0.568291223584137,1,1,1
2021-09-06,0,1,0.5598708995359805,0.484375,0.5372221296751862,1,0,1
2021-09-07,0,1,0.5633137460337174,0.47265625,0.5361164972236021,1,0,1
2021-09-08,1,1,0.5924287593961285,0.48828125,0.5611845065772899,1,0,1
2021-09-09,0,1,0.5226931702380267,0.484375,0.5111977191666187,1,0,1
2021-09-10,1,1,0.5904244360834116,0.4375,0.5445471052583881,1,0,1
2021-09-11,1,1,0.5102073920782559,0.453125,0.4930826744547791,1,0,0
2021-09-12,0,1,0.4864023772174786,0.515625,0.495169164052235,0,1,0
2021-09-13,1,1,0.5477029198999911,0.48828125,0.5298764189299938,1,0,1
2021-09-14,1,1,0.4391962314707621,0.46875,0.4480623620295334,0,0,0
2021-09-15,0,1,0.4498821576968435,0.46875,0.4555425103877904,0,0,0
2021-09-16,0,1,0.4954876754644858,0.515625,0.50152887282514,0,1,1
2021-09-17,1,1,0.5039304071935359,0.453125,0.4886887850354751,1,0,0
2021-09-18,0,1,0.4651801112749802,0.5,0.4756260778924861,0,1,0
2021-09-19,0,1,0.5191029316010625,0.47265625,0.5051689271207437,1,0,1
2021-09-20,0,1,0.5669180413494129,0.46875,0.537467628944589,1,0,1
2021-09-21,1,1,0.5426236703631799,0.44140625,0.512258444254226,1,0,1
2021-09-22,1,1,0.4720054457685665,0.4140625,0.4546225620379965,0,0,0
2021-09-23,0,1,0.46130527198634874,0.51953125,0.47877306539044406,0,1,0
2021-09-24,0,1,0.5655883658678889,0.49609375,0.5447399811075222,1,0,1
2021-09-25,1,1,0.5401344074758324,0.421875,0.5046565852330827,1,0,1
2021-09-26,0,1,0.4480948046427541,0.53125,0.47304136324992785,0,1,0
2021-09-27,0,1,0.546662466598985,0.46875,0.5232887266192895,1,0,1
2021-09-28,1,1,0.5139175613455487,0.484375,0.505054792941884,1,0,1
2021-09-29,1,1,0.5192251752763579,0.51953125,0.5193169976934505,1,1,1
2021-09-30,1,1,0.4643028818505927,0.4609375,0.46329326729541487,0,0,0
2021-10-01,0,1,0.485638742015467,0.53515625,0.5004939944108269,0,1,1
2021-10-02,1,1,0.5724810556058162,0.45703125,0.5378461139240713,1,0,1
2021-10-03,1,1,0.5268674002018157,0.50390625,0.519979055141271,1,1,1
2021-10-04,1,1,0.4964354546179281,0.49609375,0.4963329432325496,0,0,0
2021-10-05,1,1,0.5195369575482474,0.4453125,0.4972696202837731,1,0,0
2021-10-06,0,1,0.4783209734053279,0.546875,0.4988871813837295,0,1,0
2021-10-07,1,1,0.5856444004018198,0.49609375,0.5587792052812738,1,0,1
2021-10-08,1,1,0.5768653505758451,0.5078125,0.5561494954030916,1,1,1
2021-10-09,0,1,0.5223523648997417,0.5078125,0.5179904054298192,1,1,1
2021-10-10,1,1,0.6592069453249362,0.47265625,0.6032417367274553,1,0,1
2021-10-11,0,1,0.5407987144721556,0.53515625,0.5391059751305088,1,1,1
2021-10-12,1,1,0.6127725041367966,0.453125,0.5648782528957577,1,0,1
2021-10-13,0,1,0.5640503639574714,0.5078125,0.54717900477023,1,1,1
2021-10-14,1,1,0.6022288511372936,0.53515625,0.5821070707961056,1,1,1
2021-10-15,0,1,0.552756140106754,0.484375,0.5322417980747277,1,0,1
2021-10-16,1,1,0.6532830683823425,0.44921875,0.5920637728676397,1,0,1
2021-10-17,1,1,0.5328996845016837,0.484375,0.5183422791511786,1,0,1
2021-10-18,1,1,0.5976636018516298,0.49609375,0.5671926462961409,1,0,1
2021-10-19,1,1,0.5796735698168513,0.4140625,0.5299902488717958,1,0,1
2021-10-20,0,1,0.5052574954522849,0.4765625,0.49664899681659946,1,0,0
2021-10-21,0,1,0.6077168496482315,0.48828125,0.571886169753762,1,0,1
2021-10-22,1,1,0.6474434608325178,0.41796875,0.5786010475827624,1,0,1
2021-10-23,0,1,0.5775693186523695,0.54296875,0.5671891480566587,1,1,1
2021-10-24,1,1,0.5379660647955447,0.46484375,0.5160293703568812,1,0,1
2021-10-25,0,1,0.5845269214257662,0.5546875,0.5755750949980364,1,1,1
2021-10-26,0,1,0.627233779711281,0.453125,0.5750011457978967,1,0,1
2021-10-27,1,1,0.6305402525435685,0.48046875,0.5855188017804979,1,0,1
2021-10-28,1,1,0.5434316457844711,0.515625,0.5350896520491297,1,1,1
2021-10-29,0,1,0.5589562520840098,0.45703125,0.5283787514588069,1,0,1
2021-10-30,0,1,0.5402017325601816,0.46875,0.5187662127921271,1,0,1
2021-10-31,0,1,0.5774812110523689,0.4296875,0.5331430977366582,1,0,1
2021-11-01,1,1,0.6315759990030306,0.4921875,0.5897594493021214,1,0,1
2021-11-02,0,1,0.6244221887043413,0.45703125,0.5742049070930388,1,0,1
2021-11-03,0,1,0.5914549307529836,0.4296875,0.5429247015270885,1,0,1
2021-11-04,0,1,0.6410007569261341,0.47265625,0.5904974048482938,1,0,1
2021-11-05,1,1,0.6191538566844207,0.48046875,0.5775483246790944,1,0,1
2021-11-06,1,1,0.4820005394413746,0.51171875,0.4909160026089622,0,1,0
2021-11-07,1,1,0.5658073079665182,0.48046875,0.5402057405765628,1,0,1
2021-11-08,0,1,0.5866437262439984,0.4765625,0.5536193583707989,1,0,1
2021-11-09,0,1,0.6318134421081354,0.5234375,0.5993006594756948,1,1,1
2021-11-10,0,1,0.6940438374266386,0.484375,0.631143186198647,1,0,1
2021-11-11,0,1,0.6114645368342579,0.48828125,0.5745095507839806,1,0,1
2021-11-12,1,1,0.6013300710843668,0.484375,0.5662435497590567,1,0,1
2021-11-13,1,1,0.5380432160765772,0.5078125,0.528974001253604,1,1,1
2021-11-14,0,1,0.5459301229578991,0.46875,0.5227760860705293,1,0,1
2021-11-15,0,1,0.6436709075827785,0.45703125,0.5876790103079449,1,0,1
2021-11-16,1,1,0.596964467505525,0.53515625,0.5784220022538675,1,1,1
2021-11-17,0,1,0.4751800698935577,0.4765625,0.4755947989254904,0,0,0
2021-11-18,1,1,0.5891950548441323,0.49609375,0.5612646633908925,1,0,1
2021-11-19,1,1,0.41221463765611605,0.54296875,0.45144087135928124,0,1,0
2021-11-20,0,1,0.4111303604270106,0.4609375,0.42607250229890736,0,0,0
2021-11-21,0,1,0.5538961015603506,0.50390625,0.5388991460922454,1,1,1
2021-11-22,1,1,0.5387926132963569,0.46875,0.5177798293074498,1,0,1
2021-11-23,0,1,0.42108357611647684,0.53515625,0.4553053782815337,0,1,0
2021-11-24,1,1,0.5238086392190697,0.50390625,0.5178379224533488,1,1,1
2021-11-25,0,1,0.5471348457775153,0.57421875,0.5552600170442606,1,1,1
2021-11-26,1,1,0.5571566553244182,0.4453125,0.5236034087270927,1,0,1
2021-11-27,1,1,0.5241099453857262,0.453125,0.5028144617700083,1,0,1
2021-11-28,1,1,0.43771369733170945,0.4765625,0.44936833813219657,0,0,0
2021-11-29,0,1,0.5359327498141888,0.453125,0.5110904248699322,1,0,1
2021-11-30,1,1,0.5661132820112684,0.45703125,0.5333886724078879,1,0,1
2021-12-01,0,1,0.5166547881365608,0.5,0.5116583516955926,1,1,1
2021-12-02,0,1,0.5332540708783119,0.45703125,0.5103872246148183,1,0,1
2021-12-03,0,1,0.5003366759239436,0.47265625,0.4920325481467605,1,0,0
2021-12-04,1,1,0.5011651378754552,0.54296875,0.5137062215128186,1,1,1
2021-12-05,1,1,0.5112159384471753,0.515625,0.5125386569130227,1,1,1
2021-12-06,1,1,0.4254522388703385,0.46875,0.43844156720923694,0,0,0
2021-12-07,0,1,0.49812341959308026,0.484375,0.49399889371515615,0,0,0
2021-12-08,0,1,0.5143138081424025,0.49609375,0.5088477906996817,1,0,1
2021-12-09,0,1,0.6165273699515901,0.47265625,0.5733660339661131,1,0,1
2021-12-10,1,1,0.4730300528273573,0.46875,0.4717460369791501,0,0,0
2021-12-11,1,1,0.446564394844629,0.4296875,0.4415013263912403,0,0,0
2021-12-12,0,1,0.46790168828859696,0.4765625,0.4704999318020179,0,0,0
2021-12-13,0,1,0.5106829785468272,0.47265625,0.499274959982779,1,0,0
2021-12-14,1,1,0.5272456916895732,0.5078125,0.5214157341827013,1,1,1
2021-12-15,0,1,0.4471025956273252,0.5234375,0.47000306693912763,0,1,0
2021-12-16,0,1,0.5483588457868245,0.5,0.5338511920507771,1,1,1
2021-12-17,1,1,0.5333274819234541,0.50390625,0.5245011123464178,1,1,1
2021-12-18,0,1,0.4698073472767421,0.54296875,0.49175576809371946,0,1,0
2021-12-19,1,1,0.5743023184189359,0.5,0.5520116228932551,1,1,1
2021-12-20,1,1,0.4750588086434444,0.51953125,0.4884005410504111,0,1,0
2021-12-21,0,1,0.4614126788727323,0.51953125,0.4788482502109126,0,1,0
2021-12-22,1,1,0.5418359811098801,0.49609375,0.528113311776916,1,0,1
2021-12-23,1,1,0.4791548749553211,0.546875,0.49947091246872477,0,1,0
2021-12-24,0,1,0.5287919111881499,0.5234375,0.5271855878317049,1,1,1
2021-12-25,1,1,0.5619663549446936,0.51953125,0.5492358234612855,1,1,1
2021-12-26,0,1,0.46956547400944243,0.50390625,0.4798677068066096,0,1,0
2021-12-27,0,1,0.5678346807788913,0.5,0.5474842765452239,1,1,1
2021-12-28,0,1,0.5294595282374016,0.5390625,0.5323404197661811,1,1,1
2021-12-29,1,1,0.5603800032198746,0.50390625,0.5434378772539121,1,1,1
2021-12-30,0,1,0.4912295019192284,0.5,0.4938606513434598,0,1,0
2021-12-31,1,1,0.5388564482184911,0.4765625,0.5201682637529438,1,0,1
2022-01-01,0,1,0.45795294542491044,0.51171875,0.47408268679743726,0,1,0
2022-01-02,0,1,0.4927550967822952,0.44140625,0.47735044274760663,0,0,0
2022-01-03,0,1,0.4800790447066431,0.5078125,0.48839908129465015,0,1,0
2022-01-04,0,1,0.5054011964301725,0.515625,0.5084683375011207,1,1,1
2022-01-05,0,1,0.56778859893009,0.46875,0.538077019251063,1,0,1
2022-01-06,0,1,0.4795154046610224,0.51171875,0.48917640826271563,0,1,0
2022-01-07,1,1,0.5709091709463935,0.5078125,0.5519801696624754,1,1,1
2022-01-08,1,1,0.526141478865506,0.515625,0.5229865352058541,1,1,1
2022-01-09,0,1,0.5296910547314707,0.46484375,0.5102368633120294,1,0,1
2022-01-10,1,1,0.47583924515485726,0.46875,0.4737124716084001,0,0,0
2022-01-11,1,1,0.4592937297040335,0.46484375,0.4609587357928234,0,0,0
2022-01-12,0,1,0.46543993359183455,0.5,0.4758079535142842,0,1,0
2022-01-13,1,1,0.5773126852678285,0.4609375,0.54240012968748,1,0,1
2022-01-14,1,1,0.4886420457188921,0.4609375,0.4803306820032245,0,0,0
2022-01-15,0,1,0.5568672969373382,0.4609375,0.5280883578561367,1,0,1
2022-01-16,0,1,0.553874939900859,0.44921875,0.5224780829306013,1,0,1
2022-01-17,1,1,0.5050301215519439,0.51953125,0.5093804600863607,1,1,1
2022-01-18,0,1,0.49393579842679747,0.54296875,0.5086456838987582,0,1,1
2022-01-19,0,1,0.5109844806364288,0.4453125,0.4912828864455001,1,0,0
2022-01-20,0,1,0.5903175675836451,0.48046875,0.5573629223085516,1,0,1
2022-01-21,0,1,0.5652345152157365,0.53515625,0.5562110356510156,1,1,1
2022-01-22,1,1,0.5934792700133287,0.53125,0.57481048900933,1,1,1
2022-01-23,1,1,0.42549583394972645,0.4765625,0.4408158337648085,0,0,0
2022-01-24,1,1,0.4942873980905016,0.49609375,0.4948293036633511,0,0,0
2022-01-25,0,1,0.4938808810541923,0.453125,0.48165411673793457,0,0,0
2022-01-26,1,1,0.4837194394663487,0.4765625,0.4815723576264441,0,0,0
2022-01-27,1,1,0.4290712515191389,0.53125,0.4597248760633972,0,1,0
2022-01-28,1,1,0.45007876661373364,0.4453125,0.44864888662961355,0,0,0
2022-01-29,0,1,0.5259057233429751,0.4375,0.4993840063400826,1,0,0
2022-01-30,1,1,0.5160581433797581,0.45703125,0.49835007536583065,1,0,0
2022-01-31,1,1,0.45049735240126976,0.51953125,0.47120752168088875,0,1,0
2022-02-01,0,1,0.4819522904023243,0.44140625,0.46978847828162695,0,0,0
2022-02-02,1,1,0.6104696231270708,0.50390625,0.5785006111889495,1,1,1
2022-02-03,1,1,0.4358398479681896,0.46484375,0.44454101857773265,0,0,0
2022-02-04,0,1,0.48080220610636687,0.48046875,0.48070216927445675,0,0,0
2022-02-05,1,1,0.6286090758249497,0.51171875,0.5935419780774648,1,1,1
2022-02-06,1,1,0.4635403334068781,0.47265625,0.4662751083848147,0,0,0
2022-02-07,1,1,0.4936126965464914,0.46875,0.48615388758254396,0,0,0
2022-02-08,1,1,0.5456982828582445,0.53125,0.5413637980007711,1,1,1
2022-02-09,0,1,0.5388296224330066,0.5,0.5271807357031045,1,1,1
2022-02-10,0,1,0.6203676612388648,0.515625,0.5889448628672054,1,1,1
2022-02-11,0,1,0.594012182799957,0.453125,0.55174602795997,1,0,1
2022-02-12,0,1,0.5796662633957309,0.49609375,0.5545945093770116,1,0,1
2022-02-13,1,1,0.5646163672873955,0.5,0.5452314571011768,1,1,1
2022-02-14,1,1,0.500802695521989,0.48828125,0.49704626186539225,1,0,0
2022-02-15,0,1,0.5268554142101523,0.5,0.5187987899471066,1,1,1
2022-02-16,0,1,0.5188816271384504,0.5,0.5132171389969152,1,1,1
2022-02-17,0,1,0.5651044498498917,0.421875,0.5221356148949242,1,0,1
2022-02-18,1,1,0.5013374935791518,0.5234375,0.5079674955054062,1,1,1
2022-02-19,0,1,0.5203551924116337,0.46875,0.5048736346881436,1,0,1
2022-02-20,0,1,0.5459051244675233,0.4921875,0.5297898371272662,1,0,1
2022-02-21,1,1,0.5857837122603029,0.44140625,0.542470473582212,1,0,1
2022-02-22,0,1,0.38973475018640713,0.515625,0.42750182513048496,0,1,0
2022-02-23,1,1,0.579430076703405,0.49609375,0.5544291786923835,1,0,1
2022-02-24,1,1,0.4561528534912624,0.5390625,0.4810257474438836,0,1,0
2022-02-25,0,1,0.4611724130774981,0.5,0.4728206891542487,0,1,0
2022-02-26,0,1,0.570117889709549,0.53515625,0.5596293977966843,1,1,1
2022-02-27,1,1,0.5405436776509793,0.53125,0.5377555743556854,1,1,1
2022-02-28,1,1,0.5484637476757263,0.515625,0.5386121233730083,1,1,1
2022-03-01,0,1,0.5093905176165233,0.46484375,0.4960264873315663,1,0,0
2022-03-02,0,1,0.6027478282049681,0.5234375,0.5789547297434776,1,1,1
2022-03-03,0,1,0.6202694123528634,0.4609375,0.5724698386470043,1,0,1
2022-03-04,1,1,0.5454193777090404,0.5,0.5317935643963282,1,1,1
2022-03-05,0,1,0.4751624753864784,0.46484375,0.4720668577705348,0,0,0
2022-03-06,0,1,0.5151871073314189,0.49609375,0.5094591001319932,1,0,1
2022-03-07,1,1,0.5359176209199954,0.484375,0.5204548346439968,1,0,1
2022-03-08,1,1,0.4740372892851502,0.45703125,0.4689354774996052,0,0,0
2022-03-09,0,1,0.4660159950681884,0.5,0.4762111965477319,0,1,0
2022-03-10,0,1,0.5584860850406647,0.53125,0.5503152595284653,1,1,1
2022-03-11,1,1,0.5016313886958965,0.48046875,0.4952825970871275,1,0,0
2022-03-12,0,1,0.5447675194311906,0.51171875,0.5348528886018333,1,1,1
2022-03-13,1,1,0.5861636550433666,0.51171875,0.5638301835303566,1,1,1
2022-03-14,0,1,0.4904630182543923,0.48046875,0.48746473777807464,0,0,0
2022-03-15,1,1,0.515416293979644,0.4765625,0.5037601557857507,1,0,1
2022-03-16,0,1,0.5143518162674651,0.56640625,0.5299681463872254,1,1,1
2022-03-17,1,1,0.5442059901313382,0.48046875,0.5250848180919367,1,0,1
2022-03-18,1,1,0.4327654941162725,0.4921875,0.4505920958813907,0,0,0
2022-03-19,0,1,0.5534035423147596,0.515625,0.5420699796203318,1,1,1
2022-03-20,0,1,0.4962808551275492,0.453125,0.48333409858928444,0,0,0
2022-03-21,1,1,0.5138225776279532,0.48828125,0.5061601793395673,1,0,1
2022-03-22,1,1,0.5338609521554969,0.47265625,0.5154995415088478,1,0,1
2022-03-23,1,1,0.5087086559006586,0.42578125,0.483830434130461,1,0,0
2022-03-24,1,1,0.5014162152674156,0.5,0.5009913506871909,1,1,1
2022-03-25,1,1,0.4866415007133401,0.53125,0.5000240504993381,0,1,1
2022-03-26,1,1,0.547998843370208,0.48828125,0.5300835653591456,1,0,1
2022-03-27,1,1,0.4914508102163758,0.43359375,0.474093692151463,0,0,0
2022-03-28,1,1,0.5208372345533047,0.44140625,0.49700793918731323,1,0,0
2022-03-29,0,1,0.48945537155599433,0.48046875,0.48675938508919603,0,0,0
2022-03-30,0,1,0.5661216472789722,0.49609375,0.5451132780952805,1,0,1
2022-03-31,1,1,0.6284679466942665,0.44921875,0.5746931876859865,1,0,1
2022-04-01,0,1,0.4824752574171231,0.46875,0.47835768019198616,0,0,0
2022-04-02,1,1,0.632419527056364,0.484375,0.5880061689394547,1,0,1
2022-04-03,1,1,0.5389911612636251,0.515625,0.5319813128845375,1,1,1
2022-04-04,0,1,0.4809410484577974,0.50390625,0.48783060892045815,0,1,0
2022-04-05,0,1,0.5934724703531049,0.48828125,0.5619151042471734,1,0,1
2022-04-06,1,1,0.5600542252372913,0.53125,0.5514129576661039,1,1,1
2022-04-07,0,1,0.5281012645643742,0.42578125,0.4974052601950619,1,0,0
2022-04-08,1,1,0.587681838562136,0.50390625,0.5625491619934951,1,1,1
2022-04-09,0,1,0.4971229539185081,0.47265625,0.48978294274295564,0,0,0
2022-04-10,0,1,0.5258300924327295,0.49609375,0.5169091897029107,1,0,1
2022-04-11,1,1,0.5671707859648539,0.4765625,0.5399883001753978,1,0,1
2022-04-12,1,1,0.4358116257750564,0.51171875,0.45858376304253945,0,1,0
2022-04-13,0,1,0.4396381772883295,0.5390625,0.4694654741018306,0,1,0
2022-04-14,1,1,0.5662776346243217,0.48046875,0.5405349692370252,1,0,1
2022-04-15,0,1,0.4309603135488825,0.54296875,0.4645628444842177,0,1,0
2022-04-16,0,1,0.5461433492088418,0.42578125,0.5100347194461892,1,0,1
2022-04-17,1,1,0.4970742238104375,0.48046875,0.4920925816673062,0,0,0
2022-04-18,1,1,0.449836330084914,0.46875,0.4555104310594398,0,0,0
2022-04-19,0,1,0.4573696578593887,0.47265625,0.4619556355015721,0,0,0
2022-04-20,0,1,0.5588404028802182,0.515625,0.5458757820161527,1,1,1
2022-04-21,0,1,0.511500962286117,0.49609375,0.5068787986002818,1,0,1
2022-04-22,0,1,0.5429467800149798,0.4609375,0.5183439960104858,1,0,1
2022-04-23,0,1,0.5653390249795457,0.42578125,0.5234716924856819,1,0,1
2022-04-24,1,1,0.5131009180255168,0.46484375,0.49862376761786176,1,0,0
2022-04-25,0,1,0.45625017598612305,0.4609375,0.45765637319028607,0,0,0
2022-04-26,1,1,0.5878755783138857,0.51171875,0.56502852981972,1,1,1
2022-04-27,1,1,0.4455961148980962,0.5625,0.48066728042866735,0,1,0
2022-04-28,0,1,0.4835453313135295,0.4609375,0.47676298191947064,0,0,0
2022-04-29,0,1,0.5620473726794369,0.53125,0.5528081608756058,1,1,1
2022-04-30,1,1,0.5361848442442636,0.48046875,0.5194700159709845,1,0,1
2022-05-01,1,1,0.42716520015889725,0.49609375,0.44784376511122803,0,0,0
2022-05-02,0,1,0.5421658078691591,0.5078125,0.5318598155084113,1,1,1
2022-05-03,1,1,0.5083699344075604,0.4765625,0.4988277040852923,1,0,0
2022-05-04,0,1,0.4774957118703693,0.53515625,0.4947938733092585,0,1,0
2022-05-05,0,1,0.49122023278123456,0.484375,0.4891666629468642,0,0,0
2022-05-06,0,1,0.4369967927910221,0.51953125,0.46175712995371543,0,1,0
2022-05-07,0,1,0.4746788087046267,0.4609375,0.4705564160932386,0,0,0
2022-05-08,0,1,0.5536778668684265,0.52734375,0.5457776318078985,1,1,1
2022-05-09,1,1,0.5769533397717365,0.5234375,0.5608985878402155,1,1,1
2022-05-10,0,1,0.4614220819280144,0.47265625,0.4647923323496101,0,0,0
2022-05-11,1,1,0.5750118110559062,0.4765625,0.5454770177391343,1,0,1
2022-05-12,1,1,0.4665282235286498,0.4921875,0.47422600647005486,0,0,0
2022-05-13,1,1,0.4729807213850011,0.53515625,0.49163337996950074,0,1,0
2022-05-14,1,1,0.5010059481210881,0.5390625,0.5124229136847617,1,1,1
2022-05-15,0,1,0.4274612024667527,0.54296875,0.4621134667267268,0,1,0
2022-05-16,1,1,0.5533615417621777,0.45703125,0.5244624542335243,1,0,1
2022-05-17,0,1,0.5204989966949671,0.5078125,0.516693047686477,1,1,1
2022-05-18,1,1,0.5873323277145568,0.4609375,0.5494138794001897,1,0,1
2022-05-19,0,1,0.5181520826152242,0.4375,0.4939564578306569,1,0,0
2022-05-20,1,1,0.6423379874598993,0.46875,0.5902615912219296,1,0,1
2022-05-21,1,1,0.601315993236096,0.5390625,0.5826399452652672,1,1,1
2022-05-22,0,1,0.5088080271260884,0.51171875,0.5096812439882619,1,1,1
2022-05-23,1,1,0.5614467307387522,0.46875,0.5336377115171265,1,0,1
2022-05-24,0,1,0.4852912878303394,0.53125,0.49907890148123757,0,1,0
2022-05-25,0,1,0.5661372148171282,0.51171875,0.5498116753719897,1,1,1
2022-05-26,0,1,0.5558569850396893,0.4765625,0.5320686395277825,1,0,1
2022-05-27,1,1,0.5303494869786572,0.5,0.5212446408850601,1,1,1
2022-05-28,1,1,0.5053466248006508,0.46875,0.4943676373604556,1,0,0
2022-05-29,1,1,0.5541861245599938,0.484375,0.5332427871919957,1,0,1
2022-05-30,1,1,0.5393439789968559,0.50390625,0.5287126602977991,1,1,1
2022-05-31,0,1,0.577149279883724,0.4765625,0.5469732459186067,1,0,1
2022-06-01,1,1,0.5860823362940144,0.546875,0.5743201354058101,1,1,1
2022-06-02,0,1,0.4412355181183593,0.4609375,0.44714611268285154,0,0,0
2022-06-03,1,1,0.5799118512155379,0.48828125,0.5524226708508765,1,0,1
2022-06-04,1,1,0.487993218606561,0.55078125,0.5068296280245926,0,1,1
2022-06-05,1,1,0.4547047867057973,0.4921875,0.46594960069405805,0,0,0
2022-06-06,0,1,0.4851503683203491,0.5625,0.5083552578242443,0,1,1
2022-06-07,0,1,0.5231253053676006,0.53125,0.5255627137573204,1,1,1
2022-06-08,0,1,0.5549790633171394,0.48828125,0.5349697193219975,1,0,1
2022-06-09,0,1,0.532744747683322,0.55859375,0.5404994483783254,1,1,1
2022-06-10,0,1,0.6107258837793269,0.46484375,0.5669612436455288,1,0,1
2022-06-11,0,1,0.6062657825568397,0.4765625,0.5673547977897878,1,0,1
2022-06-12,0,1,0.7050591417611346,0.5,0.6435413992327942,1,1,1
2022-06-13,0,1,0.7295852246594692,0.50390625,0.6618815322616284,1,1,1
2022-06-14,1,1,0.6471845466164797,0.515625,0.6077166826315358,1,1,1
2022-06-15,0,1,0.5157132112663224,0.48828125,0.5074836228864257,1,0,1
2022-06-16,1,1,0.6608643193863236,0.46875,0.6032300235704264,1,0,1
2022-06-17,0,1,0.5157026711910139,0.48828125,0.5074762448337097,1,0,1
2022-06-18,1,1,0.7676802061969558,0.3984375,0.6569073943378689,1,0,1
2022-06-19,1,1,0.5041127840551711,0.515625,0.5075664488386198,1,1,1
2022-06-20,1,1,0.5279372113980995,0.51171875,0.5230716729786695,1,1,1
2022-06-21,0,1,0.5046550844280793,0.4765625,0.4962273090996555,1,0,0
2022-06-22,1,1,0.6944527441019058,0.4921875,0.6337731708713341,1,0,1
2022-06-23,1,1,0.5132736454629004,0.50390625,0.5104634268240302,1,1,1
2022-06-24,1,1,0.5132193629972073,0.49609375,0.508081679098045,1,0,1
2022-06-25,0,1,0.5429757788670706,0.5234375,0.5371142952069494,1,1,1
2022-06-26,0,1,0.5741536094186763,0.49609375,0.5507356515930734,1,0,1
2022-06-27,0,1,0.5524924077372497,0.54296875,0.5496353104160747,1,1,1
2022-06-28,0,1,0.596624891255039,0.4609375,0.5559186738785273,1,0,1
2022-06-29,0,1,0.5468010414008362,0.45703125,0.5198701039805853,1,0,1
2022-06-30,0,1,0.575331679179982,0.5546875,0.5691384254259874,1,1,1
2022-07-01,0,1,0.595614360967711,0.5,0.5669300526773977,1,1,1
2022-07-02,1,1,0.6092463995932806,0.52734375,0.5846756047152964,1,1,1
2022-07-03,1,1,0.5204837762231199,0.51953125,0.520198018356184,1,1,1
2022-07-04,0,1,0.5315117342952493,0.453125,0.5079957140066744,1,0,1
2022-07-05,1,1,0.6103081866134232,0.5546875,0.5936219806293962,1,1,1
2022-07-06,1,1,0.4971071315020867,0.50390625,0.4991468670514606,0,1,0
2022-07-07,1,1,0.5349733881959292,0.5390625,0.5362001217371504,1,1,1
2022-07-08,0,1,0.6013143235187537,0.515625,0.5756075264631275,1,1,1
2022-07-09,0,1,0.5994128259814849,0.51953125,0.5754483531870395,1,1,1
2022-07-10,0,1,0.670233022243696,0.5,0.6191631155705871,1,1,1
2022-07-11,0,1,0.6669843342261159,0.48046875,0.6110296589582811,1,0,1
2022-07-12,1,1,0.7177219300754651,0.5078125,0.6547491010528256,1,1,1
2022-07-13,1,1,0.5165778989196793,0.49609375,0.5104326542437755,1,0,1
2022-07-14,1,1,0.55674091057542,0.484375,0.535031137402794,1,0,1
2022-07-15,1,1,0.5258672049953489,0.49609375,0.5169351684967443,1,0,1
2022-07-16,0,1,0.5303688157595646,0.48046875,0.5153987960316952,1,0,1
2022-07-17,1,1,0.6260043988154276,0.515625,0.5928905791707992,1,1,1
2022-07-18,1,1,0.5279411959488518,0.515625,0.5242463371641962,1,1,1
2022-07-19,0,1,0.5058993862649173,0.5234375,0.5111608203854421,1,1,1
2022-07-20,0,1,0.6348122051040017,0.49609375,0.5931966685728012,1,0,1
2022-07-21,0,1,0.6078311009063749,0.48828125,0.5719661456344625,1,0,1
2022-07-22,0,1,0.6341408275091687,0.484375,0.589211079256418,1,0,1
2022-07-23,1,1,0.5836917730132825,0.484375,0.5538967411092977,1,0,1
2022-07-24,0,1,0.5225709635831057,0.5,0.515799674508174,1,1,1
2022-07-25,0,1,0.633615740554789,0.5546875,0.6099372683883523,1,1,1
2022-07-26,1,1,0.5716968003794473,0.46484375,0.539640885265613,1,0,1
2022-07-27,1,1,0.49053934164518703,0.4765625,0.4863462891516309,0,0,0
2022-07-28,0,1,0.5329748940661708,0.53515625,0.5336293008463195,1,1,1
2022-07-29,0,1,0.6114571829711333,0.5078125,0.5803637780797932,1,1,1
2022-07-30,0,1,0.6129696513965844,0.5,0.579078755977609,1,1,1
2022-07-31,0,1,0.6275069869629016,0.4765625,0.5822236408740311,1,0,1
2022-08-01,0,1,0.5592065002975961,0.4921875,0.5391008002083173,1,0,1
2022-08-02,0,1,0.5707058308538275,0.51171875,0.5530097065976792,1,1,1
2022-08-03,0,1,0.5671105833617345,0.546875,0.561039908353214,1,1,1
2022-08-04,1,1,0.5502089166135571,0.5234375,0.5421774916294899,1,1,1
2022-08-05,0,1,0.5147377090650338,0.5078125,0.5126601463455236,1,1,1
2022-08-06,1,1,0.5594891701760957,0.46875,0.532267419123267,1,0,1
2022-08-07,1,1,0.507724219565433,0.5703125,0.5265007036958032,1,1,1
2022-08-08,0,1,0.5380026277177025,0.55859375,0.5441799644023917,1,1,1
2022-08-09,1,1,0.6300028301431561,0.5,0.5910019811002092,1,1,1
2022-08-10,1,1,0.5268326497931746,0.546875,0.5328453548552221,1,1,1
2022-08-11,1,1,0.5940278199766819,0.4921875,0.5634757239836773,1,0,1
2022-08-12,1,1,0.5260408008407806,0.48828125,0.5147129355885465,1,0,1
2022-08-13,0,1,0.5812012077907814,0.56640625,0.576762720453547,1,1,1
2022-08-14,0,1,0.5924606112257328,0.4765625,0.5576911778580129,1,0,1
2022-08-15,0,1,0.5729532793792994,0.52734375,0.5592704205655096,1,1,1
2022-08-16,0,1,0.5340378047440005,0.515625,0.5285139633208004,1,1,1
2022-08-17,0,1,0.5647230007484154,0.48046875,0.5394467255238907,1,0,1
2022-08-18,0,1,0.5549563513150222,0.47265625,0.5302663209205155,1,0,1
2022-08-19,1,1,0.6220352815141758,0.50390625,0.586596572059923,1,1,1
2022-08-20,1,1,0.4695040056207827,0.484375,0.47396530393454783,0,0,0
2022-08-21,0,1,0.4509858176913213,0.40234375,0.4363931973839249,0,0,0
2022-08-22,1,1,0.5236525501931983,0.5703125,0.5376505351352387,1,1,1
2022-08-23,0,1,0.4737264679708674,0.46875,0.4722335275796072,0,0,0
2022-08-24,1,1,0.5306364757001488,0.47265625,0.5132424079901041,1,0,1
2022-08-25,0,1,0.4966544431330931,0.5234375,0.5046893601931651,0,1,1
2022-08-26,0,1,0.6325743147477256,0.5078125,0.595145770323408,1,1,1
2022-08-27,0,1,0.5723364379323935,0.48046875,0.5447761315526755,1,0,1
2022-08-28,1,1,0.6041561053796403,0.4921875,0.5705655237657481,1,0,1
2022-08-29,0,1,0.4859642917898161,0.47265625,0.4819718792528712,0,0,0
2022-08-30,1,1,0.6465371608900441,0.46484375,0.5920291376230308,1,0,1
2022-08-31,1,1,0.4937026336223242,0.44921875,0.48035746853562694,0,0,0
2022-09-01,0,1,0.5138823738651577,0.46484375,0.4991707867056103,1,0,0
2022-09-02,0,1,0.5483574853131185,0.4453125,0.5174439897191829,1,0,1
2022-09-03,1,1,0.5486261092172988,0.484375,0.5293507764521092,1,0,1
2022-09-04,0,1,0.4750605108087237,0.50390625,0.4837142325661066,0,1,0
2022-09-05,0,1,0.545548253646401,0.515625,0.5365712775524807,1,1,1
2022-09-06,1,1,0.6714422818467363,0.4609375,0.6082908472927153,1,0,1
2022-09-07,1,1,0.4673741193205175,0.5703125,0.4982556335243622,0,1,0
2022-09-08,1,1,0.5076434984371151,0.54296875,0.5182410739059805,1,1,1
2022-09-09,1,1,0.5494951988362774,0.46484375,0.5240997641853942,1,0,1
2022-09-10,1,1,0.5298138530149105,0.484375,0.5161821971104373,1,0,1
2022-09-11,1,1,0.5246529389277103,0.48828125,0.5137414322493972,1,0,1
2022-09-12,0,1,0.5085738621670585,0.44921875,0.4907673285169409,1,0,0
2022-09-13,0,1,0.6622323405976247,0.47265625,0.6053595134183373,1,0,1
2022-09-14,0,1,0.5262279661538746,0.46484375,0.5078127013077122,1,0,1
2022-09-15,1,1,0.6384155148645282,0.515625,0.6015783604051697,1,1,1
2022-09-16,1,1,0.5012715381862652,0.53125,0.5102650767303856,1,1,1
2022-09-17,0,1,0.4518559273527052,0.45703125,0.4534085241468936,0,0,0
2022-09-18,1,1,0.6161392875674379,0.484375,0.5766100012972064,1,0,1
2022-09-19,0,1,0.5186080202512986,0.5078125,0.515369364175909,1,1,1
2022-09-20,0,1,0.6024881596988,0.49609375,0.57056983678916,1,0,1
2022-09-21,1,1,0.6084966665082647,0.44921875,0.5607132915557853,1,0,1
2022-09-22,0,1,0.49040911215026756,0.515625,0.49797387850518726,0,1,0
2022-09-23,0,1,0.5316746482324329,0.48046875,0.516312878762703,1,0,1
2022-09-24,0,1,0.5700099169024255,0.49609375,0.5478350668316978,1,0,1
2022-09-25,1,1,0.5553410819447413,0.51171875,0.5422543823613188,1,1,1
2022-09-26,0,1,0.46729437740547736,0.46875,0.46773106418383414,0,0,0
2022-09-27,1,1,0.5508897449568126,0.49609375,0.5344509464697689,1,0,1
2022-09-28,1,1,0.506961533210914,0.453125,0.49081057324763977,1,0,0
2022-09-29,0,1,0.4866073447652095,0.4765625,0.4835938913356467,0,0,0
2022-09-30,0,1,0.5360794663439198,0.55078125,0.5404900014407439,1,1,1
2022-10-01,0,1,0.5236280865040228,0.5,0.516539660552816,1,1,1
2022-10-02,1,1,0.5157501418785444,0.5234375,0.518056349314981,1,1,1
2022-10-03,1,1,0.4558536586329182,0.453125,0.4550350610430427,0,0,0
2022-10-04,0,1,0.5122449894809111,0.50390625,0.5097433676366377,1,1,1
2022-10-05,0,1,0.5227937706774639,0.58984375,0.5429087644742248,1,1,1
2022-10-06,0,1,0.5605309635538175,0.5078125,0.5447154244876722,1,1,1
2022-10-07,0,1,0.5516288722274891,0.51953125,0.5419995855592423,1,1,1
2022-10-08,1,1,0.5435605547325664,0.4765625,0.5234611383127964,1,0,1
2022-10-09,0,1,0.5015093985955877,0.52734375,0.5092597040169113,1,1,1
2022-10-10,0,1,0.5855550913173624,0.4453125,0.5434823139221536,1,0,1
2022-10-11,1,1,0.5345571422715195,0.47265625,0.5159868745900636,1,0,1
2022-10-12,1,1,0.4512988303110246,0.47265625,0.45770605621771715,0,0,0
2022-10-13,0,1,0.4898680351893943,0.546875,0.506970124632576,0,1,1
2022-10-14,0,1,0.550262938068161,0.5,0.5351840566477126,1,1,1
2022-10-15,1,1,0.5544553844770194,0.4765625,0.5310875191339135,1,0,1
2022-10-16,1,1,0.46175535170598975,0.45703125,0.4603381211941928,0,0,0
2022-10-17,0,1,0.46338190964446807,0.51171875,0.4778829617511276,0,1,0
2022-10-18,0,1,0.5367155328545299,0.45703125,0.5128102479981709,1,0,1
2022-10-19,0,1,0.5375516963068416,0.4921875,0.5239424374147892,1,0,1
2022-10-20,1,1,0.5475986666171478,0.51953125,0.5391784416320035,1,1,1
2022-10-21,1,1,0.4883232044145347,0.4375,0.47307624309017426,0,0,0
2022-10-22,1,1,0.4987942054344814,0.4375,0.4804059438041369,0,0,0
2022-10-23,0,1,0.4915950340656476,0.46484375,0.4835696488459533,0,0,0
2022-10-24,1,1,0.530280951341069,0.453125,0.5071341659387483,1,0,1
2022-10-25,1,1,0.48953333213514777,0.49609375,0.4915014574946034,0,0,0
2022-10-26,0,1,0.5648110087489836,0.39453125,0.5137270811242884,1,0,1
2022-10-27,1,1,0.5753543846380514,0.5078125,0.555091819246636,1,1,1
2022-10-28,1,1,0.5028315693894775,0.47265625,0.4937789735726342,1,0,0
2022-10-29,0,1,0.5669614687828115,0.4609375,0.535154278147968,1,0,1
2022-10-30,0,1,0.5903087107941445,0.4609375,0.5514973475559011,1,0,1
2022-10-31,0,1,0.5539854517666969,0.48046875,0.5319304412366878,1,0,1
2022-11-01,0,1,0.5755640704282612,0.50390625,0.5540667242997828,1,1,1
2022-11-02,1,1,0.5637087064102313,0.4609375,0.5328773444871618,1,0,1
2022-11-03,1,1,0.4940134918893053,0.546875,0.5098719443225137,0,1,1
2022-11-04,1,1,0.5222519152162113,0.5078125,0.5179200906513479,1,1,1
2022-11-05,0,1,0.5622123763462278,0.421875,0.5201111634423594,1,0,1
2022-11-06,0,1,0.5802510029280431,0.50390625,0.5573475770496301,1,1,1
2022-11-07,0,1,0.5737729445310886,0.49609375,0.550469186171762,1,0,1
2022-11-08,0,1,0.5150253330975394,0.390625,0.47770523316827757,1,0,0
2022-11-09,1,1,0.7322843437128054,0.5546875,0.6790052905989638,1,1,1
2022-11-10,0,1,0.4472114019037226,0.484375,0.45836048133260576,0,0,0
2022-11-11,0,1,0.587086394043192,0.5,0.5609604758302343,1,1,1
2022-11-12,0,1,0.5158593579891985,0.48828125,0.5075859255924389,1,0,1
2022-11-13,1,1,0.6449819320718413,0.4765625,0.5944561024502889,1,0,1
2022-11-14,1,1,0.4751000789763687,0.53515625,0.49311693028345804,0,1,0
2022-11-15,0,1,0.4240617772736011,0.5,0.44684324409152076,0,1,0
2022-11-16,1,1,0.5349821764346865,0.48046875,0.5186281485042805,1,0,1
2022-11-17,1,1,0.515494500545017,0.5078125,0.5131899003815119,1,1,1
2022-11-18,1,1,0.5140677668817333,0.48046875,0.5039880618172132,1,0,1
2022-11-19,0,1,0.5292164889831319,0.51171875,0.5239671672881923,1,1,1
2022-11-20,0,1,0.5601067454537472,0.4921875,0.539730971817623,1,0,1
2022-11-21,1,1,0.5961649749566501,0.47265625,0.559112357469655,1,0,1
2022-11-22,1,1,0.4374707244020024,0.4921875,0.45388575708140166,0,0,0
2022-11-23,0,1,0.4692952996629714,0.4765625,0.47147545976408,0,0,0
2022-11-24,0,1,0.536534582694144,0.5234375,0.5326054578859007,1,1,1
2022-11-25,0,1,0.5315536342264978,0.43359375,0.5021656689585484,1,0,1
2022-11-26,0,1,0.5707677140010832,0.453125,0.5354748998007581,1,0,1
2022-11-27,0,1,0.5646748762603583,0.51953125,0.5511317883822507,1,1,1
2022-11-28,1,1,0.4914937892016152,0.53515625,0.5045925274411306,0,1,1
2022-11-29,1,1,0.4640277079251859,0.4921875,0.4724756455476301,0,0,0
2022-11-30,0,1,0.4652322028204734,0.4609375,0.46394379197433133,0,0,0
2022-12-01,1,1,0.5421648548761477,0.5,0.5295153984133034,1,1,1
2022-12-02,0,1,0.4618282561943351,0.46875,0.4639047793360345,0,0,0
2022-12-03,1,1,0.5523574899388521,0.5,0.5366502429571964,1,1,1
2022-12-04,0,1,0.4570258611868323,0.45703125,0.45702747783078257,0,0,0
2022-12-05,1,1,0.5357144515153012,0.49609375,0.5238282410607108,1,0,1
2022-12-06,0,1,0.4968178882744956,0.50390625,0.49894439679214686,0,1,0
2022-12-07,1,1,0.5116305345922043,0.50390625,0.509313249214543,1,1,1
2022-12-08,0,1,0.4682840822509366,0.5078125,0.4801426075756556,0,1,0
2022-12-09,0,1,0.5182589678967291,0.4453125,0.49637502752771034,1,0,0
2022-12-10,0,1,0.5501925691840249,0.53515625,0.5456816734288175,1,1,1
2022-12-11,1,1,0.5528603242163559,0.47265625,0.5287991019514491,1,0,1
2022-12-12,1,1,0.527698033483168,0.5234375,0.5264198734382176,1,1,1
2022-12-13,1,1,0.5153783142789234,0.51171875,0.5142804449952464,1,1,1
2022-12-14,0,1,0.5570402314737789,0.4921875,0.5375844120316452,1,0,1
2022-12-15,0,1,0.6071070233528036,0.453125,0.5609124163469625,1,0,1
2022-12-16,1,1,0.6417375708080337,0.53515625,0.6097631745656236,1,1,1
2022-12-17,0,1,0.4580767230120992,0.4453125,0.4542474561084694,0,0,0
2022-12-18,0,1,0.5372609993480867,0.5234375,0.5331139495436606,1,1,1
2022-12-19,1,1,0.5630205349748888,0.4609375,0.5323956244824222,1,0,1
2022-12-20,0,1,0.4635987630152514,0.5078125,0.47686288411067596,0,1,0
2022-12-21,1,1,0.5017391609694463,0.46875,0.49184241267861234,1,0,0
2022-12-22,0,1,0.45602712174435905,0.44140625,0.4516408602210513,0,0,0
2022-12-23,1,1,0.4975093265673005,0.4609375,0.48653777859711034,0,0,0
2022-12-24,0,1,0.4994603271409609,0.52734375,0.5078253539986726,0,1,1
2022-12-25,1,1,0.4977719880650893,0.5,0.49844039164556253,0,1,0
2022-12-26,0,1,0.4620451074905651,0.42578125,0.45116595024339556,0,0,0
2022-12-27,0,1,0.5179738931927685,0.515625,0.517269225234938,1,1,1
2022-12-28,1,1,0.5750849124655153,0.5,0.5525594387258607,1,1,1
2022-12-29,0,1,0.5138828929956967,0.47265625,0.5015149000969876,1,0,1
2022-12-30,0,1,0.5148538173994432,0.484375,0.5057101721796102,1,0,1
2022-12-31,1,1,0.5961720080140726,0.51171875,0.5708360306098508,1,1,1
2023-01-01,1,1,0.5224566241632496,0.53125,0.5250946369142746,1,1,1
2023-01-02,0,1,0.5128606063577542,0.4609375,0.49728367445042787,1,0,0
2023-01-03,1,1,0.5362969386094183,0.49609375,0.5242359820265928,1,0,1
2023-01-04,0,1,0.5611624173167682,0.48828125,0.5392980671217378,1,0,1
2023-01-05,1,1,0.5566926569059448,0.47265625,0.5314817348341614,1,0,1
2023-01-06,1,1,0.5325826719181649,0.4609375,0.5110891203427154,1,0,1
2023-01-07,1,1,0.530859220152162,0.484375,0.5169139541065134,1,0,1
2023-01-08,1,1,0.5010350922054414,0.53125,0.5100995645438089,1,1,1
2023-01-09,1,1,0.5681020942567494,0.54296875,0.5605620909797245,1,1,1
2023-01-10,1,1,0.5749240838360329,0.47265625,0.544243733685223,1,0,1
2023-01-11,1,1,0.5792977469386625,0.51171875,0.5590240478570637,1,1,1
2023-01-12,1,1,0.5899476853679189,0.4921875,0.5606196297575432,1,0,1
2023-01-13,1,1,0.524268092244514,0.4921875,0.5146439145711598,1,0,1
2023-01-14,0,1,0.5103197018226274,0.53125,0.5165987912758392,1,1,1
2023-01-15,1,1,0.5966020263389071,0.453125,0.5535589184372349,1,0,1
2023-01-16,0,1,0.563424571212618,0.4765625,0.5373659498488326,1,0,1
2023-01-17,0,1,0.6158597789258733,0.5234375,0.5881330952481113,1,1,1
2023-01-18,1,1,0.5973458784204269,0.48046875,0.5622827398942988,1,0,1
2023-01-19,1,1,0.5440113493363057,0.51171875,0.5343235695354139,1,1,1
2023-01-20,1,1,0.4549899840662588,0.58984375,0.4954461138463811,0,1,0
2023-01-21,0,1,0.5680285383650844,0.484375,0.542932476855559,1,0,1
2023-01-22,1,1,0.5919730560624632,0.51953125,0.5702405142437242,1,1,1
2023-01-23,0,1,0.5378359205364983,0.4921875,0.5241413943755489,1,0,1
2023-01-24,1,1,0.5930438850800773,0.5078125,0.5674744695560541,1,1,1
2023-01-25,0,1,0.5674252480379919,0.51953125,0.5530570486265943,1,1,1
2023-01-26,1,1,0.5726994683968268,0.4609375,0.5391708778777787,1,0,1
2023-01-27,0,1,0.5314458298845767,0.5078125,0.5243558309192036,1,1,1
2023-01-28,1,1,0.5982693602053828,0.4765625,0.561757302143768,1,0,1
2023-01-29,0,1,0.5121278566965458,0.49609375,0.507317624687582,1,0,1
2023-01-30,1,1,0.6138582979030229,0.4921875,0.5773570585321159,1,0,1
2023-01-31,1,1,0.5516011251305892,0.47265625,0.5279176625914124,1,0,1
2023-02-01,0,1,0.5299845535402553,0.5703125,0.5420829374781787,1,1,1
2023-02-02,0,1,0.5623364979574054,0.484375,0.5389480485701837,1,0,1
2023-02-03,0,1,0.5671763439760101,0.49609375,0.545851565783207,1,0,1
2023-02-04,0,1,0.5713916779588014,0.4921875,0.547630424571161,1,0,1
2023-02-05,0,1,0.569991650415173,0.47265625,0.540791030290621,1,0,1
2023-02-06,1,1,0.5664935260080821,0.48046875,0.5406860932056574,1,0,1
2023-02-07,0,1,0.5131235177353188,0.49609375,0.5080145874147232,1,0,1
2023-02-08,0,1,0.5421779584498332,0.48828125,0.5260089459148832,1,0,1
2023-02-09,0,1,0.6257389453176704,0.5,0.5880172617223692,1,1,1
2023-02-10,1,1,0.5620461828884066,0.47265625,0.5352292030218846,1,0,1
2023-02-11,0,1,0.4345398557266165,0.4609375,0.4424591490086316,0,0,0
2023-02-12,1,1,0.4686843720917442,0.484375,0.47339156046422093,0,0,0
2023-02-13,1,1,0.42042064882007824,0.453125,0.43023195417405474,0,0,0
2023-02-14,1,1,0.4024929712693836,0.46875,0.4223700798885685,0,0,0
2023-02-15,0,1,0.4851529358476253,0.5,0.4896070550933377,0,1,0
2023-02-16,1,2,0.6220460247209302,0.45703125,0.5725415923046511,1,0,1
2023-02-17,1,2,0.5453499449671088,0.484375,0.5270574614769761,1,0,1
2023-02-18,0,2,0.5741335152573567,0.47265625,0.5436903356801497,1,0,1
2023-02-19,1,2,0.5848502961480934,0.453125,0.5453327073036653,1,0,1
2023-02-20,0,2,0.5310369326414333,0.46484375,0.5111789778490032,1,0,1
2023-02-21,0,2,0.5967371202529942,0.44921875,0.5524816091770959,1,0,1
2023-02-22,0,2,0.5539123345050923,0.4921875,0.5353948841535645,1,0,1
2023-02-23,0,2,0.5614225624190585,0.46875,0.5336207936933409,1,0,1
2023-02-24,0,2,0.5706367864366962,0.48828125,0.5459301255056874,1,0,1
2023-02-25,1,2,0.5119586261869629,0.4921875,0.506027288330874,1,0,1
2023-02-26,0,2,0.4646137709825651,0.5234375,0.48226088968779557,0,1,0
2023-02-27,0,2,0.5185391340574518,0.49609375,0.5118055188402162,1,0,1
2023-02-28,1,2,0.48631824081278163,0.4140625,0.4646415185689471,0,0,0
2023-03-01,0,2,0.4591281715494519,0.47265625,0.4631865950846163,0,0,0
2023-03-02,0,2,0.5006345419566126,0.46484375,0.48989730436962875,1,0,0
2023-03-03,0,2,0.5571976423843785,0.515625,0.5447258496690649,1,1,1
2023-03-04,1,2,0.4969083913920224,0.46484375,0.4872889989744157,0,0,0
2023-03-05,0,2,0.46339928336638403,0.48828125,0.4708638733564688,0,0,0
2023-03-06,0,2,0.4789418701129562,0.5,0.48525930907906933,0,1,0
2023-03-07,0,2,0.4794103160842155,0.51171875,0.48910284625895084,0,1,0
2023-03-08,0,2,0.5039569243576932,0.46875,0.4933948470503852,1,0,0
2023-03-09,0,2,0.5627485874213104,0.5078125,0.5462677611949173,1,1,1
2023-03-10,1,2,0.453001371148316,0.46875,0.4577259598038212,0,0,0
2023-03-11,1,2,0.4554172122824187,0.56640625,0.48871392359769306,0,1,0
2023-03-12,1,2,0.3998192284816969,0.5,0.42987345993718784,0,1,0
2023-03-13,1,2,0.4630826647030803,0.4921875,0.47181411529215617,0,0,0
2023-03-14,0,2,0.5092071406348744,0.5390625,0.518163748444412,1,1,1
2023-03-15,1,2,0.6210261716683233,0.515625,0.5894058201678263,1,1,1
2023-03-16,1,2,0.5514587362396086,0.4296875,0.514927365367726,1,0,1
2023-03-17,0,2,0.4973043166932861,0.52734375,0.5063161466853003,0,1,1
2023-03-18,1,2,0.5792385301073456,0.44921875,0.540232596075142,1,0,1
2023-03-19,0,2,0.5139270367445238,0.51171875,0.5132645507211666,1,1,1
2023-03-20,1,2,0.5876977676353767,0.50390625,0.5625603123447637,1,1,1
2023-03-21,0,2,0.5369445351933306,0.49609375,0.5246892996353314,1,0,1
2023-03-22,1,2,0.6465061295752101,0.50390625,0.603726165702647,1,1,1
2023-03-23,0,2,0.5227057451565306,0.44140625,0.4983158966095713,1,0,0
2023-03-24,1,2,0.6029839426756469,0.5078125,0.5744325098729528,1,1,1
2023-03-25,1,2,0.5680576712160417,0.484375,0.5429528698512291,1,0,1
2023-03-26,0,2,0.5241939456338297,0.51171875,0.5204513869436808,1,1,1
2023-03-27,1,2,0.6055401700008352,0.5078125,0.5762218690005846,1,1,1
2023-03-28,1,2,0.5234818013101591,0.48828125,0.5129216359171114,1,0,1
2023-03-29,0,2,0.5324436653736987,0.44921875,0.507476190761589,1,0,1
2023-03-30,1,2,0.5897697348225411,0.46484375,0.5522919393757788,1,0,1
2023-03-31,0,2,0.5399840822599216,0.515625,0.5326763575819451,1,1,1
2023-04-01,0,2,0.6147067776944962,0.48828125,0.5767791193861473,1,0,1
2023-04-02,0,2,0.5728396576516959,0.48828125,0.5474721353561871,1,0,1
2023-04-03,1,2,0.5612980923630149,0.48828125,0.5393930396541105,1,0,1
2023-04-04,1,2,0.517100336549803,0.48828125,0.5084546105848621,1,0,1
2023-04-05,0,2,0.5415118564126499,0.46484375,0.5185114244888549,1,0,1
2023-04-06,0,2,0.5566181344166963,0.47265625,0.5314295690916874,1,0,1
2023-04-07,1,2,0.5863362126377714,0.48828125,0.55691972384644,1,0,1
2023-04-08,1,2,0.5497600753515554,0.5234375,0.5418633027460887,1,1,1
2023-04-09,1,2,0.4885764244604563,0.46484375,0.4814566221223193,0,0,0
2023-04-10,1,2,0.5052954658320256,0.45703125,0.49081620108241786,1,0,0
2023-04-11,0,2,0.48144440314195014,0.43359375,0.4670892071993651,0,0,0
2023-04-12,1,2,0.5611535415735359,0.43359375,0.5228856041014751,1,0,1
2023-04-13,1,2,0.512762229759731,0.5078125,0.5112773108318116,1,1,1
2023-04-14,0,2,0.5294065707603356,0.47265625,0.5123814745322348,1,0,1
2023-04-15,0,2,0.590682710663568,0.4765625,0.5564466474644976,1,0,1
2023-04-16,0,2,0.5830514406358581,0.46875,0.5487610084451007,1,0,1
2023-04-17,1,2,0.5717558431034452,0.49609375,0.5490572151724116,1,0,1
2023-04-18,0,2,0.5082081060936737,0.51953125,0.5116050492655716,1,1,1
2023-04-19,0,2,0.610205711711152,0.55078125,0.5923783731978064,1,1,1
2023-04-20,0,2,0.5727557699117002,0.47265625,0.5427259139381901,1,0,1
2023-04-21,1,2,0.6110086406585836,0.46484375,0.5671591734610085,1,0,1
2023-04-22,0,2,0.4146276794998083,0.4609375,0.4285206256498658,0,0,0
2023-04-23,0,2,0.4700079133898617,0.50390625,0.4801774143729032,0,1,0
2023-04-24,1,2,0.5116199937429863,0.48046875,0.5022746206200903,1,0,1
2023-04-25,1,2,0.3977687746741674,0.48046875,0.4225787672719171,0,0,0
2023-04-26,1,2,0.4836729729328945,0.53515625,0.4991179560530261,0,1,0
2023-04-27,0,2,0.4689611499085345,0.44140625,0.4606946799359741,0,0,0
2023-04-28,0,2,0.5396289274861454,0.47265625,0.5195371242403017,1,0,1
2023-04-29,1,2,0.5595697291704265,0.45703125,0.5288081854192985,1,0,1
2023-04-30,0,2,0.5251892139305597,0.50390625,0.5188043247513918,1,1,1
2023-05-01,1,2,0.5840634469876339,0.52734375,0.5670475378913438,1,1,1
2023-05-02,1,2,0.4349964564600456,0.49609375,0.45332564452203195,0,0,0
2023-05-03,0,2,0.4745744139932943,0.49609375,0.48103021479530605,0,0,0
2023-05-04,1,2,0.552573289321899,0.52734375,0.5450044275253292,1,1,1
2023-05-05,0,2,0.46096602596276415,0.43359375,0.45275434317393487,0,0,0
2023-05-06,0,2,0.5675208981965137,0.47265625,0.5390615037375596,1,0,1
2023-05-07,0,2,0.5395764493489781,0.4921875,0.5253597645442847,1,0,1
2023-05-08,0,2,0.5335881972112062,0.5,0.5235117380478443,1,1,1
2023-05-09,0,2,0.49227078397536145,0.46484375,0.484042673782753,0,0,0
2023-05-10,0,2,0.48823980918781806,0.46484375,0.48122099143147257,0,0,0
2023-05-11,0,2,0.5334760697422218,0.51953125,0.5292926238195552,1,1,1
2023-05-12,0,2,0.4724072134882158,0.4921875,0.478341299441751,0,0,0
2023-05-13,1,2,0.4906647618693021,0.44140625,0.4758872083085114,0,0,0
2023-05-14,1,2,0.4371755355120683,0.48046875,0.4501634998584477,0,0,0
2023-05-15,0,2,0.44507777790375086,0.47265625,0.4533513195326256,0,0,0
2023-05-16,1,2,0.5014448767351886,0.50390625,0.5021832887146319,1,1,1
2023-05-17,0,2,0.42481668575390136,0.5703125,0.46846543002773094,0,1,0
2023-05-18,1,2,0.48203893392381614,0.453125,0.47336475374667125,0,0,0
2023-05-19,1,2,0.4719403179699646,0.53515625,0.49090509757897516,0,1,0
2023-05-20,0,2,0.4362474257680068,0.5234375,0.4624044480376047,0,1,0
2023-05-21,1,2,0.5173061313763163,0.44140625,0.4945361669634214,1,0,0
2023-05-22,1,2,0.4410293895488684,0.4765625,0.4516893226842078,0,0,0
2023-05-23,0,2,0.4500092932404625,0.453125,0.45094400526832373,0,0,0
2023-05-24,1,2,0.5339196606011437,0.5390625,0.5354625124208006,1,1,1
2023-05-25,1,2,0.4124917051877657,0.47265625,0.43054106863143593,0,0,0
2023-05-26,1,2,0.4385256164299682,0.47265625,0.4487648065009777,0,0,0
2023-05-27,1,2,0.4501591126987048,0.484375,0.4604238788890933,0,0,0
2023-05-28,0,2,0.5016542972497909,0.52734375,0.5093611330748536,1,1,1
2023-05-29,0,2,0.5190440697563042,0.49609375,0.512158973829413,1,0,1
2023-05-30,0,2,0.5257991202074416,0.453125,0.503996884145209,1,0,1
2023-05-31,0,2,0.4808525376103915,0.50390625,0.487768651327274,0,1,0
2023-06-01,1,2,0.5142688580120184,0.48046875,0.5041288256084129,1,0,1
2023-06-02,0,2,0.4190046871797643,0.5234375,0.450334531025835,0,1,0
2023-06-03,1,2,0.5251093677635968,0.4609375,0.5058578074345178,1,0,1
2023-06-04,0,2,0.4686040805034157,0.49609375,0.476850981352391,0,0,0
2023-06-05,1,2,0.5690810314521146,0.48828125,0.5448410970164802,1,0,1
2023-06-06,0,2,0.4376528190021362,0.51171875,0.4598725983014953,0,1,0
2023-06-07,1,2,0.5603586775068532,0.53125,0.5516260742547971,1,1,1
2023-06-08,0,2,0.4431491683448669,0.41796875,0.4355950428414068,0,0,0
2023-06-09,0,2,0.5207482045148784,0.55078125,0.5297581181604147,1,1,1
2023-06-10,1,2,0.5182767087963888,0.46484375,0.5022468211574721,1,0,1
2023-06-11,0,2,0.45248942567450084,0.5078125,0.4690863479721506,0,1,0
2023-06-12,1,2,0.5029457694873732,0.50390625,0.5032339136411612,1,1,1
2023-06-13,0,2,0.4923027027769522,0.4765625,0.4875806419438665,0,0,0
2023-06-14,1,2,0.525391190625354,0.51171875,0.5212894584377478,1,1,1
2023-06-15,1,2,0.4405898593676363,0.44921875,0.44317852655734535,0,0,0
2023-06-16,1,2,0.4473919168950429,0.45703125,0.45028371682653,0,0,0
2023-06-17,0,2,0.47472523922662163,0.4921875,0.4799639174586351,0,0,0
2023-06-18,1,2,0.518256003382082,0.53515625,0.5233260773674574,1,1,1
2023-06-19,1,2,0.44841562233442417,0.5546875,0.48029718563409696,0,1,0
2023-06-20,1,2,0.5258119150207421,0.4453125,0.5016620905145194,1,0,1
2023-06-21,0,2,0.5617845553486049,0.52734375,0.5514523137440235,1,1,1
2023-06-22,1,2,0.6016042997660032,0.48828125,0.5676073848362022,1,0,1
2023-06-23,0,2,0.5507458945488389,0.46875,0.5261471261841872,1,0,1
2023-06-24,0,2,0.6046194457408213,0.453125,0.5591711120185748,1,0,1
2023-06-25,0,2,0.6004571933206472,0.53125,0.579695035324453,1,1,1
2023-06-26,1,2,0.5852254591365684,0.48046875,0.5537984463955978,1,0,1
2023-06-27,0,2,0.5379227763292869,0.46484375,0.5159990684305008,1,0,1
2023-06-28,1,2,0.5420237988442141,0.453125,0.5153541591909498,1,0,1
2023-06-29,1,2,0.5023320210295182,0.46484375,0.4910855397206627,1,0,0
2023-06-30,1,2,0.5484331120189994,0.453125,0.5198406784132995,1,0,1
2023-07-01,1,2,0.5444700392359816,0.49609375,0.529957152465187,1,0,1
2023-07-02,1,2,0.5578266848587652,0.48828125,0.5369630544011357,1,0,1
2023-07-03,0,2,0.5332975534133886,0.5,0.523308287389372,1,1,1
2023-07-04,0,2,0.5741981433968936,0.4765625,0.5449074503778255,1,0,1
2023-07-05,0,2,0.5484094392703021,0.58203125,0.5584959824892114,1,1,1
2023-07-06,1,2,0.5843500793580851,0.59765625,0.5883419305506595,1,1,1
2023-07-07,0,2,0.4488020069062968,0.45703125,0.4512707798344078,0,0,0
2023-07-08,0,2,0.5858534874085088,0.44140625,0.5425193161859562,1,0,1
2023-07-09,1,2,0.5748664368792744,0.48046875,0.5465471308154921,1,0,1
2023-07-10,1,2,0.5130655333797933,0.4765625,0.5021146233658553,1,0,1
2023-07-11,0,2,0.4856453897427571,0.5234375,0.4969830228199299,0,1,0
2023-07-12,1,2,0.5564496113029315,0.453125,0.5254522279120519,1,0,1
2023-07-13,0,2,0.5409910449953389,0.46875,0.5193187314967371,1,0,1
2023-07-14,0,2,0.6243187490524197,0.5078125,0.5893668743366938,1,1,1
2023-07-15,0,2,0.560537492051278,0.45703125,0.5294856194358946,1,0,1
2023-07-16,0,2,0.5368178894364664,0.5,0.5257725226055264,1,1,1
2023-07-17,0,2,0.5266258176625682,0.48828125,0.5151224473637978,1,0,1
2023-07-18,1,2,0.533746565776972,0.4765625,0.5165913460438804,1,0,1
2023-07-19,0,2,0.4636367408452067,0.48046875,0.4686863435916446,0,0,0
2023-07-20,1,2,0.539086226550954,0.42578125,0.5050947335856677,1,0,1
2023-07-21,0,2,0.4384747560098669,0.453125,0.4428698292069068,0,0,0
2023-07-22,1,2,0.5089697180373376,0.47265625,0.4980756776261363,1,0,0
2023-07-23,0,2,0.44749352046215884,0.53515625,0.47379233932351117,0,1,0
2023-07-24,1,2,0.5114441413191274,0.53515625,0.5185577739233892,1,1,1
2023-07-25,1,2,0.4679331184959458,0.51953125,0.4834125579471621,0,1,0
2023-07-26,0,2,0.42026199321475993,0.52734375,0.45238652025033194,0,1,0
2023-07-27,1,2,0.5130742350071474,0.421875,0.4857144645050032,1,0,0
2023-07-28,1,2,0.4827247309194888,0.484375,0.48321981164364214,0,0,0
2023-07-29,0,2,0.564699962625147,0.515625,0.5499774738376029,1,1,1
2023-07-30,0,2,0.5913294316727523,0.4921875,0.5615868521709266,1,0,1
2023-07-31,1,2,0.5379627713084463,0.51171875,0.5300895649159123,1,1,1
2023-08-01,0,2,0.4873259309870061,0.45703125,0.47823752669090425,0,0,0
2023-08-02,1,2,0.5425830023551554,0.453125,0.5157456016486088,1,0,1
2023-08-03,0,2,0.5044127759580421,0.47265625,0.49488581817062943,1,0,0
2023-08-04,0,2,0.5480676711965373,0.4921875,0.531303619837576,1,0,1
2023-08-05,0,2,0.551093456877295,0.4765625,0.5287341698141065,1,0,1
2023-08-06,1,2,0.530030602322634,0.51171875,0.5245370466258438,1,1,1
2023-08-07,1,2,0.5000768694023455,0.4921875,0.49771005858164186,1,0,0
2023-08-08,0,2,0.5437307322804839,0.48828125,0.5270958875963387,1,0,1
2023-08-09,0,2,0.5201376006470042,0.44140625,0.4965181954529029,1,0,0
2023-08-10,0,2,0.5563421978333626,0.421875,0.5160020384833538,1,0,1
2023-08-11,1,2,0.536149671684809,0.515625,0.5299922701793662,1,1,1
2023-08-12,0,2,0.5550202296397002,0.4921875,0.53617041074779,1,0,1
2023-08-13,1,2,0.5520891806661589,0.484375,0.5317749264663112,1,0,1
2023-08-14,0,2,0.5350368080652572,0.5390625,0.53624451564568,1,1,1
2023-08-15,0,2,0.5101264115857772,0.55078125,0.5223228631100441,1,1,1
2023-08-16,0,2,0.5407065299227156,0.44921875,0.5132601959459009,1,0,1
2023-08-17,0,2,0.4538162093556752,0.4609375,0.4559525965489726,0,0,0
2023-08-18,1,2,0.5051581810601317,0.50390625,0.5047826017420921,1,1,1
2023-08-19,1,2,0.465021622684282,0.50390625,0.47668701087899734,0,1,0
2023-08-20,0,2,0.46176545465274926,0.41796875,0.44862644325692447,0,0,0
2023-08-21,0,2,0.5104258817406494,0.4765625,0.5002668672184546,1,0,1
2023-08-22,1,2,0.4362821911448005,0.46484375,0.4448506588013603,0,0,0
2023-08-23,0,2,0.412880853032566,0.46484375,0.4284697221227962,0,0,0
2023-08-24,0,2,0.4702648578792335,0.44921875,0.4639510255154634,0,0,0
2023-08-25,0,2,0.4588106030192972,0.51171875,0.474683047113508,0,1,0
2023-08-26,1,2,0.5364413848891568,0.48046875,0.5196495944224098,1,0,1
2023-08-27,1,2,0.4684164780266364,0.44921875,0.46265715961864545,0,0,0
2023-08-28,1,2,0.4493357954203126,0.484375,0.45984755679421874,0,0,0
2023-08-29,0,2,0.4703706411891766,0.49609375,0.4780875738324236,0,0,0
2023-08-30,0,2,0.4625766180280006,0.49609375,0.4726317576196004,0,0,0
2023-08-31,0,2,0.5014549203302531,0.4375,0.4822684442311771,1,0,0
2023-09-01,1,2,0.4543682234260386,0.4609375,0.456339006398227,0,0,0
2023-09-02,1,2,0.4326637979883257,0.47265625,0.444661533591828,0,0,0
2023-09-03,0,2,0.4539482740297963,0.48828125,0.4642481668208574,0,0,0
2023-09-04,0,2,0.4855942818461556,0.484375,0.4852284972923089,0,0,0
2023-09-05,0,2,0.5060221967898861,0.46875,0.49484053775292025,1,0,0
2023-09-06,1,2,0.4746717233233608,0.46484375,0.47172333132635247,0,0,0
2023-09-07,0,2,0.4422424995309281,0.4453125,0.4431634996716496,0,0,0
2023-09-08,0,2,0.47465781952953195,0.48046875,0.4764010986706724,0,0,0
2023-09-09,0,2,0.5186599109671166,0.5078125,0.5154056876769816,1,1,1
2023-09-10,0,2,0.4999499172126445,0.5234375,0.506996192048851,0,1,1
2023-09-11,1,2,0.5388637263645346,0.515625,0.5318921084551742,1,1,1
2023-09-12,1,2,0.4463293564369868,0.5078125,0.4647742995058907,0,1,0
2023-09-13,1,2,0.4192929808709872,0.4921875,0.44116133660969103,0,0,0
2023-09-14,1,2,0.4690404463595258,0.4609375,0.46660956245166807,0,0,0
2023-09-15,0,2,0.4364606773697773,0.4765625,0.4484912241588441,0,0,0
2023-09-16,0,2,0.5077681169157161,0.52734375,0.5136408068410012,1,1,1
2023-09-17,1,2,0.5007872001611605,0.5,0.5005510401128124,1,1,1
2023-09-18,1,2,0.4855303219043277,0.4296875,0.4687774753330294,0,0,0
2023-09-19,0,2,0.5062778685403388,0.48828125,0.5008788829782371,1,0,1
2023-09-20,0,2,0.5152814259012996,0.47265625,0.5024938731309097,1,0,1
2023-09-21,1,2,0.48877107653190444,0.48046875,0.4862803785723331,0,0,0
2023-09-22,0,2,0.4939296147713166,0.515625,0.5004382303399216,0,1,1
2023-09-23,0,2,0.52547625236311,0.47265625,0.509630251654177,1,0,1
2023-09-24,1,2,0.5141183458605839,0.515625,0.5145703421024087,1,1,1
2023-09-25,0,2,0.4793836485163739,0.47265625,0.47736542896146167,0,0,0
2023-09-26,1,2,0.49233815981524454,0.4375,0.4758867118706711,0,0,0
2023-09-27,1,2,0.46450539418888603,0.48828125,0.4716381509322202,0,0,0
2023-09-28,0,2,0.4618863959675121,0.49609375,0.4721486021772584,0,0,0
2023-09-29,1,2,0.5150980754371068,0.51953125,0.5164280278059747,1,1,1
2023-09-30,1,2,0.49899886769201324,0.5,0.49929920738440925,0,1,0
2023-10-01,0,2,0.5181234392019008,0.5234375,0.5197176574413306,1,1,1
2023-10-02,0,2,0.5892534378704304,0.4921875,0.5601336565093012,1,0,1
2023-10-03,1,2,0.5481787886607273,0.5,0.5337251520625091,1,1,1
2023-10-04,0,2,0.509117810772355,0.484375,0.5016949675406485,1,0,1
2023-10-05,1,2,0.5690630388055148,0.4765625,0.5413128771638603,1,0,1
2023-10-06,1,2,0.5348731962333458,0.44140625,0.506833112363342,1,0,1
2023-10-07,0,2,0.5701164437547853,0.4765625,0.5420502606283497,1,0,1
2023-10-08,0,2,0.5677425955407481,0.48828125,0.5439041918785237,1,0,1
2023-10-09,0,2,0.535147668356179,0.44140625,0.5070252428493253,1,0,1
2023-10-10,0,2,0.5505734285710463,0.515625,0.5400888999997324,1,1,1
2023-10-11,0,2,0.5357031277172581,0.4921875,0.5226484394020807,1,0,1
2023-10-12,1,2,0.5147874795146291,0.5390625,0.5220699856602403,1,1,1
2023-10-13,0,2,0.4813582910108641,0.48828125,0.48343517870760483,0,0,0
2023-10-14,1,2,0.5316009254265164,0.48828125,0.5186050227985615,1,0,1
2023-10-15,1,2,0.4500943151882021,0.5078125,0.46740977063174144,0,1,0
2023-10-16,0,2,0.557946422796903,0.48828125,0.537046870957832,1,0,1
2023-10-17,0,2,0.5652563173333565,0.5,0.5456794221333495,1,1,1
2023-10-18,1,2,0.5770996714849896,0.45703125,0.5410791450394927,1,0,1
2023-10-19,1,2,0.5131234020627697,0.46875,0.4998113814439388,1,0,0
2023-10-20,1,2,0.5624448451199409,0.484375,0.5390238915839586,1,0,1
2023-10-21,1,2,0.5712879164846073,0.4453125,0.533495291539225,1,0,1
2023-10-22,1,2,0.5506734462387529,0.44921875,0.520237037367127,1,0,1
2023-10-23,1,2,0.4907192433499165,0.46875,0.48412847034494155,0,0,0
2023-10-24,1,2,0.5424529114564518,0.53125,0.5390920380195162,1,1,1
2023-10-25,0,2,0.543151549983519,0.4609375,0.5184873349884632,1,0,1
2023-10-26,0,2,0.5911173813967648,0.546875,0.5778446669777353,1,1,1
2023-10-27,1,2,0.5826590827232506,0.46875,0.5484863579062754,1,0,1
2023-10-28,1,2,0.5631347123671301,0.4921875,0.541850548656991,1,0,1
2023-10-29,0,2,0.5359819390951855,0.46875,0.5158123573666298,1,0,1
2023-10-30,1,2,0.5538695042449945,0.49609375,0.5365367779714961,1,0,1
2023-10-31,1,2,0.5285795346513439,0.5078125,0.5223494242559408,1,1,1
2023-11-01,0,2,0.5432320665794027,0.46875,0.520887446605582,1,0,1
2023-11-02,0,2,0.561395378705847,0.44921875,0.5277423900940929,1,0,1
2023-11-03,1,2,0.5441525860294932,0.4921875,0.5285630602206453,1,0,1
2023-11-04,0,2,0.5649457761960714,0.52734375,0.55366516833725,1,1,1
2023-11-05,0,2,0.5547446599393729,0.4765625,0.5312900119575611,1,0,1
2023-11-06,1,2,0.5317908873701103,0.5,0.5222536211590771,1,1,1
2023-11-07,1,2,0.5050979987886285,0.44921875,0.4883342241520399,1,0,0
2023-11-08,1,2,0.5165337604101946,0.47265625,0.5033705072871362,1,0,1
2023-11-09,1,2,0.5135030741637882,0.4921875,0.5071084019146517,1,0,1
2023-11-10,0,2,0.49059288605042023,0.50390625,0.4945868952352941,0,1,0
2023-11-11,0,2,0.5438243582862607,0.46875,0.5213020508003825,1,0,1
2023-11-12,0,2,0.5388711295851862,0.49609375,0.5260379157096303,1,0,1
2023-11-13,0,2,0.5375945836278251,0.453125,0.5122537085394776,1,0,1
2023-11-14,1,2,0.6389959594143123,0.46484375,0.5867502965900185,1,0,1
2023-11-15,0,2,0.5045595772920696,0.5546875,0.5195979541044486,1,1,1
2023-11-16,1,2,0.596535109902264,0.546875,0.5816370769315848,1,1,1
2023-11-17,0,2,0.5014637749376851,0.4609375,0.48930589245637957,1,0,0
2023-11-18,1,2,0.5086066254017455,0.46875,0.49664963778122184,1,0,0
2023-11-19,1,2,0.487052980574851,0.484375,0.4862495864023957,0,0,0
2023-11-20,0,2,0.5136839712293655,0.4921875,0.5072350298605558,1,0,1
2023-11-21,1,2,0.5860862677006105,0.52734375,0.5684635123904274,1,1,1
2023-11-22,0,2,0.4594047176738785,0.5390625,0.483302052371715,0,1,0
2023-11-23,1,2,0.5170210375585637,0.53515625,0.5224616012909945,1,1,1
2023-11-24,1,2,0.5046880637964256,0.43359375,0.4833597696574979,1,0,0
2023-11-25,0,2,0.5222941283908417,0.55078125,0.5308402648735892,1,1,1
2023-11-26,0,2,0.5307617200796281,0.54296875,0.5344238290557396,1,1,1
2023-11-27,1,2,0.5318447981082549,0.47265625,0.5140882336757784,1,0,1
2023-11-28,1,2,0.48815841446063535,0.4921875,0.4893671401224447,0,0,0
2023-11-29,0,2,0.5152071181816154,0.4609375,0.49892623272713077,1,0,0
2023-11-30,1,2,0.5168165474312357,0.4921875,0.5094278332018649,1,0,1
2023-12-01,1,2,0.4479626379604353,0.46875,0.4541988465723047,0,0,0
2023-12-02,1,2,0.4757696381327211,0.4921875,0.4806949966929047,0,0,0
2023-12-03,1,2,0.49585122080673716,0.47265625,0.48889272956471597,0,0,0
2023-12-04,1,2,0.4955706551218082,0.4921875,0.4945557085852657,0,0,0
2023-12-05,0,2,0.5389667118692911,0.5,0.5272766983085038,1,1,1
2023-12-06,0,2,0.5567705728346862,0.49609375,0.5385675259842804,1,0,1
2023-12-07,1,2,0.5539413076592697,0.4609375,0.5260401653614888,1,0,1
2023-12-08,0,2,0.5342761947642651,0.50390625,0.5251652113349855,1,1,1
2023-12-09,1,2,0.540631601986467,0.48046875,0.5225827463905268,1,0,1
2023-12-10,0,2,0.5405219603683973,0.4609375,0.516646622257878,1,0,1
2023-12-11,1,2,0.5387948835511197,0.4921875,0.5248126684857838,1,0,1
2023-12-12,1,2,0.4953529028090475,0.484375,0.49205953196633323,0,0,0
2023-12-13,1,2,0.5001299476475979,0.47265625,0.4918878383533185,1,0,0
2023-12-14,0,2,0.5222208862536443,0.4765625,0.508523370377551,1,0,1
2023-12-15,1,2,0.6077842384768778,0.46484375,0.5649020919338145,1,0,1
2023-12-16,0,2,0.4825008155615143,0.484375,0.48306307089306,0,0,0
2023-12-17,1,2,0.5314079146759781,0.45703125,0.5090949152731847,1,0,1
2023-12-18,0,2,0.4937477304698976,0.51171875,0.4991390363289283,0,1,0
2023-12-19,1,2,0.5143007526446778,0.5078125,0.5123542768512744,1,1,1
2023-12-20,1,2,0.4808207440440579,0.4921875,0.4842307708308405,0,0,0
2023-12-21,1,2,0.4980014627367153,0.46875,0.4892260239157007,0,0,0
2023-12-22,0,2,0.5009956080866312,0.453125,0.48663442566064186,1,0,0
2023-12-23,0,2,0.5220094114543968,0.48046875,0.5095472130180777,1,0,1
2023-12-24,1,2,0.5298818549078698,0.484375,0.5162297984355088,1,0,1
2023-12-25,0,2,0.4653117122893012,0.47265625,0.4675150736025108,0,0,0
2023-12-26,1,2,0.583104533252666,0.50390625,0.5593450482768662,1,1,1
2023-12-27,0,2,0.4547613977031809,0.46875,0.45895797839222663,0,0,0
2023-12-28,0,2,0.5201437435537181,0.48046875,0.5082412454876026,1,0,1
2023-12-29,1,2,0.4991605558444242,0.4921875,0.4970686390910969,0,0,0
2023-12-30,1,2,0.4622349863124302,0.48828125,0.4700488654187011,0,0,0
2023-12-31,1,2,0.4627071376025377,0.5,0.47389499632177634,0,1,0
2024-01-01,1,2,0.4518703020183967,0.46875,0.45693421141287766,0,0,0
2024-01-02,0,2,0.4701388128207364,0.49609375,0.47792529397451544,0,0,0
2024-01-03,1,2,0.5309172858692197,0.50390625,0.5228139751084537,1,1,1
2024-01-04,0,2,0.4626457528734699,0.42578125,0.45158640201142886,0,0,0
2024-01-05,0,2,0.4804008019152197,0.45703125,0.47338993634065374,0,0,0
2024-01-06,0,2,0.49297033055398015,0.5234375,0.502110481387786,0,1,1
2024-01-07,1,2,0.4864794841613795,0.49609375,0.48936376391296565,0,0,0
2024-01-08,0,2,0.5083081291291709,0.4921875,0.5034719403904195,1,0,1
2024-01-09,1,2,0.5594285931432602,0.5,0.5416000152002821,1,1,1
2024-01-10,0,2,0.5457556096496711,0.46875,0.5226539267547697,1,0,1
2024-01-11,0,2,0.5552603124254243,0.44921875,0.523447843697797,1,0,1
2024-01-12,0,2,0.5185686054714829,0.46875,0.503623023830038,1,0,1
2024-01-13,0,2,0.4859397182896455,0.48828125,0.4866421778027518,0,0,0
2024-01-14,1,2,0.5916106713731772,0.5,0.5641274699612241,1,1,1
2024-01-15,1,2,0.4399845372870205,0.41015625,0.43103605110091436,0,0,0
2024-01-16,0,2,0.4148861381465695,0.46484375,0.42987342170259857,0,0,0
2024-01-17,0,2,0.4433236250458521,0.51953125,0.4661859125320964,0,1,0
2024-01-18,1,2,0.6036240345354271,0.46875,0.563161824174799,1,0,1
2024-01-19,1,2,0.4658172731306534,0.4609375,0.4643533411914573,0,0,0
2024-01-20,0,2,0.5047890473887766,0.46484375,0.4928054581721436,1,0,0
2024-01-21,0,2,0.4945644338837556,0.5078125,0.4985388537186289,0,1,0
2024-01-22,1,2,0.5746886996001886,0.5234375,0.559313339720132,1,1,1
2024-01-23,1,2,0.4797500091046991,0.49609375,0.48465313137328936,0,0,0
2024-01-24,0,2,0.4811937517089138,0.4375,0.4680856261962396,0,0,0
2024-01-25,1,2,0.5135583218467304,0.48046875,0.5036314502927113,1,0,1
2024-01-26,1,2,0.4537798704888203,0.453125,0.45358340934217417,0,0,0
2024-01-27,0,2,0.4489412331351081,0.4453125,0.4478526131945756,0,0,0
2024-01-28,1,2,0.46308229842368076,0.4765625,0.4671263588965765,0,0,0
2024-01-29,0,2,0.4499394050424668,0.48046875,0.4590982085297267,0,0,0
2024-01-30,0,2,0.4624439322119152,0.5078125,0.47605450254834064,0,1,0
2024-01-31,1,2,0.46094553847084474,0.45703125,0.45977125192959134,0,0,0
2024-02-01,1,2,0.4354564033529637,0.48828125,0.45130385734707457,0,0,0
2024-02-02,0,2,0.4399052496994705,0.52734375,0.4661367997896293,0,1,0
2024-02-03,0,2,0.4715846319115243,0.45703125,0.467218617338067,0,0,0
2024-02-04,1,2,0.4638152047575709,0.44140625,0.4570925183302996,0,0,0
2024-02-05,1,2,0.4620053775095302,0.48828125,0.4698881392566711,0,0,0
2024-02-06,1,2,0.4394096806241783,0.4765625,0.45055552643692476,0,0,0
2024-02-07,1,2,0.4531298184308556,0.48046875,0.4613314979015989,0,0,0
2024-02-08,1,2,0.45804985599177406,0.5,0.47063489919424184,0,1,0
2024-02-09,1,2,0.5033295454843523,0.4296875,0.4812369318390466,1,0,0
2024-02-10,1,2,0.5270599839522984,0.53125,0.5283169887666088,1,1,1
2024-02-11,1,2,0.5280786248380753,0.46484375,0.5091081623866527,1,0,1
2024-02-12,0,2,0.5292470047234759,0.4921875,0.518129153306433,1,0,1
2024-02-13,1,2,0.5718777178681492,0.484375,0.5456269025077044,1,0,1
2024-02-14,1,2,0.5121730798969706,0.5078125,0.5108649059278794,1,1,1
2024-02-15,1,2,0.575093021426712,0.53125,0.5619401149986984,1,1,1
2024-02-16,0,2,0.5443895799810848,0.5703125,0.5521664559867594,1,1,1
2024-02-17,1,2,0.5731637757138257,0.51953125,0.5570740179996779,1,1,1
2024-02-18,0,2,0.52977732026275,0.5078125,0.523187874183925,1,1,1
2024-02-19,1,2,0.5472788716551304,0.4453125,0.5166889601585912,1,0,1
2024-02-20,0,2,0.5330429408482208,0.5078125,0.5254738085937545,1,1,1
2024-02-21,0,2,0.5669011167313283,0.47265625,0.5386276567119297,1,0,1
2024-02-22,0,2,0.5569340647241848,0.5,0.5398538453069294,1,1,1
2024-02-23,1,2,0.5315808290274305,0.44921875,0.5068722053192014,1,0,1
2024-02-24,1,2,0.5017312417765858,0.515625,0.50589936924361,1,1,1
2024-02-25,1,2,0.5148262090257478,0.4921875,0.5080345963180235,1,0,1
2024-02-26,1,2,0.5169819131977369,0.49609375,0.5107154642384159,1,0,1
2024-02-27,1,2,0.5110298377249325,0.51953125,0.5135802614074527,1,1,1
2024-02-28,0,2,0.4964936496530109,0.4921875,0.4952018047571076,0,0,0
2024-02-29,1,2,0.5782533967326172,0.484375,0.550089877712832,1,0,1
2024-03-01,0,2,0.5233558451228081,0.484375,0.5116615915859656,1,0,1
2024-03-02,1,2,0.5169317311602989,0.4765625,0.5048209618122093,1,0,1
2024-03-03,1,2,0.5113224069580644,0.5234375,0.5149569348706451,1,1,1
2024-03-04,0,2,0.5292076578787881,0.48828125,0.5169297355151516,1,0,1
2024-03-05,1,2,0.4413494741392083,0.53515625,0.4694915068974458,0,1,0
2024-03-06,1,2,0.4893360706831029,0.49609375,0.491363374478172,0,0,0
2024-03-07,1,2,0.5371926461919122,0.4765625,0.5190036023343385,1,0,1
2024-03-08,1,2,0.536729448644169,0.38671875,0.49172623905091833,1,0,0
2024-03-09,1,2,0.5488856533874334,0.42578125,0.5119543323712034,1,0,1
2024-03-10,1,2,0.518057985485764,0.5,0.5126405898400348,1,1,1
2024-03-11,0,2,0.5097266860651892,0.48828125,0.5032930552456325,1,0,1
2024-03-12,1,2,0.5383351511269537,0.49609375,0.5256627307888676,1,0,1
2024-03-13,0,2,0.4963443475333834,0.453125,0.4833785432733684,0,0,0
2024-03-14,0,2,0.5482781917754069,0.51953125,0.5396541092427848,1,1,1
2024-03-15,0,2,0.6248781907169226,0.44140625,0.5698366085018458,1,0,1
2024-03-16,1,2,0.597073976987857,0.48828125,0.5644361588914999,1,0,1
2024-03-17,0,2,0.5250825210365078,0.5078125,0.5199015147255555,1,1,1
2024-03-18,0,2,0.5299916641792092,0.453125,0.5069316649254464,1,0,1
2024-03-19,1,2,0.6067088883642657,0.44921875,0.559461846854986,1,0,1
2024-03-20,0,2,0.4692552048986074,0.5078125,0.48082239342902516,0,1,0
2024-03-21,0,2,0.6412767359300037,0.44140625,0.5813155901510025,1,0,1
2024-03-22,1,2,0.6375042675667946,0.390625,0.5634404872967562,1,0,1
2024-03-23,1,2,0.4882704272520309,0.50390625,0.4929611740764216,0,1,0
2024-03-24,1,2,0.4711640269175546,0.48046875,0.47395544384228816,0,0,0
2024-03-25,1,2,0.5261787581603353,0.515625,0.5230126307122347,1,1,1
2024-03-26,0,2,0.5724121383137345,0.3984375,0.5202197468196141,1,0,1
2024-03-27,1,2,0.5497507798133398,0.4921875,0.5324817958693377,1,0,1
2024-03-28,0,2,0.5394203352669263,0.5,0.5275942346868484,1,1,1
2024-03-29,0,2,0.549739919717188,0.5078125,0.5371616938020316,1,1,1
2024-03-30,1,2,0.5136072728636489,0.46875,0.5001500910045542,1,0,1
2024-03-31,0,2,0.5137164640074217,0.44140625,0.49202339980519516,1,0,0
2024-04-01,0,2,0.5178927609382542,0.5078125,0.5148686826567779,1,1,1
2024-04-02,1,2,0.5679357314085076,0.515625,0.5522425119859553,1,1,1
2024-04-03,1,2,0.4760351860137526,0.5,0.4832246302096268,0,1,0
2024-04-04,0,2,0.4852926777896508,0.4921875,0.48736112445275553,0,0,0
2024-04-05,1,2,0.5026623783917092,0.51171875,0.5053792898741964,1,1,1
2024-04-06,1,2,0.47191921395747033,0.45703125,0.4674528247702292,0,0,0
2024-04-07,1,2,0.492542437116769,0.4453125,0.4783734559817383,0,0,0
2024-04-08,0,2,0.5259956101949097,0.56640625,0.5381188021364367,1,1,1
2024-04-09,1,2,0.6120392918506264,0.48828125,0.5749118792954384,1,0,1
2024-04-10,0,2,0.5007898485465403,0.49609375,0.49938101898257814,1,0,0
2024-04-11,0,2,0.5132984734954755,0.51953125,0.5151683064468329,1,1,1
2024-04-12,0,2,0.5871805579888965,0.46875,0.5516513905922276,1,0,1
2024-04-13,1,2,0.5095800084690562,0.50390625,0.5078778809283393,1,1,1
2024-04-14,0,2,0.456792403929134,0.4453125,0.4533484327503937,0,0,0
2024-04-15,1,2,0.5760968240490607,0.49609375,0.5520959018343424,1,0,1
2024-04-16,0,2,0.47631256831080565,0.42578125,0.46115317281756396,0,0,0
2024-04-17,1,2,0.6041249806683378,0.4609375,0.5611687364678364,1,0,1
2024-04-18,1,2,0.4777583808791595,0.484375,0.4797433666154116,0,0,0
2024-04-19,1,2,0.4853709651401108,0.515625,0.4944471755980775,0,1,0
2024-04-20,0,2,0.4658578951689583,0.515625,0.4807880266182708,0,1,0
2024-04-21,1,2,0.4772679152485235,0.5078125,0.48643129067396645,0,1,0
2024-04-22,0,2,0.4506027415399651,0.53515625,0.47596879407797554,0,1,0
2024-04-23,0,2,0.4801953116167968,0.4765625,0.4791054681317577,0,0,0
2024-04-24,1,2,0.5858224281862668,0.40234375,0.5307788247303867,1,0,1
2024-04-25,0,2,0.46193638069478404,0.40234375,0.44405859148634885,0,0,0
2024-04-26,0,2,0.4924103630672517,0.4609375,0.48296850414707615,0,0,0
2024-04-27,0,2,0.4849220129031309,0.515625,0.49413290903219165,0,1,0
2024-04-28,1,2,0.4957284785788207,0.50390625,0.4981818100051745,0,1,0
2024-04-29,0,2,0.434028547644329,0.55078125,0.46905435835103026,0,1,0
2024-04-30,0,2,0.5703602681331418,0.4375,0.5305021876931992,1,0,1
2024-05-01,1,2,0.5425276800040794,0.453125,0.5157068760028556,1,0,1
2024-05-02,1,2,0.4736241598849623,0.49609375,0.48036503691947363,0,0,0
2024-05-03,1,2,0.4677351286348987,0.5078125,0.4797583400444291,0,1,0
2024-05-04,1,2,0.4204855103773207,0.50390625,0.44551173226412444,0,1,0
2024-05-05,0,2,0.4429447271171293,0.4921875,0.45771755898199046,0,0,0
2024-05-06,0,2,0.4738025676547864,0.515625,0.4863492973583504,0,1,0
2024-05-07,0,2,0.46629422851925495,0.5078125,0.47874970996347843,0,1,0
2024-05-08,1,2,0.4763116350366973,0.44140625,0.4658400195256881,0,0,0
2024-05-09,0,2,0.44682363406719994,0.4765625,0.45574529384704,0,0,0
2024-05-10,1,2,0.5906598909584814,0.5078125,0.5658056736709369,1,1,1
2024-05-11,1,2,0.5029428044895605,0.49609375,0.5008880881426924,1,0,1
2024-05-12,1,2,0.4472250917296064,0.5078125,0.46540131421072445,0,1,0
2024-05-13,0,2,0.4378523691154443,0.49609375,0.45532478338081095,0,0,0
2024-05-14,1,2,0.4811975026601793,0.5390625,0.4985570018621255,0,1,0
2024-05-15,0,2,0.49417724051633255,0.48046875,0.49006469336143277,0,0,0
2024-05-16,1,2,0.4670827162556507,0.5078125,0.4793016513789555,0,1,0
2024-05-17,0,2,0.48425172713226844,0.4921875,0.4866324589925879,0,0,0
2024-05-18,0,2,0.47829394152177185,0.5,0.48480575906524026,0,1,0
2024-05-19,1,2,0.495338782539952,0.484375,0.49204964777796634,0,0,0
2024-05-20,0,2,0.47650188410618166,0.51171875,0.48706694387432714,0,1,0
2024-05-21,0,2,0.5532335488073645,0.48828125,0.5337478591651552,1,0,1
2024-05-22,0,2,0.5118486773931904,0.5234375,0.5153253241752332,1,1,1
2024-05-23,1,2,0.5106855878180384,0.51953125,0.5133392864726268,1,1,1
2024-05-24,1,2,0.4923376669979829,0.48046875,0.48877699189858803,0,0,0
2024-05-25,0,2,0.47330053222200374,0.4765625,0.4742791225554026,0,0,0
2024-05-26,1,2,0.5040103976053344,0.45703125,0.489916653323734,1,0,0
2024-05-27,0,2,0.4850242729598795,0.484375,0.48482949107191564,0,0,0
2024-05-28,0,2,0.5070981575199772,0.50390625,0.506140585263984,1,1,1
2024-05-29,1,2,0.4840323675445661,0.48046875,0.4829632822811962,0,0,0
2024-05-30,0,2,0.470329704284024,0.48046875,0.47337141799881677,0,0,0
2024-05-31,1,2,0.4868568741033561,0.5078125,0.49314356187234926,0,1,0
2024-06-01,1,2,0.48688813784494395,0.4765625,0.48379044649146075,0,0,0
2024-06-02,1,2,0.47777672130029214,0.4921875,0.48209995491020446,0,0,0
2024-06-03,1,2,0.43763023461589173,0.52734375,0.4645442892311242,0,1,0
2024-06-04,1,2,0.4454729422251568,0.453125,0.44776855955760975,0,0,0
2024-06-05,0,2,0.4837180034784085,0.51171875,0.4921182274348859,0,1,0
2024-06-06,0,2,0.5040300433114427,0.4609375,0.49110228031800984,1,0,0
2024-06-07,0,2,0.5144331665729435,0.46875,0.5007282166010605,1,0,1
2024-06-08,1,2,0.4903087812450738,0.4921875,0.49087239687155165,0,0,0
2024-06-09,0,2,0.4785468682106457,0.4921875,0.48263905774745197,0,0,0
2024-06-10,0,2,0.4812350820719838,0.4921875,0.4845208074503886,0,0,0
2024-06-11,1,2,0.5491495440980428,0.45703125,0.52151405586863,1,0,1
2024-06-12,0,2,0.4397890389368221,0.52734375,0.46605545225577544,0,1,0
2024-06-13,0,2,0.49509392665032254,0.484375,0.4918782486552258,0,0,0
2024-06-14,1,2,0.4667611216556412,0.453125,0.4626702851589488,0,0,0
2024-06-15,1,2,0.49639277134044363,0.4921875,0.4951311899383105,0,0,0
2024-06-16,0,2,0.4565049665496421,0.44140625,0.45197535158474944,0,0,0
2024-06-17,0,2,0.46830230776899934,0.48046875,0.47195224043829953,0,0,0
2024-06-18,0,2,0.4979201346276503,0.453125,0.48448159423935516,0,0,0
2024-06-19,0,2,0.5238613531036119,0.50390625,0.5178748221725283,1,1,1
2024-06-20,0,2,0.5267442051427212,0.48046875,0.5128615685999048,1,0,1
2024-06-21,1,2,0.5150835514406774,0.49609375,0.5093866110084742,1,0,1
2024-06-22,0,2,0.5459140975834281,0.4921875,0.5297961183083997,1,0,1
2024-06-23,0,2,0.5253008934427081,0.48828125,0.5141950004098956,1,0,1
2024-06-24,1,2,0.5310742904067424,0.515625,0.5264395032847197,1,1,1
2024-06-25,0,2,0.4506555570746618,0.453125,0.4513963899522632,0,0,0
2024-06-26,1,2,0.5137883386133348,0.5,0.5096518370293344,1,1,1
2024-06-27,0,2,0.4778093768459143,0.4609375,0.4727478137921399,0,0,0
2024-06-28,1,2,0.5205935690763391,0.4609375,0.5026967483534374,1,0,1
2024-06-29,1,2,0.497262254832745,0.52734375,0.5062867033829215,0,1,1
2024-06-30,1,2,0.4401620423554383,0.4921875,0.45576967964880677,0,0,0
2024-07-01,0,2,0.4677765526573422,0.5,0.47744358686013955,0,1,0
2024-07-02,0,2,0.4905113179874852,0.53515625,0.5039047975912396,0,1,1
2024-07-03,0,2,0.5861477148531811,0.484375,0.5556159003972267,1,0,1
2024-07-04,0,2,0.49351793354815193,0.4609375,0.4837438034837064,0,0,0
2024-07-05,1,2,0.4826296803565486,0.49609375,0.48666890124958395,0,0,0
2024-07-06,0,2,0.4810814780417983,0.48046875,0.4808976596292588,0,0,0
2024-07-07,1,2,0.572614003824395,0.51953125,0.5566891776770765,1,1,1
2024-07-08,1,2,0.4835189814830767,0.44140625,0.47088516203815367,0,0,0
2024-07-09,0,2,0.45056779974400796,0.46484375,0.45485058482080554,0,0,0
2024-07-10,0,2,0.49556835669240124,0.484375,0.4922103496846808,0,0,0
2024-07-11,1,2,0.48919802097259224,0.453125,0.47837611468081453,0,0,0
2024-07-12,1,2,0.45376057922005425,0.46484375,0.457085530454038,0,0,0
2024-07-13,1,2,0.4454607114441623,0.4765625,0.45479124801091364,0,0,0
2024-07-14,1,2,0.44202021497663746,0.50390625,0.46058602548364613,0,1,0
2024-07-15,1,2,0.48571480201097555,0.50390625,0.4911722364076828,0,1,0
2024-07-16,0,2,0.4881930396769387,0.48828125,0.48821950277385706,0,0,0
2024-07-17,0,2,0.49896945721576036,0.49609375,0.49810674505103225,0,0,0
2024-07-18,1,2,0.49177861974571807,0.46875,0.4848700338220026,0,0,0
2024-07-19,1,2,0.4867010806632197,0.4921875,0.4883470064642538,0,0,0
2024-07-20,1,2,0.5093928845998771,0.5,0.5065750192199139,1,1,1
2024-07-21,0,2,0.4922960365284045,0.42578125,0.47234160056988306,0,0,0
2024-07-22,0,2,0.4953262439756617,0.5,0.49672837078296317,0,1,0
2024-07-23,0,2,0.5580320577959859,0.47265625,0.5324193154571901,1,0,1
2024-07-24,1,2,0.4756961519545397,0.453125,0.46892480636817774,0,0,0
2024-07-25,1,2,0.4546768846396372,0.49609375,0.467101944247746,0,0,0
2024-07-26,0,2,0.4623417315067885,0.5,0.4736392120547519,0,1,0
2024-07-27,1,2,0.5267520129377972,0.4375,0.499976409056458,1,0,0
2024-07-28,0,2,0.5084334918012272,0.46875,0.496528444260859,1,0,0
2024-07-29,0,2,0.5180972320917693,0.484375,0.5079805624642385,1,0,1
2024-07-30,0,2,0.4501104321759177,0.5234375,0.4721085525231423,0,1,0
2024-07-31,1,2,0.5561218593296275,0.52734375,0.5474884265307393,1,1,1
2024-08-01,0,2,0.4533988993107729,0.52734375,0.475582354517541,0,1,0
2024-08-02,0,2,0.543624841373802,0.44921875,0.5153030139616613,1,0,1
2024-08-03,0,2,0.4730762151850297,0.4296875,0.4600596006295208,0,0,0
2024-08-04,0,2,0.6048772293972867,0.4765625,0.5663828105781007,1,0,1
2024-08-05,1,2,0.5522323253222897,0.50390625,0.5377345027256027,1,1,1
2024-08-06,0,2,0.4696026360736901,0.49609375,0.4775499702515831,0,0,0
2024-08-07,1,2,0.5032438128712965,0.44921875,0.4870362940099075,1,0,0
2024-08-08,0,2,0.459501283484704,0.46875,0.4622758984392928,0,0,0
2024-08-09,1,2,0.4350694653865103,0.48046875,0.4486892507705572,0,0,0
2024-08-10,0,2,0.4351301577763863,0.48828125,0.45107548544347037,0,0,0
2024-08-11,1,2,0.5687485068925714,0.51953125,0.5539833298247999,1,1,1
2024-08-12,1,2,0.4897632405702229,0.484375,0.48814676839915605,0,0,0
2024-08-13,0,2,0.4502481179858624,0.5234375,0.47220493259010365,0,1,0
2024-08-14,0,2,0.5878085643607803,0.51953125,0.5673253700525462,1,1,1
2024-08-15,1,2,0.5070752529638398,0.45703125,0.4920620520746879,1,0,0
2024-08-16,1,2,0.45027280686162174,0.45703125,0.4523003398031352,0,0,0
2024-08-17,0,2,0.4811495351836077,0.47265625,0.47860154962852536,0,0,0
2024-08-18,1,2,0.49767126513927384,0.47265625,0.49016676059749165,0,0,0
2024-08-19,0,2,0.4445066263928797,0.48046875,0.4552952634750158,0,0,0
2024-08-20,1,2,0.4866303836231888,0.51953125,0.49650064353623213,0,1,0
2024-08-21,0,2,0.4572781684990973,0.421875,0.4466572179493681,0,0,0
2024-08-22,1,2,0.45889872541165283,0.47265625,0.46302598278815693,0,0,0
2024-08-23,1,2,0.4757554028039448,0.44921875,0.4677944069627613,0,0,0
2024-08-24,1,2,0.505282316843696,0.49609375,0.5025257467905871,1,0,1
2024-08-25,0,2,0.5028864639428358,0.41796875,0.477411149759985,1,0,0
2024-08-26,0,2,0.49542534476136085,0.4921875,0.4944539913329526,0,0,0
2024-08-27,0,2,0.49788305616733974,0.4765625,0.4914868893171378,0,0,0
2024-08-28,1,2,0.4903731198790021,0.48046875,0.4874018089153015,0,0,0
2024-08-29,0,2,0.4745329025162201,0.4765625,0.475141781761354,0,0,0
2024-08-30,0,2,0.47192948153378483,0.49609375,0.4791787620736494,0,0,0
2024-08-31,0,2,0.4931361906839957,0.4453125,0.478789083478797,0,0,0
2024-09-01,1,2,0.586643091775629,0.4765625,0.5536189142429403,1,0,1
2024-09-02,0,2,0.4361171144496918,0.48828125,0.45176635511478425,0,0,0
2024-09-03,1,2,0.5322645405527093,0.44921875,0.5073508033868965,1,0,1
2024-09-04,0,2,0.4692643502422329,0.53515625,0.489031920169563,0,1,0
2024-09-05,0,2,0.5788022994327233,0.4609375,0.5434428596029063,1,0,1
2024-09-06,1,2,0.5779374979686961,0.44921875,0.5393218735780873,1,0,1
2024-09-07,1,2,0.4921845210556291,0.4765625,0.48749791473894033,0,0,0
2024-09-08,1,2,0.4748815779756131,0.5078125,0.48476085458292917,0,1,0
2024-09-09,1,2,0.44365350548430255,0.47265625,0.4523543288390118,0,0,0
2024-09-10,0,2,0.454093719023611,0.51171875,0.4713812283165277,0,1,0
2024-09-11,1,2,0.4416792939201772,0.51953125,0.465034880744124,0,1,0
2024-09-12,1,2,0.45257938336213305,0.453125,0.4527430683534931,0,0,0
2024-09-13,0,2,0.48738648473884166,0.44921875,0.47593616431718916,0,0,0
2024-09-14,0,2,0.4935947818224159,0.5,0.49551634727569105,0,1,0
2024-09-15,0,2,0.4623781437504602,0.48828125,0.47014907562532215,0,0,0
2024-09-16,1,2,0.45503354837036897,0.44921875,0.45328910885925827,0,0,0
2024-09-17,1,2,0.4744216510295148,0.46875,0.47272015572066034,0,0,0
2024-09-18,1,2,0.47737321679771294,0.54296875,0.497051876758399,0,1,0
2024-09-19,1,2,0.48295880303021316,0.5546875,0.5044774121211492,0,1,1
2024-09-20,1,2,0.498413563269552,0.5234375,0.5059207442886864,0,1,1
2024-09-21,1,2,0.5099730913848475,0.48828125,0.5034655389693932,1,0,1
2024-09-22,0,2,0.47824674493915675,0.56640625,0.5046945964574097,0,1,1
2024-09-23,1,2,0.4935281697295939,0.46875,0.4860947188107157,0,0,0
2024-09-24,0,2,0.4706021209909803,0.4375,0.46067148469368624,0,0,0
2024-09-25,1,2,0.4713087581999485,0.546875,0.49397863073996395,0,1,0
2024-09-26,1,2,0.484501458650787,0.53125,0.4985260210555508,0,1,0
2024-09-27,1,2,0.49811719500291024,0.49609375,0.4975101615020372,0,0,0
2024-09-28,0,2,0.546367655769816,0.48828125,0.5289417340388712,1,0,1
2024-09-29,0,2,0.5327653551329558,0.546875,0.536998248593069,1,1,1
2024-09-30,0,2,0.5677642155887697,0.4296875,0.5263412009121388,1,0,1
2024-10-01,0,2,0.5924195284111479,0.44921875,0.5494592948878034,1,0,1
2024-10-02,1,2,0.4852428379651384,0.484375,0.48498248657559684,0,0,0
2024-10-03,1,2,0.4741477684162171,0.48828125,0.47838781289135196,0,0,0
2024-10-04,1,2,0.4252001662241045,0.46875,0.43826511635687315,0,0,0
2024-10-05,1,2,0.4734888095635758,0.48828125,0.47792654169450305,0,0,0
2024-10-06,0,2,0.45185778357059597,0.5,0.4663004484994172,0,1,0
2024-10-07,0,2,0.4771346952631898,0.51171875,0.48750991168423286,0,1,0
2024-10-08,0,2,0.4718410021150175,0.5390625,0.4920074514805123,0,1,0
2024-10-09,0,2,0.5297962223855346,0.4609375,0.5091386056698742,1,0,1
2024-10-10,1,2,0.4824505497118809,0.49609375,0.4865435097983166,0,0,0
2024-10-11,1,2,0.44440735617413674,0.47265625,0.45288202432189567,0,0,0
2024-10-12,0,2,0.4670339599067641,0.5078125,0.4792675219347349,0,1,0
2024-10-13,1,2,0.46505009569929195,0.49609375,0.4743631919895044,0,0,0
2024-10-14,1,2,0.4999540245256128,0.44140625,0.48238969216792893,0,0,0
2024-10-15,1,2,0.5088299044907049,0.49609375,0.5050090581434934,1,0,1
2024-10-16,0,2,0.5277195950551264,0.51953125,0.5252630915385885,1,1,1
2024-10-17,1,2,0.5343621838232924,0.484375,0.5193660286763047,1,0,1
2024-10-18,0,2,0.4770556996730702,0.43359375,0.4640171147711491,0,0,0
2024-10-19,1,2,0.5427865874321848,0.5,0.5299506112025293,1,1,1
2024-10-20,0,2,0.5115494937117453,0.47265625,0.49988152059822166,1,0,0
2024-10-21,0,2,0.5248862199748185,0.51171875,0.5209359789823729,1,1,1
2024-10-22,0,2,0.4910147452931243,0.44921875,0.47847594670518695,0,0,0
2024-10-23,1,2,0.48958773557745083,0.44921875,0.4774770399042156,0,0,0
2024-10-24,0,2,0.4781963095610895,0.43359375,0.4648155416927626,0,0,0
2024-10-25,1,2,0.5080576729926489,0.46484375,0.4950934960948542,1,0,0
2024-10-26,1,2,0.4672718609092128,0.42578125,0.45482467763644896,0,0,0
2024-10-27,1,2,0.4693986070132411,0.54296875,0.4914696499092688,0,1,0
2024-10-28,1,2,0.4888916556378913,0.47265625,0.48402103394652385,0,0,0
2024-10-29,0,2,0.48119335251158885,0.4453125,0.4704290967581122,0,0,0
2024-10-30,0,2,0.5216597496205289,0.484375,0.5104743247343702,1,0,1
2024-10-31,0,2,0.6200280331420245,0.46875,0.5746446231994171,1,0,1
2024-11-01,0,2,0.5058757529454604,0.515625,0.5088005270618222,1,1,1
2024-11-02,0,2,0.4861604429790313,0.4765625,0.4832810600853219,0,0,0
2024-11-03,0,2,0.4809075262486681,0.44921875,0.47140089337406765,0,0,0
2024-11-04,1,2,0.495484282450864,0.45703125,0.48394837271560476,0,0,0
2024-11-05,1,2,0.4607832343798327,0.46484375,0.46200138906588284,0,0,0
2024-11-06,1,2,0.4895476450782621,0.51171875,0.49619897655478346,0,1,0
2024-11-07,1,2,0.5405513408847034,0.4921875,0.5260421886192923,1,0,1
2024-11-08,1,2,0.5239637022748297,0.515625,0.5214620915923808,1,1,1
2024-11-09,1,2,0.5162343199998845,0.53515625,0.521910898999919,1,1,1
2024-11-10,1,2,0.5043465808998635,0.46484375,0.49249573162990445,1,0,0
2024-11-11,0,2,0.43417300461442226,0.46484375,0.44337422823009554,0,0,0
2024-11-12,1,2,0.5507100917536022,0.4921875,0.5331533142275215,1,0,1
2024-11-13,0,2,0.5327320328110045,0.50390625,0.5240842979677031,1,1,1
2024-11-14,1,2,0.6719926445779252,0.5078125,0.6227386012045476,1,1,1
2024-11-15,0,2,0.4844117625573563,0.5234375,0.49611948379014936,0,1,0
2024-11-16,0,2,0.567414293483589,0.4921875,0.5448462554385123,1,0,1
2024-11-17,1,2,0.5603095294150445,0.43359375,0.5222947955905312,1,0,1
2024-11-18,1,2,0.5472683592198122,0.4765625,0.5260566014538686,1,0,1
2024-11-19,1,2,0.5296931534784745,0.5078125,0.523128957434932,1,1,1
2024-11-20,1,2,0.5194037987274119,0.546875,0.5276451591091884,1,1,1
2024-11-21,1,2,0.4950045716180568,0.51171875,0.5000188251326397,0,1,1
2024-11-22,0,2,0.5403861731969841,0.4921875,0.5259265712378889,1,0,1
2024-11-23,1,2,0.5503051540920592,0.5234375,0.5422448578644413,1,1,1
2024-11-24,0,2,0.5456094555478437,0.46484375,0.5213797438834905,1,0,1
2024-11-25,0,2,0.5946531792013487,0.52734375,0.5744603504409441,1,1,1
2024-11-26,1,2,0.5368938155836332,0.53515625,0.5363725459085432,1,1,1
2024-11-27,0,2,0.48855665797888526,0.421875,0.46855216058521965,0,0,0
2024-11-28,1,2,0.5564282848918564,0.5078125,0.5418435494242995,1,1,1
2024-11-29,0,3,0.5215304561430024,0.45703125,0.5021806943001017,1,0,1
2024-11-30,1,3,0.5225792361998612,0.515625,0.5204929653399029,1,1,1
2024-12-01,0,3,0.5361382838293746,0.55078125,0.5405311736805621,1,1,1
2024-12-02,1,3,0.5262149930981743,0.46484375,0.5078036201687219,1,0,1
2024-12-03,1,3,0.5084941389948776,0.46484375,0.4953990222964143,1,0,0
2024-12-04,0,3,0.4856968190482253,0.5078125,0.4923315233337577,0,1,0
2024-12-05,1,3,0.5126724388346214,0.484375,0.5041832071842349,1,0,1
2024-12-06,1,3,0.5369744695426225,0.46484375,0.5153352536798357,1,0,1
2024-12-07,1,3,0.5452100855082089,0.5,0.5316470598557462,1,1,1
2024-12-08,0,3,0.5509096696226741,0.46484375,0.5250898937358718,1,0,1
2024-12-09,0,3,0.5764887542933487,0.51171875,0.557057753005344,1,1,1
2024-12-10,1,3,0.5122046241725013,0.546875,0.5226057369207509,1,1,1
2024-12-11,0,3,0.5026102413018743,0.5,0.501827168911312,1,1,1
2024-12-12,1,3,0.5161903314610001,0.48828125,0.5078176070227001,1,0,1
2024-12-13,0,3,0.49413144155994415,0.52734375,0.5040951340919608,0,1,1
2024-12-14,1,3,0.5212862240304242,0.421875,0.491462856821297,1,0,0
2024-12-15,1,3,0.5078882217029352,0.49609375,0.5043498801920546,1,0,1
2024-12-16,1,3,0.5564768532709976,0.46484375,0.5289869222896982,1,0,1
2024-12-17,0,3,0.5677621535158844,0.51953125,0.5532928824611191,1,1,1
2024-12-18,0,3,0.5345222483397712,0.42578125,0.5018999488378398,1,0,1
2024-12-19,1,3,0.6137639912938809,0.52734375,0.5878379189057166,1,1,1
2024-12-20,0,3,0.4679621280761802,0.47265625,0.4693703646533261,0,0,0
2024-12-21,0,3,0.5142736085911334,0.5078125,0.5123352760137934,1,1,1
2024-12-22,0,3,0.5202034267128972,0.4296875,0.49304864869902804,1,0,0
2024-12-23,1,3,0.4793749031661273,0.48828125,0.48204680721628906,0,0,0
2024-12-24,1,3,0.4544028944884022,0.484375,0.4633945261418815,0,0,0
2024-12-25,0,3,0.4755610185548862,0.49609375,0.48172083798842036,0,0,0
2024-12-26,0,3,0.5636747002389202,0.46875,0.5351972901672442,1,0,1
2024-12-27,1,3,0.4792045143926491,0.46484375,0.4748962850748544,0,0,0
2024-12-28,0,3,0.46079022642587364,0.48828125,0.4690375334981115,0,0,0
2024-12-29,0,3,0.4673974179784875,0.52734375,0.48538131758494124,0,1,0
2024-12-30,1,3,0.49184850684692694,0.5,0.4942939547928489,0,1,0
2024-12-31,1,3,0.4595526436111152,0.48046875,0.4658274755277806,0,0,0
2025-01-01,1,3,0.44000875334283696,0.48046875,0.4521467523399858,0,0,0
2025-01-02,1,3,0.4158355181293505,0.41796875,0.4164754876905453,0,0,0
2025-01-03,1,3,0.4350260465749536,0.46875,0.44514323260246746,0,0,0
2025-01-04,1,3,0.4439991439370795,0.5,0.4607994007559556,0,1,0
2025-01-05,1,3,0.45661002622711355,0.50390625,0.4707988933589794,0,1,0
2025-01-06,0,3,0.4739428067306292,0.46875,0.4723849647114404,0,0,0
2025-01-07,0,3,0.5507721992369901,0.45703125,0.522649914465893,1,0,1
2025-01-08,0,3,0.5028068960485543,0.484375,0.497277327233988,1,0,0
2025-01-09,1,3,0.5657859582846722,0.5078125,0.5483939207992705,1,1,1
2025-01-10,0,3,0.4225273912192773,0.51953125,0.4516285488534941,0,1,0
2025-01-11,0,3,0.4658904899166214,0.453125,0.46206084294163496,0,0,0
2025-01-12,1,3,0.46333447329780225,0.484375,0.4696466313084615,0,0,0
2025-01-13,1,3,0.4583984385390895,0.46875,0.46150390697736265,0,0,0
2025-01-14,1,3,0.4063152674460379,0.46484375,0.42387381221222653,0,0,0
2025-01-15,0,3,0.4443765503682647,0.4375,0.4423135852577853,0,0,0
2025-01-16,1,3,0.4880137416353403,0.52734375,0.4998127441447382,0,1,0
2025-01-17,0,3,0.502391965075872,0.4921875,0.49933062555311036,1,0,0
2025-01-18,0,3,0.5202234403589862,0.43359375,0.4942345332512903,1,0,0
2025-01-19,1,3,0.6176953384343945,0.55078125,0.5976211119040762,1,1,1
2025-01-20,1,3,0.5208959513054335,0.43359375,0.49470529091380344,1,0,0
2025-01-21,0,3,0.5065331428284953,0.44921875,0.4893388249799467,1,0,0
2025-01-22,1,3,0.5258779850207467,0.4609375,0.5063958395145226,1,0,1
2025-01-23,1,3,0.5156972414331381,0.453125,0.4969255690031966,1,0,0
2025-01-24,0,3,0.4886151768474098,0.5078125,0.4943743737931868,0,1,0
2025-01-25,0,3,0.5074073352122971,0.453125,0.49112263464860795,1,0,0
2025-01-26,0,3,0.5009635774165225,0.48828125,0.49715887919156576,1,0,0
2025-01-27,0,3,0.4945082115892739,0.41796875,0.4715463731124917,0,0,0
2025-01-28,1,3,0.5142898044463261,0.4921875,0.5076591131124282,1,0,1
2025-01-29,1,3,0.4404282648481186,0.4609375,0.446581035393683,0,0,0
2025-01-30,0,3,0.4686662810017373,0.46875,0.46869139670121607,0,0,0
2025-01-31,0,3,0.48898702835559055,0.4765625,0.48525966984891333,0,0,0
2025-02-01,0,3,0.4877300166209316,0.484375,0.4867235116346521,0,0,0
2025-02-02,1,3,0.6013641533455434,0.453125,0.5568924073418804,1,0,1
2025-02-03,0,3,0.4648989932191019,0.4453125,0.45902304525337123,0,0,0
2025-02-04,0,3,0.5486736204372472,0.4453125,0.5176652843060731,1,0,1
2025-02-05,0,3,0.4858441154790949,0.48828125,0.4865752558353664,0,0,0
2025-02-06,0,3,0.4640323534826819,0.45703125,0.46193202243787734,0,0,0
2025-02-07,0,3,0.4774714044319179,0.46484375,0.4736831081023425,0,0,0
2025-02-08,1,3,0.4852454245359044,0.51953125,0.4955311721751331,0,1,0
2025-02-09,1,3,0.4799550708235544,0.47265625,0.477765424576488,0,0,0
2025-02-10,0,3,0.4385087088795762,0.453125,0.44289359621570334,0,0,0
2025-02-11,1,3,0.5010705450549462,0.46484375,0.4902025065384623,1,0,0
2025-02-12,0,3,0.42239044499689965,0.5078125,0.4480170614978297,0,1,0
2025-02-13,1,3,0.46375679258241137,0.46875,0.46525475480768796,0,0,0
2025-02-14,1,3,0.4371431503321378,0.47265625,0.4477970802324964,0,0,0
2025-02-15,0,3,0.4623526974599486,0.50390625,0.47481876322196404,0,1,0
2025-02-16,0,3,0.4823789790840118,0.5,0.48766528535880826,0,1,0
2025-02-17,0,3,0.5228394378763894,0.4609375,0.5042688565134725,1,0,1
2025-02-18,1,3,0.5053630103093082,0.5078125,0.5060978572165158,1,1,1
2025-02-19,1,3,0.4554398481171284,0.4765625,0.4617766436819899,0,0,0
2025-02-20,0,3,0.41142722337036264,0.453125,0.4239365563592538,0,0,0
2025-02-21,1,3,0.5002811509449416,0.40625,0.4720718056614591,1,0,0
2025-02-22,0,3,0.4734299122073069,0.55078125,0.4966353135451148,0,1,0
2025-02-23,0,3,0.4601606182859581,0.5390625,0.4838311828001707,0,1,0
2025-02-24,0,3,0.5276377509016652,0.51171875,0.5228620506311656,1,1,1
2025-02-25,0,3,0.5685560350687747,0.4375,0.5292392245481423,1,0,1
2025-02-26,1,3,0.5379316743271515,0.48046875,0.5206927970290061,1,0,1
2025-02-27,0,3,0.48985587364273786,0.484375,0.48821161154991644,0,0,0
2025-02-28,1,3,0.5103539440241605,0.4921875,0.5049040108169123,1,0,1
2025-03-01,1,3,0.46999899553804847,0.45703125,0.46610867187663396,0,0,0
2025-03-02,0,3,0.47739583462634966,0.48828125,0.4806614592384447,0,0,0
2025-03-03,1,3,0.4922178745316447,0.5,0.49455251217215124,0,1,0
2025-03-04,1,3,0.4756938117103623,0.50390625,0.48415754319725357,0,1,0
2025-03-05,0,3,0.4506899523447425,0.5546875,0.4818892166413198,0,1,0
2025-03-06,0,3,0.4970781837100409,0.45703125,0.4850641035970287,0,0,0
2025-03-07,0,3,0.5573667066556478,0.47265625,0.5319535696589535,1,0,1
2025-03-08,0,3,0.4823538005214524,0.51953125,0.4935070353650166,0,1,0
2025-03-09,0,3,0.4965197690690124,0.4921875,0.49522008834830866,0,0,0
2025-03-10,1,3,0.5842556541820969,0.48828125,0.5554633329274679,1,0,1
2025-03-11,1,3,0.4835847662459764,0.48828125,0.48499371137218344,0,0,0
2025-03-12,0,3,0.4735187108114687,0.5078125,0.48380684756802805,0,1,0
2025-03-13,1,3,0.5889190576629275,0.4921875,0.5598995903640492,1,0,1
2025-03-14,1,3,0.441659480936811,0.4375,0.44041163665576766,0,0,0
2025-03-15,0,3,0.4620394956990509,0.49609375,0.47225577198933566,0,0,0
2025-03-16,1,3,0.5125708208640345,0.49609375,0.5076276996048241,1,0,1
2025-03-17,0,3,0.442652378916452,0.44921875,0.4446222902415164,0,0,0
2025-03-18,1,3,0.4664741878234074,0.45703125,0.46364130647638513,0,0,0
2025-03-19,0,3,0.4476344071324161,0.54296875,0.47623470999269124,0,1,0
2025-03-20,0,3,0.5531249952730612,0.49609375,0.5360156216911428,1,0,1
2025-03-21,0,3,0.466918414242263,0.484375,0.47215538996958406,0,0,0
2025-03-22,1,3,0.471847537983236,0.54296875,0.4931839015882652,0,1,0
2025-03-23,1,3,0.4428984266945355,0.51171875,0.4635445236861748,0,1,0
2025-03-24,0,3,0.43917946699845056,0.5,0.4574256268989154,0,1,0
2025-03-25,0,3,0.455380774068458,0.51171875,0.47228216684792057,0,1,0
2025-03-26,1,3,0.4667357475389856,0.51953125,0.4825743982772899,0,1,0
2025-03-27,0,3,0.4442495797687971,0.546875,0.47503720583815795,0,1,0
2025-03-28,0,3,0.5268350233836249,0.4765625,0.5117532663685374,1,0,1
2025-03-29,0,3,0.519154990679897,0.484375,0.5087209934759279,1,0,1
2025-03-30,1,3,0.5000462579951449,0.4375,0.48128238059660144,1,0,0
2025-03-31,1,3,0.47387449544739835,0.4609375,0.46999339681317887,0,0,0
2025-04-01,0,3,0.4357293014457355,0.51171875,0.4585261360120148,0,1,0
2025-04-02,1,3,0.5745035198702847,0.48046875,0.5462930889091993,1,0,1
2025-04-03,1,3,0.4407450373578587,0.4765625,0.4514902761505011,0,0,0
2025-04-04,0,3,0.4604828955740558,0.48828125,0.46882240190183905,0,0,0
2025-04-05,0,3,0.4875542950044423,0.49609375,0.4901161315031096,0,0,0
2025-04-06,1,3,0.4484302876159149,0.44921875,0.4486668263311404,0,0,0
2025-04-07,0,3,0.4834319109409725,0.515625,0.49308983765868075,0,1,0
2025-04-08,1,3,0.5738744528896369,0.43359375,0.5317902420227458,1,0,1
2025-04-09,0,3,0.4982197853161297,0.46875,0.48937884972129075,0,0,0
2025-04-10,1,3,0.5324853134803568,0.53515625,0.5332865944362497,1,1,1
2025-04-11,1,3,0.4217511136659923,0.484375,0.4405382795661946,0,0,0
2025-04-12,0,3,0.4428069372800553,0.44140625,0.44238673109603865,0,0,0
2025-04-13,1,3,0.4737544014316949,0.51171875,0.48514370600218637,0,1,0
2025-04-14,0,3,0.4567040219447091,0.44921875,0.45445844036129635,0,0,0
2025-04-15,1,3,0.4946100634843137,0.50390625,0.4973989194390196,0,1,0
2025-04-16,1,3,0.4603350096001381,0.44140625,0.4546563817200967,0,0,0
2025-04-17,0,3,0.4498055146340924,0.5078125,0.46720761024386465,0,1,0
2025-04-18,1,3,0.4536041776149647,0.42578125,0.4452572993304752,0,0,0
2025-04-19,1,3,0.4647635408252343,0.5234375,0.482365728577664,0,1,0
2025-04-20,1,3,0.47895997357957965,0.46484375,0.47472510650570576,0,0,0
2025-04-21,1,3,0.4702081283906947,0.5,0.47914568987348627,0,1,0
2025-04-22,1,3,0.4906303488212297,0.47265625,0.48523811917486076,0,0,0
2025-04-23,1,3,0.5107913743265766,0.40234375,0.4782570870286036,1,0,0
2025-04-24,1,3,0.4903909814331364,0.45703125,0.48038306200319547,0,0,0
2025-04-25,0,3,0.5175009177331056,0.4609375,0.5005318924131739,1,0,1
2025-04-26,0,3,0.5073798091903076,0.453125,0.4911033664332153,1,0,0
2025-04-27,1,3,0.5149120958478222,0.4921875,0.5080947170934755,1,0,1
2025-04-28,0,3,0.4824156759015113,0.52734375,0.4958940981310579,0,1,0
2025-04-29,0,3,0.5081833709821943,0.48828125,0.502212734687536,1,0,1
2025-04-30,1,3,0.5303840853410666,0.51953125,0.5271282347387466,1,1,1
2025-05-01,1,3,0.4755763153392502,0.484375,0.4782159207374751,0,0,0
2025-05-02,0,3,0.4970015540271438,0.48046875,0.49204171281900067,0,0,0
2025-05-03,0,3,0.5214795255042645,0.42578125,0.4927700428529851,1,0,0
2025-05-04,1,3,0.4929144447630192,0.50390625,0.49621198633411345,0,1,0
2025-05-05,1,3,0.4723602359076328,0.484375,0.47596466513534297,0,0,0
2025-05-06,1,3,0.4827248268703456,0.49609375,0.4867355038092419,0,0,0
2025-05-07,1,3,0.5054780774741856,0.46875,0.4944596542319299,1,0,0
2025-05-08,0,3,0.5119179778777057,0.5,0.508342584514394,1,1,1
2025-05-09,1,3,0.5341755412280393,0.48046875,0.5180635038596275,1,0,1
2025-05-10,0,3,0.4953233747184159,0.4375,0.4779763623028911,0,0,0
2025-05-11,0,3,0.5344685509530852,0.54296875,0.5370186106671596,1,1,1
2025-05-12,1,3,0.5551364116554043,0.5078125,0.540939238158783,1,1,1
2025-05-13,0,3,0.5045698698663158,0.515625,0.507886408906421,1,1,1
2025-05-14,1,3,0.5068120988403535,0.46875,0.49539346918824745,1,0,0
2025-05-15,0,3,0.4891292862961192,0.4609375,0.4806717504072834,0,0,0
2025-05-16,0,3,0.5101137075003094,0.4765625,0.5000483452502166,1,0,1
2025-05-17,1,3,0.5196789039230951,0.45703125,0.5008846077461666,1,0,1
2025-05-18,0,3,0.4890363345318047,0.4609375,0.48060668417226327,0,0,0
2025-05-19,1,3,0.5232282867585941,0.44140625,0.49868167573101585,1,0,0
2025-05-20,1,3,0.5022016156071961,0.48046875,0.49568175592503727,1,0,0
2025-05-21,1,3,0.5222965519333541,0.5078125,0.5179513363533479,1,1,1
2025-05-22,0,3,0.5098463818421424,0.484375,0.5022049672894996,1,0,1
2025-05-23,1,3,0.5829594692431952,0.4921875,0.5557278784702366,1,0,1
2025-05-24,1,3,0.5034950333956568,0.51953125,0.5083058983769597,1,1,1
2025-05-25,1,3,0.4810708572235066,0.44140625,0.4691714750564546,0,0,0
2025-05-26,0,3,0.4974525343689865,0.48046875,0.49235739905829057,0,0,0
2025-05-27,0,3,0.5271663136257372,0.53515625,0.529563294538016,1,1,1
2025-05-28,0,3,0.5239761551433864,0.45703125,0.5038926836003704,1,0,1
2025-05-29,0,3,0.546588118684773,0.5390625,0.544330433079341,1,1,1
2025-05-30,1,3,0.5195881993292489,0.5078125,0.5160554895304743,1,1,1
2025-05-31,1,3,0.47368250436658,0.4609375,0.469859003056606,0,0,0
2025-06-01,1,3,0.4837677806301985,0.5,0.48863744644113893,0,1,0
2025-06-02,0,3,0.4763896037087626,0.4765625,0.4764414725961338,0,0,0
2025-06-03,0,3,0.5168494969045978,0.41015625,0.48484152283321846,1,0,0
2025-06-04,0,3,0.5028742878984265,0.46875,0.4926370015288985,1,0,0
2025-06-05,1,3,0.5595037031098679,0.50390625,0.5428244671769075,1,1,1
2025-06-06,1,3,0.4764994834111978,0.5390625,0.4952683883878385,0,1,0
2025-06-07,1,3,0.4366482801537764,0.46875,0.4462787961076434,0,0,0
2025-06-08,1,3,0.4648134728670668,0.53515625,0.4859163060069468,0,1,0
2025-06-09,0,3,0.4619745555682144,0.42578125,0.45111656389775,0,0,0
2025-06-10,0,3,0.4726852690590622,0.4296875,0.4597859383413435,0,0,0
2025-06-11,0,3,0.4737209561904466,0.46875,0.47222966933331256,0,0,0
2025-06-12,1,3,0.5558658345672185,0.3984375,0.5086373341970529,1,0,1
2025-06-13,0,3,0.4524048601320262,0.50390625,0.46785527709241825,0,1,0
2025-06-14,1,3,0.4742773461624838,0.52734375,0.49019726731373864,0,1,0
2025-06-15,1,3,0.4574272734291059,0.45703125,0.45730846640037415,0,0,0
2025-06-16,0,3,0.4892265755727272,0.5078125,0.494802352900909,0,1,0
2025-06-17,1,3,0.5260636973737566,0.5390625,0.5299633381616295,1,1,1
2025-06-18,0,3,0.4655648421780881,0.53125,0.4852703895246616,0,1,0
2025-06-19,0,3,0.4558602475389801,0.48046875,0.463242798277286,0,0,0
2025-06-20,0,3,0.5015863293212125,0.5078125,0.5034541805248487,1,1,1
2025-06-21,0,3,0.4952295531697114,0.453125,0.48259818721879794,0,0,0
2025-06-22,1,3,0.5324846416851206,0.515625,0.5274267491795843,1,1,1
2025-06-23,1,3,0.4410924702662318,0.5,0.45876472918636224,0,1,0
2025-06-24,1,3,0.4316804116215154,0.5078125,0.45452003813506076,0,1,0
2025-06-25,0,3,0.4519785394288527,0.47265625,0.45818185260019684,0,0,0
2025-06-26,1,3,0.4980603746817432,0.46484375,0.48809538727722024,0,0,0
2025-06-27,1,3,0.4699612882213728,0.4921875,0.4766291517549609,0,0,0
2025-06-28,1,3,0.4566931602280387,0.45703125,0.45679458715962706,0,0,0
2025-06-29,0,3,0.4625308072199764,0.47265625,0.46556844005398346,0,0,0
2025-06-30,0,3,0.5093959506322079,0.5234375,0.5136084154425454,1,1,1
2025-07-01,1,3,0.5059764657203569,0.48828125,0.5006679010042498,1,0,1
2025-07-02,1,3,0.47735034886217514,0.546875,0.4982077442035226,0,1,0
2025-07-03,0,3,0.480345961808511,0.484375,0.4815546732659577,0,0,0
2025-07-04,1,3,0.4696782668366467,0.4609375,0.46705603678565266,0,0,0
2025-07-05,1,3,0.4708931427754127,0.51953125,0.48548457494278885,0,1,0
2025-07-06,0,3,0.47835354428332794,0.48046875,0.4789881059983295,0,0,0
2025-07-07,1,3,0.5180779797240744,0.54296875,0.525545210806852,1,1,1
2025-07-08,1,3,0.5183181973149678,0.51953125,0.5186821131204774,1,1,1
2025-07-09,1,3,0.4995197528636242,0.51171875,0.503179452004537,0,1,1
2025-07-10,1,3,0.5319680429762754,0.41796875,0.49776825508339273,1,0,0
2025-07-11,0,3,0.5343865849120206,0.48046875,0.5182112344384144,1,0,1
2025-07-12,1,3,0.5383509936901184,0.55859375,0.5444238205830828,1,1,1
2025-07-13,1,3,0.5154692516953183,0.5234375,0.5178597261867228,1,1,1
2025-07-14,0,3,0.5596440850813552,0.46875,0.5323758595569485,1,0,1
2025-07-15,1,3,0.5277179002708026,0.49609375,0.5182306551895618,1,0,1
2025-07-16,1,3,0.5147646199380382,0.51953125,0.5161946089566267,1,1,1
2025-07-17,0,3,0.5052972415648143,0.48046875,0.4978486940953699,1,0,0
2025-07-18,0,3,0.5425106613693474,0.5,0.5297574629585432,1,1,1
2025-07-19,0,3,0.5263442656661936,0.48828125,0.5149253609663356,1,0,1
2025-07-20,1,3,0.5338057290882019,0.48828125,0.5201483853617412,1,0,1
2025-07-21,1,3,0.5182660146892747,0.50390625,0.5139580852824922,1,1,1
2025-07-22,0,3,0.49656390900571057,0.51171875,0.5011103613039973,0,1,1
2025-07-23,0,3,0.5076660043048722,0.54296875,0.5182568280134104,1,1,1
2025-07-24,0,3,0.5223165470859784,0.44140625,0.4980434579601849,1,0,0
2025-07-25,1,3,0.506981452045586,0.5078125,0.5072307664319102,1,1,1
2025-07-26,1,3,0.5041995306008128,0.53125,0.5123146714205689,1,1,1
2025-07-27,0,3,0.5059615645533869,0.4765625,0.4971418451873708,1,0,0
2025-07-28,0,3,0.5121069828564537,0.45703125,0.49558426299951763,1,0,0
2025-07-29,0,3,0.538580569752828,0.453125,0.5129438988269795,1,0,1
2025-07-30,0,3,0.5225704587783843,0.48046875,0.5099399461448689,1,0,1
2025-07-31,0,3,0.554524264426162,0.46484375,0.5276201100983133,1,0,1
2025-08-01,0,3,0.5216468329121983,0.39453125,0.48351215803853875,1,0,0
2025-08-02,1,3,0.4888060140203254,0.45703125,0.47927358481422777,0,0,0
2025-08-03,1,3,0.4519270725652424,0.546875,0.48041145079566966,0,1,0
2025-08-04,0,3,0.46008273664952315,0.48828125,0.4685422906546662,0,0,0
2025-08-05,1,3,0.4651427988320976,0.46484375,0.46505308418246827,0,0,0
2025-08-06,1,3,0.4649815275321319,0.48828125,0.4719714442724923,0,0,0
2025-08-07,0,3,0.44126264744984955,0.5078125,0.46122760321489464,0,1,0
2025-08-08,0,3,0.45649042541698054,0.4296875,0.44844954779188634,0,0,0
2025-08-09,1,3,0.49558798206473464,0.5,0.4969115874453143,0,1,0
2025-08-10,0,3,0.46739897940067443,0.41796875,0.45256991058047213,0,0,0
2025-08-11,1,3,0.5247339772069282,0.46875,0.5079387840448497,1,0,1
2025-08-12,1,3,0.4844496014110339,0.48046875,0.4832553459877237,0,0,0
2025-08-13,0,3,0.49848160858895924,0.5,0.49893712601227147,0,1,0
2025-08-14,0,3,0.5480980500572872,0.47265625,0.525465510040101,1,0,1
2025-08-15,1,3,0.4903874864324615,0.5234375,0.500302490502723,0,1,1
2025-08-16,0,3,0.45224634280081616,0.4921875,0.46422868996057126,0,0,0
2025-08-17,0,3,0.4878808576456406,0.48046875,0.48565722535194844,0,0,0
2025-08-18,0,3,0.4705284456292997,0.5546875,0.4957761619405098,0,1,0
2025-08-19,1,3,0.5393792408418486,0.51953125,0.533424843589294,1,1,1
2025-08-20,0,3,0.4314054913236699,0.44140625,0.4344057189265689,0,0,0
2025-08-21,1,3,0.4945691988571981,0.4765625,0.48916718920003865,0,0,0
2025-08-22,0,3,0.4564990002604845,0.47265625,0.4613461751823391,0,0,0
2025-08-23,0,3,0.463775685095612,0.52734375,0.4828461045669284,0,1,0
2025-08-24,0,3,0.4807039328510424,0.5,0.4864927529957297,0,1,0
2025-08-25,1,3,0.5457326017837776,0.47265625,0.5238096962486443,1,0,1
2025-08-26,0,3,0.4405792746678659,0.46875,0.44903049226750613,0,0,0
2025-08-27,1,3,0.4964208759055079,0.51953125,0.5033539881338555,0,1,1
2025-08-28,0,3,0.4655112427467123,0.45703125,0.4629672449226986,0,0,0
2025-08-29,1,3,0.5150881387161055,0.4921875,0.5082179471012738,1,0,1
2025-08-30,0,3,0.457595371596762,0.46875,0.46094176011773336,0,0,0
2025-08-31,1,3,0.509757351178975,0.51953125,0.5126895208252825,1,1,1
2025-09-01,1,3,0.4696795532495676,0.4140625,0.4529944372746973,0,0,0
2025-09-02,1,3,0.43309878189856243,0.46875,0.4437941473289937,0,0,0
2025-09-03,0,3,0.4609081467778586,0.4453125,0.456229452744501,0,0,0
2025-09-04,0,3,0.47584178615327927,0.4921875,0.48074550030729546,0,0,0
2025-09-05,0,3,0.4672320728101269,0.5078125,0.4794062009670888,0,1,0
2025-09-06,1,3,0.4740718653390851,0.48046875,0.47599093073735954,0,0,0
2025-09-07,1,3,0.4455711633811589,0.52734375,0.4701029393668112,0,1,0
2025-09-08,0,3,0.4691142594762818,0.5078125,0.48072373163339727,0,1,0
2025-09-09,1,3,0.4955565057539937,0.46484375,0.4863426790277955,0,0,0
2025-09-10,1,3,0.4370803292197714,0.4609375,0.44423748045383993,0,0,0
2025-09-11,1,3,0.4525486933999636,0.50390625,0.46795596037997444,0,1,0
2025-09-12,0,3,0.4873654094703726,0.44140625,0.47357766162926085,0,0,0
2025-09-13,0,3,0.5255152671013018,0.44140625,0.5002825619709113,1,0,1
2025-09-14,1,3,0.5231041799628968,0.46875,0.5067979259740277,1,0,1
2025-09-15,1,3,0.5244227060747921,0.49609375,0.5159240192523544,1,0,1
2025-09-16,0,3,0.5343560961629272,0.49609375,0.5228773923140491,1,0,1
2025-09-17,1,3,0.5013841670715314,0.515625,0.505656416950072,1,1,1
2025-09-18,0,3,0.552091945678127,0.421875,0.5130268619746889,1,0,1
2025-09-19,1,3,0.5357303860911952,0.4296875,0.5039175202638366,1,0,1
2025-09-20,0,3,0.5551682765268853,0.53515625,0.5491646685688196,1,1,1
2025-09-21,0,3,0.5738313917834369,0.4609375,0.5399632242484058,1,0,1
2025-09-22,0,3,0.5306382320604396,0.49609375,0.5202748874423077,1,0,1
2025-09-23,1,3,0.5053340932559663,0.40234375,0.4744369902791764,1,0,0
2025-09-24,0,3,0.5236158994139476,0.53515625,0.5270780045897633,1,1,1
2025-09-25,1,3,0.5637272610011536,0.4375,0.5258590827008075,1,0,1
2025-09-26,0,3,0.4778008884876317,0.5234375,0.49149187194134214,0,1,0
2025-09-27,1,3,0.4898895454102442,0.5,0.4929226817871709,0,1,0
2025-09-28,1,3,0.426509620501556,0.4609375,0.4368379843510892,0,0,0
2025-09-29,0,3,0.4049000739529463,0.46484375,0.42288317676706233,0,0,0
2025-09-30,1,3,0.4341086391270377,0.5078125,0.4562197973889264,0,1,0
2025-10-01,1,3,0.4436038690115122,0.44140625,0.4429445833080585,0,0,0
2025-10-02,1,3,0.5022582883700984,0.47265625,0.49337767685906886,1,0,0
2025-10-03,1,3,0.5278411749523858,0.5,0.51948882246667,1,1,1
2025-10-04,1,3,0.5274610696314261,0.45703125,0.5063321237419983,1,0,1
2025-10-05,1,3,0.5169486195551362,0.53515625,0.5224109086885953,1,1,1
2025-10-06,0,3,0.502877814816093,0.421875,0.478576970371265,1,0,0
2025-10-07,1,3,0.5565427112204745,0.48046875,0.5337205228543321,1,0,1
2025-10-08,0,3,0.4665949937702919,0.4609375,0.4648977456392043,0,0,0
2025-10-09,0,3,0.5066316605134688,0.44921875,0.4894077873594281,1,0,0
2025-10-10,0,3,0.4844353685499485,0.45703125,0.47621413298496396,0,0,0
2025-10-11,1,3,0.5127007161382481,0.50390625,0.5100623762967736,1,1,1
2025-10-12,1,3,0.428114828917027,0.52734375,0.4578835052419189,0,1,0
2025-10-13,0,3,0.46279108827990467,0.53125,0.48332876179593326,0,1,0
2025-10-14,0,3,0.4628758335465079,0.45703125,0.4611224584825555,0,0,0
2025-10-15,0,3,0.5228622102746975,0.5078125,0.5183472971922882,1,1,1
2025-10-16,0,3,0.5882035368180978,0.4609375,0.5500237257726684,1,0,1
2025-10-17,1,3,0.5109043708688725,0.48046875,0.5017736846082107,1,0,1
2025-10-18,1,3,0.4477300506133362,0.51171875,0.46692666042933534,0,1,0
2025-10-19,1,3,0.47659454446244803,0.4453125,0.46720993112371356,0,0,0
2025-10-20,0,3,0.4627263187363674,0.5,0.4739084231154571,0,1,0
2025-10-21,0,3,0.5288532370522909,0.47265625,0.5119941409366036,1,0,1
2025-10-22,1,3,0.4995296883603389,0.47265625,0.4914676568522372,0,0,0
2025-10-23,1,3,0.4548059679880839,0.47265625,0.46016105259165874,0,0,0
2025-10-24,1,3,0.4558090126456185,0.5078125,0.47141005885193293,0,1,0
2025-10-25,1,3,0.43651012466960476,0.4296875,0.4344633372687233,0,0,0
2025-10-26,0,3,0.4601593196898699,0.4921875,0.4697677737829089,0,0,0
2025-10-27,0,3,0.4754250061832383,0.546875,0.49686000432826677,0,1,0
2025-10-28,0,3,0.4870315411813252,0.45703125,0.4780314538269276,0,0,0
2025-10-29,0,3,0.5567513349987631,0.54296875,0.5526165594991341,1,1,1
2025-10-30,1,3,0.5350712011848247,0.42578125,0.5022842158293772,1,0,1
2025-10-31,1,3,0.4779042041886822,0.4453125,0.46812669293207754,0,0,0
2025-11-01,1,3,0.4472775372534494,0.48046875,0.4572349010774145,0,0,0
2025-11-02,0,3,0.46717688795365114,0.46875,0.4676488215675558,0,0,0
2025-11-03,0,3,0.5434423143942502,0.46875,0.5210346200759751,1,0,1
2025-11-04,1,3,0.5885681276160603,0.453125,0.5479351893312421,1,0,1
2025-11-05,0,3,0.45994752757283225,0.4375,0.4532132693009826,0,0,0
2025-11-06,1,3,0.5438361165862923,0.47265625,0.5224821566104045,1,0,1
2025-11-07,0,3,0.47365025251215814,0.53515625,0.49210205175851074,0,1,0
2025-11-08,1,3,0.4723392960284235,0.46484375,0.47009063221989644,0,0,0
2025-11-09,1,3,0.43984478934366306,0.46484375,0.44734447754056406,0,0,0
2025-11-10,0,3,0.437591346855763,0.515625,0.4610014427990341,0,1,0
2025-11-11,0,3,0.5569734555033353,0.4765625,0.5328501688523347,1,0,1
2025-11-12,0,3,0.5139453045757839,0.46484375,0.4992148382030487,1,0,0
2025-11-13,0,3,0.5599283897666981,0.5,0.5419498728366886,1,1,1
2025-11-14,1,3,0.5555320252863938,0.46875,0.5294974177004756,1,0,1
2025-11-15,0,3,0.5229208441198322,0.4375,0.4972945908838825,1,0,0
2025-11-16,0,3,0.5553093887597212,0.546875,0.5527790721318049,1,1,1
2025-11-17,1,3,0.6087209781415696,0.515625,0.5807921846990987,1,1,1
2025-11-18,0,3,0.5200093354575478,0.4453125,0.4976002848202834,1,0,0
2025-11-19,0,3,0.5102142119618089,0.41796875,0.4825405733732663,1,0,0
2025-11-20,0,3,0.6542278127509188,0.47265625,0.599756343925643,1,0,1
2025-11-21,0,3,0.6174332965430235,0.51171875,0.5857189325801164,1,1,1
2025-11-22,1,3,0.5692406062538738,0.46875,0.5390934243777117,1,0,1
2025-11-23,1,3,0.5418454314745108,0.48046875,0.5234324270321575,1,0,1
2025-11-24,0,3,0.521798949220392,0.515625,0.5199467644542745,1,1,1
2025-11-25,1,3,0.5151061800332348,0.47265625,0.5023712010232644,1,0,1
2025-11-26,1,3,0.4388422061823731,0.484375,0.45250204432766117,0,0,0
2025-11-27,0,3,0.4730208714585727,0.4765625,0.4740833600210008,0,0,0
2025-11-28,0,3,0.5033905044198367,0.515625,0.5070608530938857,1,1,1
2025-11-29,0,3,0.4686853795015864,0.5078125,0.48042351565111047,0,1,0
2025-11-30,0,3,0.49729982578458976,0.484375,0.49342237804921274,0,0,0
2025-12-01,1,3,0.5364860557323601,0.4921875,0.523196489012652,1,0,1
2025-12-02,1,3,0.4834276443980535,0.453125,0.47433685107863743,0,0,0
2025-12-03,0,3,0.4462640231152692,0.50390625,0.46355669118068843,0,1,0
2025-12-04,0,3,0.46581891502475176,0.47265625,0.4678701155173262,0,0,0
2025-12-05,0,3,0.5538414209867429,0.44140625,0.5201108696907201,1,0,1
2025-12-06,1,3,0.5013071335496058,0.48828125,0.497399368484724,1,0,0
2025-12-07,1,3,0.4754097669398134,0.44140625,0.4652087118578694,0,0,0
2025-12-08,1,3,0.4727955149960834,0.48828125,0.47744123549725836,0,0,0
2025-12-09,0,3,0.48712942121244923,0.40234375,0.46169371984871443,0,0,0
2025-12-10,1,3,0.4951253773513343,0.46875,0.48721276414593395,0,0,0
2025-12-11,0,3,0.4653418437342753,0.48828125,0.4722236656139927,0,0,0
2025-12-12,1,3,0.4869419445733282,0.48828125,0.4873437362013297,0,0,0
2025-12-13,0,3,0.4621451980446771,0.5546875,0.489907888631274,0,1,0
2025-12-14,0,3,0.5198599943837713,0.46875,0.5045269960686398,1,0,1
2025-12-15,1,3,0.5284117581171727,0.54296875,0.5327788556820209,1,1,1
2025-12-16,0,3,0.4411423259801501,0.49609375,0.45762775318610505,0,0,0
2025-12-17,0,3,0.5186621848680376,0.44921875,0.4978291544076263,1,0,0
2025-12-18,1,3,0.5155844033077781,0.47265625,0.5027059573154447,1,0,1
2025-12-19,1,3,0.4537403165506182,0.51171875,0.4711338465854327,0,1,0
2025-12-20,1,3,0.45010820358029696,0.48828125,0.46156011750620785,0,0,0
2025-12-21,0,3,0.4307745827770011,0.4609375,0.43982345794390076,0,0,0
2025-12-22,0,3,0.4718318025178597,0.5078125,0.4826260117625018,0,1,0
2025-12-23,1,3,0.4764697535204441,0.515625,0.4882163274643109,0,1,0
2025-12-24,0,3,0.4496068380698571,0.47265625,0.4565216616488999,0,0,0
2025-12-25,1,3,0.4942335046053442,0.5,0.4959634532237409,0,1,0
2025-12-26,1,3,0.4943444379026595,0.51953125,0.5019004815318616,0,1,1
2025-12-27,1,3,0.4836921377061521,0.4609375,0.47686574639430646,0,0,0
2025-12-28,0,3,0.49634756196325364,0.51953125,0.5033026683742775,0,1,1
2025-12-29,1,3,0.4969180514808221,0.48828125,0.49432701103657545,0,0,0
2025-12-30,0,3,0.4731995777884322,0.5,0.48123970445190256,0,1,0
2025-12-31,1,3,0.501274895319546,0.48046875,0.49503305172368217,1,0,0
2026-01-01,1,3,0.4649843869505974,0.5,0.47548907086541814,0,1,0
2026-01-02,1,3,0.4826390230315546,0.48828125,0.4843316911220882,0,0,0
2026-01-03,1,3,0.4890921639532015,0.46484375,0.481817639767241,0,0,0
2026-01-04,1,3,0.4991570699197156,0.4765625,0.49237869894380093,0,0,0
2026-01-05,0,3,0.5324319764958146,0.515625,0.5273898835470703,1,1,1
2026-01-06,0,3,0.5007551222172203,0.47265625,0.4923254605520542,1,0,0
2026-01-07,0,3,0.5192216729375109,0.53515625,0.5240020460562576,1,1,1
2026-01-08,0,3,0.4732397458597173,0.546875,0.49533032210180206,0,1,0
2026-01-09,0,3,0.4947336390240109,0.4453125,0.4799072973168076,0,0,0
2026-01-10,1,3,0.467563541257274,0.49609375,0.47612260388009175,0,0,0
2026-01-11,1,3,0.4689404315738341,0.46484375,0.4677114271016838,0,0,0
2026-01-12,1,3,0.47552007715267597,0.47265625,0.4746609290068731,0,0,0
2026-01-13,1,3,0.5013773512540474,0.44140625,0.4833860208778331,1,0,0
2026-01-14,0,3,0.5131718962598442,0.4765625,0.5021890773818909,1,0,1
2026-01-15,0,3,0.4814331918420473,0.515625,0.4916907342894331,0,1,0
2026-01-16,0,3,0.4845474302407915,0.453125,0.47512070116855404,0,0,0
2026-01-17,0,3,0.47551625218039884,0.484375,0.4781738765262792,0,0,0
2026-01-18,0,3,0.46134057278573065,0.51171875,0.4764540259500114,0,1,0
2026-01-19,0,3,0.48328033471925136,0.56640625,0.5082181093034759,0,1,1
2026-01-20,1,3,0.5029949654318656,0.43359375,0.4821746008023059,1,0,0
2026-01-21,1,3,0.47240002572018935,0.5625,0.49943001800413256,0,1,0
2026-01-22,1,3,0.4795709417576092,0.44921875,0.47046528423032646,0,0,0
2026-01-23,0,3,0.4862097330206512,0.49609375,0.4891749381144558,0,0,0
2026-01-24,0,3,0.4831387088744917,0.49609375,0.4870252212121442,0,0,0
2026-01-25,1,3,0.5605362877036733,0.4921875,0.5400316513925713,1,0,1
2026-01-26,1,3,0.444502187890576,0.4609375,0.44943278152340316,0,0,0
2026-01-27,1,3,0.4538797478562982,0.43359375,0.44779394849940873,0,0,0
2026-01-28,0,3,0.458298525339794,0.47265625,0.46260584273785577,0,0,0
2026-01-29,0,3,0.4823012780670365,0.46875,0.4782358946469255,0,0,0
2026-01-30,0,3,0.479215847912162,0.5078125,0.4877948435385134,0,1,0
2026-01-31,0,3,0.5513970290327349,0.515625,0.5406654203229144,1,1,1
2026-02-01,1,3,0.5594864649736021,0.52734375,0.5498436504815214,1,1,1
2026-02-02,0,3,0.5160963546500116,0.47265625,0.503064323255008,1,0,1
2026-02-03,0,3,0.6397936126347336,0.453125,0.5837930288443134,1,0,1
2026-02-04,0,3,0.7089737458076951,0.52734375,0.6544847470653865,1,1,1
2026-02-05,1,3,0.6339789651282073,0.4375,0.5750352755897451,1,0,1
2026-02-06,0,3,0.438450865478887,0.484375,0.4522281058352209,0,0,0
2026-02-07,1,3,0.5651312895050871,0.50390625,0.5467637776535609,1,1,1
2026-02-08,0,3,0.4655366522843199,0.44921875,0.4606412815990239,0,0,0
2026-02-09,0,3,0.5665151258559187,0.53515625,0.557107463099143,1,1,1
2026-02-10,0,3,0.5412562774630658,0.49609375,0.527707519224146,1,0,1
2026-02-11,0,3,0.6779372518799395,0.47265625,0.6163529513159576,1,0,1
2026-02-12,1,3,0.5918051135393192,0.47265625,0.5560604544775234,1,0,1
2026-02-13,1,3,0.4832771684047355,0.5078125,0.4906377678833148,0,1,0
2026-02-14,0,3,0.4730039487264614,0.48046875,0.47524338910852293,0,0,0
2026-02-15,1,3,0.526361986590256,0.4765625,0.5114221406131791,1,0,1
2026-02-16,0,3,0.5342626862096709,0.48828125,0.5204682553467697,1,0,1
2026-02-17,0,3,0.51946865932394,0.4765625,0.5065968115267581,1,0,1
2026-02-18,1,3,0.5368524212836613,0.484375,0.5211091948985629,1,0,1
2026-02-19,1,3,0.5045396010579191,0.4609375,0.49145897074054334,1,0,0
2026-02-20,0,3,0.486433250833588,0.484375,0.4858157755835115,0,0,0
2026-02-21,0,3,0.5185398574442684,0.49609375,0.511806025210988,1,0,1
2026-02-22,0,3,0.5049642899752365,0.42578125,0.4812093779826655,1,0,0
2026-02-23,0,3,0.5820442846085339,0.5234375,0.5644622492259737,1,1,1
2026-02-24,1,3,0.560987116171837,0.47265625,0.534487856320286,1,0,1
2026-02-25,0,3,0.5117578093742778,0.45703125,0.4953398415619945,1,0,0
2026-02-26,0,3,0.516994050545381,0.47265625,0.5036927103817666,1,0,1
2026-02-27,1,3,0.5733502752693699,0.51171875,0.5548608176885589,1,1,1
2026-02-28,0,3,0.4943293318429341,0.4609375,0.4843117822900539,0,0,0
2026-03-01,1,3,0.5613791734038107,0.53125,0.5523404213826675,1,1,1
2026-03-02,0,3,0.4956683797621714,0.4921875,0.49462411583351995,0,0,0
2026-03-03,1,3,0.4660868394133587,0.484375,0.471573287589351,0,0,0
2026-03-04,0,3,0.5176172492980738,0.546875,0.5263945745086517,1,1,1
2026-03-05,0,3,0.5745270877249934,0.53125,0.5615439614074953,1,1,1
2026-03-06,0,3,0.5472133121098923,0.48828125,0.5295336934769246,1,0,1
2026-03-07,0,3,0.4782038545340135,0.421875,0.46130519817380944,0,0,0
2026-03-08,1,3,0.5171296246980538,0.5,0.5119907372886376,1,1,1
2026-03-09,1,3,0.4777738155514008,0.4921875,0.4820979208859805,0,0,0
2026-03-10,1,3,0.472340472496099,0.47265625,0.47243520574726927,0,0,0
2026-03-11,1,3,0.4730523642284522,0.47265625,0.4729335299599165,0,0,0
2026-03-12,1,3,0.42837365342334993,0.5546875,0.466267807396345,0,1,0
2026-03-13,1,3,0.469143380687347,0.4765625,0.4713691164811429,0,0,0
2026-03-14,1,3,0.4503182589187595,0.48828125,0.46170715624313163,0,0,0
2026-03-15,1,3,0.46680956367070775,0.46484375,0.46621981956949543,0,0,0
2026-03-16,0,3,0.46200401861706003,0.46484375,0.462855938031942,0,0,0
2026-03-17,0,3,0.4946740731062981,0.44921875,0.4810374761744086,0,0,0
2026-03-18,0,3,0.5240258475241786,0.4609375,0.505099343266925,1,0,1
2026-03-19,1,3,0.4747192562098268,0.4765625,0.47527222934687874,0,0,0
2026-03-20,0,3,0.4617009675938796,0.4765625,0.4661594273157157,0,0,0
2026-03-21,0,3,0.5740715728111111,0.46875,0.5424751009677777,1,0,1
2026-03-22,1,3,0.5159802699698294,0.51953125,0.5170455639788806,1,1,1
2026-03-23,0,3,0.4715056561379995,0.46875,0.47067895929659964,0,0,0
2026-03-24,1,3,0.4817690583557183,0.51171875,0.49075396584900277,0,1,0
2026-03-25,0,3,0.4613663989566826,0.4296875,0.4518627292696778,0,0,0
2026-03-26,0,3,0.5235299180679682,0.5078125,0.5188146926475777,1,1,1
2026-03-27,0,3,0.5394875448228125,0.48828125,0.5241256563759686,1,0,1
2026-03-28,0,3,0.4924251230085983,0.4609375,0.48297883610601877,0,0,0
2026-03-29,1,3,0.4991854232185309,0.5546875,0.5158360462529716,0,1,1
2026-03-30,1,3,0.49949279191605966,0.44921875,0.48441057934124176,0,0,0
2026-03-31,0,3,0.430561819363024,0.50390625,0.4525651485541168,0,1,0
2026-04-01,0,3,0.48554276435333443,0.51171875,0.4933955600473341,0,1,0
2026-04-02,1,3,0.5115118278476233,0.453125,0.4939957794933363,1,0,0
2026-04-03,1,3,0.4648678369424457,0.49609375,0.474235610859712,0,0,0
2026-04-04,1,3,0.44876122186837253,0.4765625,0.4571016053078607,0,0,0
2026-04-05,0,3,0.4434821025301744,0.4921875,0.45809372177112206,0,0,0
2026-04-06,1,3,0.47549436026858205,0.51953125,0.48870542718800736,0,1,0
2026-04-07,0,3,0.5006757156511157,0.5,0.500473000955781,1,1,1
2026-04-08,1,3,0.48863812437167664,0.4765625,0.4850154370601736,0,0,0
2026-04-09,1,3,0.48290716410132634,0.4921875,0.4856912648709284,0,0,0
2026-04-10,1,3,0.478331153796093,0.4921875,0.48248805765726505,0,0,0
2026-04-11,0,3,0.49696859809594124,0.47265625,0.48967489366715883,0,0,0
2026-04-12,1,3,0.5196694723951137,0.4375,0.4950186306765796,1,0,0
2026-04-13,0,3,0.49732432893626405,0.4765625,0.4910957802553848,0,0,0
2026-04-14,1,3,0.5093445372102628,0.5,0.506541176047184,1,1,1
2026-04-15,1,3,0.5098005059710047,0.52734375,0.5150634791797033,1,1,1
2026-04-16,1,3,0.47633219419532336,0.484375,0.47874503593672635,0,0,0
2026-04-17,0,3,0.5291481363767697,0.4453125,0.5039974454637388,1,0,1
2026-04-18,0,3,0.4897886163828897,0.48828125,0.48933640646802273,0,0,0
2026-04-19,1,3,0.5371444338170079,0.453125,0.5119386036719056,1,0,1
2026-04-20,1,3,0.4724478014010156,0.5234375,0.4877447109807109,0,1,0
2026-04-21,1,3,0.4887267713826697,0.453125,0.47804623996786877,0,0,0
2026-04-22,1,3,0.521832739791644,0.5234375,0.5223141678541507,1,1,1
2026-04-23,0,3,0.5051404568835797,0.453125,0.48953581981850575,1,0,0
2026-04-24,1,3,0.49985919569901666,0.5,0.49990143698931166,0,1,0
2026-04-25,1,3,0.4943524427739001,0.52734375,0.50424983494173,0,1,1
2026-04-26,0,3,0.5023919427453691,0.49609375,0.5005024849217584,1,0,1
2026-04-27,0,3,0.49638080233710835,0.49609375,0.49629468663597587,0,0,0
2026-04-28,0,3,0.481200479463251,0.5,0.48684033562427564,0,1,0
2026-04-29,1,3,0.5089765813890685,0.53515625,0.5168304819723479,1,1,1
2026-04-30,1,3,0.4750742902221737,0.46875,0.4731770031555216,0,0,0
2026-05-01,1,3,0.49580658547162043,0.453125,0.48300210983013425,0,0,0
2026-05-02,0,3,0.4918210526513553,0.52734375,0.5024778618559487,0,1,1
2026-05-03,1,3,0.5098077762809109,0.4921875,0.5045216933966377,1,0,1
2026-05-04,1,3,0.49608820717755203,0.47265625,0.4890586200242864,0,0,0
2026-05-05,1,3,0.5013763591418496,0.4453125,0.4845572013992947,1,0,0
2026-05-06,0,3,0.5110248883211115,0.546875,0.5217799218247781,1,1,1
2026-05-07,1,3,0.5056864089943465,0.46484375,0.49343361129604246,1,0,0
2026-05-08,1,3,0.4882446437862534,0.52734375,0.49997437565037733,0,1,0
2026-05-09,1,3,0.5192283671728141,0.421875,0.49002235702096986,1,0,0
2026-05-10,0,3,0.5039612929879042,0.46484375,0.4922260300915329,1,0,0
2026-05-11,0,3,0.4908135632399052,0.5078125,0.49591324426793365,0,1,0
2026-05-12,0,3,0.4997352526963658,0.515625,0.504502176887456,0,1,1
2026-05-13,1,3,0.5278989730624715,0.4765625,0.51249803114373,1,0,1
2026-05-14,0,3,0.4856785020729763,0.43359375,0.4700530764510834,0,0,0
2026-05-15,0,3,0.537539055354199,0.44140625,0.5086992137479392,1,0,1
2026-05-16,0,3,0.4940387608132469,0.48046875,0.4899677575692728,0,0,0
2026-05-17,0,3,0.5025830167828537,0.46875,0.49243311174799753,1,0,0
2026-05-18,0,3,0.47665189008275877,0.515625,0.4883438230579311,0,1,0
2026-05-19,1,3,0.4765713877674414,0.453125,0.469537471437209,0,0,0
2026-05-20,1,3,0.4539244857700592,0.52734375,0.4759502650390414,0,1,0
2026-05-21,0,3,0.47799070178991243,0.4921875,0.4822497412529387,0,0,0
2026-05-22,1,3,0.5535508283127991,0.51953125,0.5433449548189594,1,1,1
2026-05-23,1,3,0.4693747587722428,0.52734375,0.48676545614056993,0,1,0
2026-05-24,1,3,0.4541391236201296,0.49609375,0.4667255115340907,0,0,0
2026-05-25,0,3,0.461668365833963,0.484375,0.46848035608377403,0,0,0
2026-05-26,0,3,0.5111738041332832,0.484375,0.5031341628932982,1,0,1
2026-05-27,0,3,0.5172522920074913,0.52734375,0.5202797294052439,1,1,1
2026-05-28,0,3,0.4872010171158998,0.4375,0.4722907119811298,0,0,0
2026-05-29,1,3,0.5196364884354523,0.45703125,0.5008549169048165,1,0,1
2026-05-30,0,3,0.4851418403075565,0.4375,0.4708492882152896,0,0,0
2026-05-31,0,3,0.5116428085167871,0.50390625,0.5093218409617509,1,1,1
2026-06-01,0,3,0.5531868003200489,0.51953125,0.5430901352240342,1,1,1
2026-06-02,0,3,0.5435398898535364,0.5390625,0.5421966728974754,1,1,1
2026-06-03,0,3,0.6368342611054568,0.484375,0.5910964827738198,1,0,1
2026-06-04,0,3,0.55982558003228,0.515625,0.546565406022596,1,1,1
2026-06-05,0,3,0.6604083065805441,0.53125,0.6216608146063808,1,1,1
2026-06-06,1,3,0.560160426567018,0.484375,0.5374247985969126,1,0,1
2026-06-07,0,3,0.5008134692155634,0.48046875,0.49471005345089436,1,0,0
2026-06-08,0,3,0.5417832228844381,0.453125,0.5151857560191067,1,0,1
2026-06-09,0,3,0.5708649847051432,0.5078125,0.5519492392936003,1,1,1
2026-06-10,1,3,0.54246414814443,0.48046875,0.5238655287011009,1,0,1
2026-06-11,0,3,0.4670545079398804,0.4765625,0.46990690555791625,0,0,0
2026-06-12,1,3,0.5060291232521377,0.55859375,0.5217985112764963,1,1,1
2026-06-13,1,3,0.4754442717476173,0.5,0.48281099022333207,0,1,0
2026-06-14,1,3,0.4697396775573432,0.453125,0.4647552742901402,0,0,0
2026-06-15,0,3,0.4947605781691334,0.484375,0.4916449047183933,0,0,0
2026-06-16,0,3,0.48644920272240616,0.54296875,0.5034050669056843,0,1,1
2026-06-17,0,3,0.5122455432509136,0.46484375,0.49802500527563953,1,0,0
2026-06-18,1,3,0.5323814166505869,0.53515625,0.5332138666554108,1,1,1
2026-06-19,1,3,0.46441126525075643,0.484375,0.47040038567552944,0,0,0
2026-06-20,0,3,0.4529734952841264,0.50390625,0.46825332169888845,0,1,0
2026-06-21,1,3,0.4825547751495536,0.4375,0.46903834260468746,0,0,0
2026-06-22,0,3,0.482211549994802,0.4375,0.46879808499636133,0,0,0
2026-06-23,0,3,0.5052202584620056,0.4765625,0.4966229309234039,1,0,0
2026-06-24,0,3,0.5482219628448767,0.5078125,0.5360991239914137,1,1,1
2026-06-25,1,3,0.5744314302775301,0.5,0.552102001194271,1,1,1
2026-06-26,0,3,0.5256517278005804,0.5,0.5179562094604063,1,1,1
2026-06-27,0,3,0.5168804764954918,0.5078125,0.5141600835468443,1,1,1
2026-06-28,1,3,0.5308220613626674,0.47265625,0.5133723179538672,1,0,1
2026-06-29,0,3,0.5119374468913293,0.5,0.5083562128239304,1,1,1
2026-06-30,1,3,0.5769538335032143,0.51171875,0.5573833084522499,1,1,1
2026-07-01,1,3,0.5226428193536303,0.50390625,0.5170218485475412,1,1,1
2026-07-02,1,3,0.4531562571896884,0.56640625,0.4871312550327819,0,1,0
2026-07-03,1,3,0.4453652814539777,0.51171875,0.4652713220177844,0,1,0
2026-07-04,1,3,0.4413756048025622,0.5390625,0.47068167336179356,0,1,0
2026-07-05,1,3,0.4623257733792399,0.49609375,0.47245616636546794,0,0,0
2026-07-06,0,3,0.4716731273105921,0.49609375,0.4789993141174145,0,0,0
2026-07-07,0,3,0.4673479211426331,0.45703125,0.4642529197998432,0,0,0
2026-07-08,1,3,0.48618818261455166,0.46875,0.4809567278301861,0,0,0
2026-07-09,1,3,0.44814500800993456,0.5,0.4637015056069542,0,1,0
2026-07-10,0,3,0.4571265343849317,0.48828125,0.4664729490694522,0,0,0
2026-07-11,0,3,0.4937142929764422,0.52734375,0.5038031300835095,0,1,1
2026-07-12,0,3,0.5036074854101723,0.48046875,0.4966658647871206,1,0,0
2026-07-13,1,3,0.5351334797304025,0.44140625,0.5070153108112817,1,0,1
2026-07-14,0,3,0.4458814293040171,0.45703125,0.44922637551281197,0,0,0
2026-07-15,0,3,0.47707404545328286,0.5078125,0.486295581817298,0,1,0
2026-07-16,1,3,0.4727770481926074,0.515625,0.4856314337348252,0,1,0
2026-07-17,1,3,0.46724183686139276,0.46484375,0.46652241080297485,0,0,0
2026-07-18,0,3,0.4597057936328269,0.47265625,0.4635909305429788,0,0,0
2026-07-19,1,3,0.47011220592595565,0.55078125,0.49431291914816894,0,1,0
2026-07-20,1,3,0.47302905500387404,0.46484375,0.4705734635027118,0,0,0
2026-07-21,0,3,0.4730045801472928,0.52734375,0.48930633110310495,0,1,0
2026-07-22,0,3,0.4729820628434301,0.48828125,0.477571818990401,0,0,0
2026-07-23,0,3,0.4829104999259857,0.46484375,0.47749047494818997,0,0,0
2026-07-24,1,3,0.4983507810365421,0.47265625,0.4906424217255795,0,0,0
2026-07-25,1,3,0.4763903111379256,0.48828125,0.4799575927965479,0,0,0
2026-07-26,0,3,0.45918221657121483,0.55859375,0.4890056765998504,0,1,0
2026-07-27,1,3,0.5444079615477492,0.44921875,0.5158511980834244,1,0,1
2026-07-28,1,3,0.4551889462051529,0.43359375,0.44871038734360696,0,0,0
2026-07-29,1,3,0.4784353005838078,0.44921875,0.46967033540866543,0,0,0
2026-07-30,0,3,0.4634023692110306,0.4921875,0.4720379084477214,0,0,0
2026-07-31,0,3,0.546026661264456,0.4375,0.5134686628851192,1,0,1
2026-08-01,1,3,0.4704719244026313,0.47265625,0.4711272220818419,0,0,0
2026-08-02,0,3,0.4621542739540591,0.5078125,0.47585174176784134,0,1,0
2026-08-03,1,3,0.47671441871793685,0.48046875,0.4778407181025558,0,0,0
2026-08-04,1,3,0.4532614948296748,0.46484375,0.4567361713807724,0,0,0
2026-08-05,0,3,0.4508903818816566,0.52734375,0.4738263923171596,0,1,0
2026-08-06,1,3,0.4663115841191051,0.51953125,0.48227748388337355,0,1,0
2026-08-07,1,3,0.4795134545507606,0.5078125,0.4880031681855324,0,1,0
2026-08-08,0,3,0.5196887161233603,0.44921875,0.4985477262863522,1,0,0
2026-08-09,0,3,0.5148548567230942,0.37109375,0.4717265247061659,1,0,0
2026-08-10,0,3,0.5188200018654615,0.42578125,0.49090837630582307,1,0,0
2026-08-11,0,3,0.5167306542989294,0.53125,0.5210864580092505,1,1,1
2026-08-12,0,3,0.5226512317457157,0.515625,0.5205433622220009,1,1,1
2026-08-13,0,3,0.5016438499846051,0.5,0.5011506949892235,1,1,1
2026-08-14,1,3,0.5068898845331014,0.5625,0.523572919173171,1,1,1
2026-08-15,0,3,0.5477859233936517,0.4921875,0.5311063963755562,1,0,1
2026-08-16,1,3,0.5523613146928184,0.48828125,0.5331372952849729,1,0,1
2026-08-17,1,3,0.5036031452005746,0.5078125,0.5048659516404022,1,1,1
2026-08-18,1,3,0.5049350757470328,0.46875,0.49407955302292295,1,0,0
2026-08-19,1,3,0.5298403748255349,0.5078125,0.5232320123778744,1,1,1
2026-08-20,1,3,0.48770521111336296,0.47265625,0.48319052277935404,0,0,0
2026-08-21,0,3,0.4844617621661476,0.48046875,0.48326385851630327,0,0,0
2026-08-22,1,3,0.5621361983939918,0.5078125,0.5458390888757942,1,1,1
2026-08-23,1,3,0.5159986412604546,0.45703125,0.4983084238823182,1,0,0
2026-08-24,0,3,0.4896218348502518,0.484375,0.48804778439517627,0,0,0
2026-08-25,1,3,0.5550255283700527,0.48046875,0.5326584948590368,1,0,1
2026-08-26,1,3,0.5205950438668697,0.44921875,0.4991821557068088,1,0,0
2026-08-27,0,3,0.4827405984203005,0.4921875,0.4855746688942103,0,0,0
2026-08-28,1,3,0.5911994327414305,0.5390625,0.5755583529190014,1,1,1
2026-08-29,0,3,0.5184610235338049,0.51953125,0.5187820914736634,1,1,1
2026-08-30,1,3,0.5539317295189586,0.48046875,0.5318928356632711,1,0,1
2026-08-31,0,3,0.5174601940965494,0.4609375,0.5005033858675846,1,0,1
2026-09-01,0,3,0.5531807105408302,0.50390625,0.5383983723785811,1,1,1
2026-09-02,1,3,0.5163856587295129,0.546875,0.5255324611106591,1,1,1
2026-09-03,0,3,0.52360665845774,0.55078125,0.531759035920418,1,1,1
2026-09-04,1,3,0.5019298336656431,0.48828125,0.4978352585659502,1,0,0
2026-09-05,1,3,0.5072158814513688,0.43359375,0.4851292420159581,1,0,0
2026-09-06,0,3,0.5040090143734842,0.46484375,0.4922594350614389,1,0,0
2026-09-07,0,3,0.4904300039518169,0.4453125,0.4768947527662718,0,0,0
2026-09-08,0,3,0.4843212636003579,0.47265625,0.48082175952025047,0,0,0
2026-09-09,0,3,0.5177851044122345,0.46484375,0.5019026980885641,1,0,1
2026-09-10,1,3,0.5252403798140899,0.50390625,0.5188401408698629,1,1,1
2026-09-11,1,3,0.49720167674444044,0.44921875,0.48280679872110827,0,0,0
