Adj Close,Close,High,Low,Open,Volume,Return,EMA_9,EMA_21,EMA_50,EMA_100,EMA_250,Log_Return,Volatility,True_Range,ATR,ATR_Percent,EMA_Score,Trend,Volatility_Regime,Market_Score
3310.00146484375,3310.00146484375,3330.76611328125,3203.82373046875,3248.648681640625,13562957230,0.018998586244709736,3316.492215755412,3458.76964229663,3604.445241093301,3679.296989306689,3731.4869480437987,0.01882036684483606,0.03577801537334358,126.9423828125,187.0091552734375,0.05649820921824436,-100,Strong Bearish,Medium,25.88
3330.53076171875,3330.53076171875,3364.537841796875,3278.6708984375,3309.84423828125,9619999078,0.006202201749167191,3319.29992494808,3447.1115622440952,3593.7034968041025,3672.3907273742543,3728.2920780332406,0.006183047255123135,0.031822113755305664,85.866943359375,186.88312639508928,0.05611211538507051,-100,Strong Bearish,Medium,25.97
3350.921875,3350.921875,3376.401123046875,3291.563720703125,3330.38720703125,9505934874,0.006122481592311324,3325.6243149584643,3438.367045221905,3584.182648890216,3666.0250075252593,3725.2851441445296,0.006103815352282093,0.03150524158229377,84.83740234375,185.17119489397322,0.05525977680215932,-100,Strong Bearish,Medium,26.19
3212.304931640625,3212.304931640625,3355.8193359375,3157.22412109375,3350.947265625,12344309617,-0.04136680845756069,3302.9604382948964,3417.815943987243,3569.599208998075,3657.040451567148,3721.1976524114307,-0.04224676783784577,0.0351916389104334,198.59521484375,189.48863002232142,0.05898836942778767,-100,Strong Bearish,Medium,25.25
3164.025146484375,3164.025146484375,3236.01611328125,3096.12353515625,3212.28759765625,13024154091,-0.015029639521672689,3275.1733799327926,3394.744053305164,3553.694343801459,3647.277772258578,3716.7580308502593,-0.015143729147734823,0.030049549442930316,139.892578125,188.52129255022322,0.05958274154669529,-100,Strong Bearish,Medium,25.1
3095.825927734375,3095.825927734375,3171.158447265625,3055.21240234375,3163.850341796875,13187424144,-0.021554575451392277,3239.303889493109,3367.569678253274,3535.738719641966,3636.3579337531482,3711.810364689973,-0.021790268306875832,0.02336827387743073,115.946044921875,169.28069196428572,0.054680300480644525,-100,Strong Bearish,Medium,26.33
3001.1201171875,3001.1201171875,3265.3369140625,3000.908203125,3095.271728515625,10645922764,-0.030591452089873683,3191.6671350319875,3334.2560817927492,3514.7732842515948,3623.7789670884817,3706.147494191945,-0.031069137876988995,0.022320122474946105,264.4287109375,172.81058175223214,0.05758202771110061,-100,Strong Bearish,Medium,25.6
2557.931640625,2557.931640625,3029.0810546875,2496.81298828125,3002.956787109375,26796291874,-0.14767435465989753,3064.92003615059,3263.681132595681,3477.250082540748,3602.6730794357395,3696.998363884639,-0.15978661233704647,0.057112140436036365,532.26806640625,189.18111746651786,0.07395862909780251,-100,Strong Bearish,Medium,21.51
2405.18115234375,2405.18115234375,2615.247314453125,2330.247314453125,2561.145263671875,27369692036,-0.05971640752836038,2932.972259389222,3185.6356798455054,3435.2081637094934,3578.9603680081755,3686.7049996492533,-0.06157375509984131,0.05428048154887981,285.0,193.86514718191964,0.08060313751960264,-100,Strong Bearish,Medium,19.85
2535.0390625,2535.0390625,2542.144775390625,2381.51513671875,2406.92431640625,16481489511,0.053990906269038685,2853.385620011378,3126.490532814096,3399.9074146424546,3558.2886589882114,3677.528378636112,0.05258382225371412,0.06379671483181797,160.629638671875,195.99016462053572,0.07731248307758008,-100,Strong Bearish,Medium,20.67
2440.352294921875,2440.352294921875,2537.20849609375,2172.30126953125,2535.89111328125,28220804648,-0.03735120652726631,2770.7789549934773,3064.1143293693485,3362.277802104393,3536.151305244324,3667.6704018734486,-0.038066634147074466,0.06379022381339193,364.9072265625,205.65998186383928,0.08427470996371991,-100,Strong Bearish,Medium,18.93
2455.93505859375,2455.93505859375,2498.507080078125,2359.384765625,2440.3935546875,16179776932,0.006385456601614825,2707.810175713532,3008.825304753385,3326.734949417701,3514.76088451857,3658.015140174009,0.006365155947078696,0.06563699118247576,139.122314453125,202.28505161830358,0.08236579827730889,-100,Strong Bearish,Medium,19.41
2468.0302734375,2468.0302734375,2705.7841796875,2417.68310546875,2455.5791015625,21229909340,0.0049248919678990255,2659.8541952583255,2959.662120088304,3293.0602562420067,3494.0335456852818,3648.5331890446346,0.004912804357988148,0.06736661850863672,288.10107421875,209.68498883928572,0.0849604606134892,-100,Strong Bearish,Medium,18.76
2423.001220703125,2423.001220703125,2510.45166015625,2328.4521484375,2467.1884765625,16126522783,-0.018244935331225953,2612.4836003472856,2910.874765598742,3258.940294064011,3472.824984794546,3638.7679940777703,-0.018413426720136978,0.06757704346216595,181.99951171875,212.03836495535714,0.0875106306772005,-100,Strong Bearish,Medium,18.12
2547.092041015625,2547.092041015625,2548.778564453125,2367.833740234375,2421.64697265625,14666227351,0.05121368460412512,2599.405288480954,2877.803608818459,3231.024676297408,3454.493639373181,3630.0693809059608,0.049945386741980194,0.04262457199320388,180.94482421875,215.89568219866072,0.08476163354998931,-100,Strong Bearish,Medium,18.81
2597.084716796875,2597.084716796875,2627.609375,2526.98974609375,2546.590576171875,11172062661,0.019627353458854913,2598.9411741441386,2852.28370954377,3206.1642857287598,3437.5152448667195,3621.8384274070836,0.019437220797135155,0.0332875256170283,100.61962890625,216.94944545200892,0.08353575994224186,-100,Strong Bearish,Medium,19.12
2603.466552734375,2603.466552734375,2631.408447265625,2550.4609375,2598.56494140625,9501221177,0.0024573075711489256,2599.846249862186,2829.663968015643,3182.5290805132936,3420.9994291809303,3613.7239104774208,0.0024542933278380702,0.02777828854006877,80.947509765625,216.67159598214286,0.08322426718122286,-100,Strong Bearish,Medium,19.19
2688.27880859375,2688.27880859375,2697.7353515625,2489.072265625,2603.263427734375,13778234614,0.03257666428258821,2617.532761608499,2816.810771704562,3163.146716908606,3406.490109961382,3606.349845920579,0.03205729421772353,0.022257139331589463,208.6630859375,217.39072963169642,0.08086613967894737,-100,Strong Bearish,Medium,19.78
2792.1171875,2792.1171875,2802.3154296875,2682.621826171875,2687.89892578125,13194846235,0.03862634283851252,2652.4496467867993,2814.5659004132376,3148.596539284739,3394.324309516602,3599.8619362917298,0.037899015902413284,0.023644175363550804,119.693603515625,215.94794573102678,0.07734200652386722,-100,Strong Bearish,Medium,20.66
2682.85400390625,2682.85400390625,2802.212158203125,2630.120361328125,2791.958984375,13876301217,-0.039132735575322264,2658.5305182106895,2802.592091639875,3130.3321261326414,3380.235788613427,3592.5551001771046,-0.03991900189846375,0.03235185972649363,172.091796875,219.95835658482142,0.08198670381040521,-100,Strong Bearish,Medium,19.5
2679.16259765625,2679.16259765625,2712.482666015625,2587.783447265625,2682.22607421875,12755505065,-0.0013759251322007504,2662.6569340998017,2791.3712285504544,3112.639203447293,3366.35315116873,3585.277072268572,-0.0013768725863691853,0.030262689891355766,124.69921875,209.97767857142858,0.07837436919846466,-100,Strong Bearish,Medium,20.41
2983.5869140625,2983.5869140625,2983.5869140625,2675.44384765625,2681.0576171875,18987223729,0.11362666703116964,2726.8429300923417,2808.8453817788222,3107.5783293537716,3358.7736217210822,3580.4827283784834,0.10762195699877354,0.04555509862270965,308.14306640625,193.96875,0.06501193214307574,-100,Strong Bearish,Medium,23.75
3014.648193359375,3014.648193359375,3054.130126953125,2966.781005859375,2984.446044921875,13102093957,0.010410717097086852,2784.4039827457486,2827.554728286145,3103.934010295168,3351.9592568030284,3575.9740866651837,0.010356898784399916,0.045788728289038835,87.34912109375,179.850830078125,0.05965897794452364,-100,Strong Bearish,Medium,25.09
3057.47607421875,3057.47607421875,3061.26123046875,2965.429931640625,3014.959716796875,9466018022,0.014206593311191451,2839.018401040349,2848.4566688254727,3102.112130449034,3346.1279066528446,3571.8426283986782,0.01410662535468382,0.04519744549385057,95.831298828125,175.22237723214286,0.057309484352029115,-100,Strong Bearish,Medium,25.67
3142.470703125,3142.470703125,3182.5283203125,3002.927001953125,3057.422119140625,15197063785,0.027798951436755814,2899.7088614572795,2875.185217398157,3103.6948195735818,3342.095090741402,3568.4213381574536,0.027419575373833136,0.0450757570338879,179.601318359375,161.98624093191964,0.051547414832168195,-60,Bearish,Medium,37.11
3122.608642578125,3122.608642578125,3219.47265625,3038.3779296875,3143.008544921875,17136080906,-0.00632052369720526,2944.2888176814486,2897.678256050881,3104.4365381227794,3337.7488244411393,3564.8690457623993,-0.006340582774359995,0.04562237903191142,181.0947265625,164.98427036830358,0.05283539798060871,-60,Bearish,Medium,36.79
3239.45703125,3239.45703125,3263.15576171875,3063.16015625,3121.1826171875,13951308490,0.037420119536786256,3003.3224603951594,2928.7490537962553,3109.731459421886,3335.8024522987403,3562.276121343974,0.03673697694103097,0.03863272729535482,199.99560546875,158.69102260044642,0.048986920051602836,-60,Bearish,Medium,37.75
3077.482177734375,3077.482177734375,3271.316162109375,3070.378173828125,3240.113037109375,18629485080,-0.05000061799033162,3018.1544038630027,2942.270246881539,3108.4667817086506,3330.6871993370696,3558.4132213948933,-0.051293944903900664,0.04816098176087308,200.93798828125,160.04377092633928,0.05200477587953494,-60,Bearish,Medium,37.0
2927.383544921875,2927.383544921875,3127.45068359375,2888.707763671875,3077.4130859375,16043881065,-0.04877319319619966,3000.000232074777,2940.916910339751,3101.3654783052475,3322.700988358551,3553.385096482758,-0.05000275191289092,0.03542029299015627,238.742919921875,164.17220633370536,0.05608154989410065,-60,Bearish,Medium,35.98
2917.36279296875,2917.36279296875,2980.079345703125,2870.177001953125,2927.386474609375,11254355757,-0.0034231086563658586,2983.472744253572,2938.7756269423876,3094.1496867234246,3314.674489439941,3548.3171896818494,-0.003428980897511885,0.03495239626877495,109.90234375,164.83525739397322,0.05650146008280119,-60,Bearish,Low,40.87
2883.46337890625,2883.46337890625,2947.776611328125,2845.397705078125,2916.78955078125,9054963563,-0.011619882910758439,2963.4708711841076,2933.747240757284,3085.8874785737316,3306.1356555679868,3543.019549755351,-0.0116879213293838,0.033987313686704344,102.37890625,166.36607142857142,0.05769661326223505,-60,Bearish,Medium,35.58
2933.47900390625,2933.47900390625,2957.963623046875,2840.257568359375,2880.187744140625,12164552172,0.01734567720397817,2957.4724977285364,2933.722855589008,3079.9106756455953,3298.7563159311208,3538.162652975677,0.017196958236169613,0.032374499921405876,117.7060546875,159.869140625,0.054498136994373114,-60,Bearish,Low,41.38
3179.877197265625,3179.877197265625,3185.520751953125,2917.857177734375,2933.72900390625,13921257873,0.08399521286202116,3001.9534376359543,2956.100523014155,3083.8309313954005,3296.4022739773486,3535.307788786752,0.08065348682875585,0.04722790701366395,267.66357421875,170.43842424665178,0.05359905860302143,-60,Bearish,Low,41.6
3127.830078125,3127.830078125,3181.616943359375,3055.168212890625,3180.44677734375,12352406833,-0.01636765067071777,3027.1287657337634,2971.7123007515042,3085.556388129895,3293.0642106931437,3532.06095443885,-0.016503080476892827,0.045050191271943665,126.44873046875,167.17820521763392,0.05344862126201244,-60,Bearish,Low,41.64
2881.48193359375,2881.48193359375,3154.615234375,2861.85205078125,3126.8583984375,15860206214,-0.07876007915331673,2997.999399305761,2963.5095401007993,3077.553468344164,3284.9140665921655,3526.877057858411,-0.08203477627474137,0.05136919352925386,292.76318359375,179.18277413504464,0.06218424347765041,-60,Bearish,Medium,34.45
2785.7275390625,2785.7275390625,2937.30859375,2761.643310546875,2884.340576171875,15748173433,-0.03323095432766643,2955.545027257109,2947.3475400064085,3066.109314254687,3275.0291848589045,3520.971484003463,-0.03379564796746988,0.04956786062570019,175.665283203125,169.72007533482142,0.060924865391515814,-60,Bearish,Medium,34.77
2763.701171875,2763.701171875,2826.347900390625,2707.37841796875,2784.872802734375,9774183169,-0.00790686342387692,2917.1762561806872,2930.652415630826,3054.250171416268,3264.9038776711045,3514.937457612001,-0.007938288426892978,0.04954171178312976,118.969482421875,171.97867257254464,0.06222766568350361,-100,Strong Bearish,Medium,24.44
2628.6484375,2628.6484375,2763.756591796875,2585.9462890625,2763.756591796875,11641437834,-0.048866619788482835,2859.47069244455,2903.1975085280237,3037.5599073411204,3252.304760043954,3507.875393706726,-0.05010097368287536,0.05211387350546862,177.810302734375,177.83431570870536,0.0676523772337682,-100,Strong Bearish,Medium,23.09
2573.816162109375,2573.816162109375,2752.45849609375,2568.25439453125,2627.66552734375,18646392740,-0.02085949365019457,2802.3397863775153,2873.2537497626918,3019.373878116346,3238.8693422630713,3500.4326906661095,-0.021080126474083236,0.05036965590250487,184.2041015625,178.1630859375,0.0692213719691177,-100,Strong Bearish,Medium,22.69
2639.29931640625,2639.29931640625,2648.916748046875,2510.6787109375,2572.898681640625,16360200507,0.02544204798341476,2769.7316923832623,2851.9851649121065,3004.468993343401,3226.996668483728,3493.571070154079,0.025123785947061057,0.033746879984760156,138.238037109375,175.10189383370536,0.06634408335017092,-100,Strong Bearish,Medium,23.41
2590.359619140625,2590.359619140625,2741.368408203125,2587.412841796875,2639.447021484375,13382637240,-0.01854268553832039,2733.857277734735,2828.201024387426,2988.2294100413314,3214.3899942393105,3486.3741661619397,-0.01871675631661119,0.03364651415860569,153.95556640625,171.81331961495536,0.06632797946099699,-100,Strong Bearish,Medium,23.42
2598.067138671875,2598.067138671875,2689.047607421875,2308.914794921875,2588.166259765625,29312342666,0.002975463126547284,2706.699249922163,2807.2797620496485,2972.9289288111568,3202.185581257777,3479.2960225166003,0.0029710451975588936,0.02455801160185491,380.1328125,184.61294991629464,0.0710578056926844,-100,Strong Bearish,Medium,22.24
2764.53564453125,2764.53564453125,2821.972412109375,2579.2080078125,2598.436279296875,17208902048,0.0640739815309288,2718.2665288439803,2803.3939331843394,2964.7566431531213,3193.5192458770534,3473.600720699984,0.0621049200162798,0.036185943086175086,242.764404296875,184.90019880022322,0.0668829136516974,-100,Strong Bearish,Medium,23.28
2781.11181640625,2781.11181640625,2849.424072265625,2745.009033203125,2764.989501953125,11724648351,0.005996005841990337,2730.8355863564343,2801.3682862045134,2957.5548852414795,3185.3527621251565,3468.0828808251335,0.0059781013336719585,0.036129288047260115,104.4150390625,184.50824846540178,0.06634334059384321,-100,Strong Bearish,Medium,23.41
2621.8017578125,2621.8017578125,2831.12548828125,2581.61572265625,2780.50439453125,16150857254,-0.05728286710874153,2709.0288206476475,2785.044056350694,2944.3880959305393,3174.193336297183,3461.3396049445546,-0.058989006467831916,0.03831059558665243,249.509765625,195.01759556361608,0.07438304402020425,-100,Strong Bearish,High,16.4
2919.201171875,2919.201171875,2929.180419921875,2586.38818359375,2621.172119140625,19266124733,0.1134332194172587,2751.063290893118,2797.2401577619944,2943.4003734185576,3169.1439865066445,3457.0197767926056,0.10744823233553069,0.05422607075658368,342.792236328125,211.09517996651786,0.07231265251614422,-100,Strong Bearish,Medium,21.92
2972.485107421875,2972.485107421875,3029.651611328125,2868.93896484375,2919.77587890625,18757425786,0.018252916606172453,2795.34765419887,2813.1715168219835,2944.5409512226097,3165.2497512772434,3453.1589427737154,0.018088331874394136,0.05413690781058064,160.712646484375,203.45582798549108,0.0684463742063806,-100,Strong Bearish,Medium,22.89
2950.118408203125,2950.118408203125,3026.8681640625,2919.943115234375,2972.471923828125,16636517503,-0.0075245790678323266,2826.301804999721,2825.621234220269,2944.759675025767,3160.9897246817163,3449.150651661599,-0.007553031531305678,0.05306372979927949,106.925048828125,202.061279296875,0.06849259973261468,-60,Bearish,Medium,32.88
2834.468994140625,2834.468994140625,2964.67333984375,2797.3193359375,2950.15673828125,13091199728,-0.03920161771843611,2827.9352428279017,2826.4255760312103,2940.4345502851734,3154.523967641299,3444.2527898486833,-0.03999069193805145,0.057471195690051,167.35400390625,193.10348074776786,0.06812686296690798,-60,Bearish,Medium,32.97
2617.156005859375,2617.156005859375,2835.17626953125,2587.748291015625,2834.9873046875,14496939024,-0.07666797157791327,2785.779395434197,2807.401069651952,2927.7569603076913,3143.883017903043,3437.6623772272546,-0.07976638173113913,0.0618842577229483,247.427978515625,198.22938755580358,0.07574228938282666,-100,Strong Bearish,High,16.06
2664.8310546875,2664.8310546875,2679.1025390625,2596.989990234375,2618.4736328125,8072368396,0.018216357267732075,2761.5897272848574,2794.4401592006384,2917.446140479449,3134.3968404136263,3431.5043587209616,0.018052427243852122,0.062498385706767065,82.112548828125,195.59674944196428,0.0733993057825955,-100,Strong Bearish,High,16.65
2555.037353515625,2555.037353515625,2673.63720703125,2555.037353515625,2664.943603515625,8872976607,-0.04120099883208184,2720.279252531011,2772.676267774728,2903.2340311867497,3122.9243753265373,3424.520557882672,-0.042073818174725976,0.06040465213242547,118.599853515625,191.367431640625,0.07489809547297278,-100,Strong Bearish,High,16.28
2497.771240234375,2497.771240234375,2639.943115234375,2455.59375,2555.297607421875,14594098731,-0.02241302390450539,2675.7776500716836,2747.6849016346955,2887.333529580774,3110.5451053247125,3417.136101168343,-0.02266801297812502,0.03531639999330971,184.349365234375,191.3778076171875,0.07661942956762918,-100,Strong Bearish,High,15.85
2576.74755859375,2576.74755859375,2618.166015625,2489.755126953125,2497.721435546875,13922922903,0.031618715552175436,2655.9716317760967,2732.145143176428,2875.1536875812835,3099.9748568745945,3410.4397781199395,0.03112913711734261,0.038039334449086235,128.410888671875,190.67586844308036,0.07399866075632996,-100,Strong Bearish,High,16.5
2729.783447265625,2729.783447265625,2761.79638671875,2573.6552734375,2577.165283203125,14173665398,0.0593911064983772,2670.7339948740023,2731.9304435481736,2869.4528938434146,3092.6443339120406,3405.0162216987896,0.057694315245381184,0.048319701635405936,188.14111328125,193.11769321986608,0.07074469347131129,-100,Strong Bearish,Medium,22.31
2608.048583984375,2608.048583984375,2729.116455078125,2566.193115234375,2729.116455078125,13292477213,-0.04459506244101141,2658.196912696077,2720.668456315101,2859.2017444371777,3083.0483784679286,3398.6658819560453,-0.045620009985423746,0.04892394978998015,163.59033203125,177.65037318638392,0.06811620545618188,-100,Strong Bearish,Medium,22.97
2559.56298828125,2559.56298828125,2664.55859375,2534.688232421875,2608.271240234375,12382419582,-0.018590756322895086,2638.470127813112,2706.02250467566,2847.4512049800824,3072.6823311374997,3391.979803121983,-0.018765736502640632,0.03930690455693263,129.870361328125,169.58651297433036,0.0662560420473215,-100,Strong Bearish,Medium,23.44
2574.754150390625,2574.754150390625,2606.438720703125,2559.126953125,2559.66064453125,6532996574,0.005935060859578956,2625.7269323286146,2694.089017922475,2836.7572028393192,3062.822367162314,3385.4680449328885,0.005917517764544078,0.03847323213687039,47.311767578125,165.50770786830358,0.06428097527027729,-100,Strong Bearish,Medium,23.93
2518.944580078125,2518.944580078125,2594.5498046875,2503.88525390625,2573.488037109375,8632000379,-0.021675689037740864,2604.370461878517,2678.166796300261,2824.2939627310375,3052.05250999233,3378.5634754918146,-0.02191405761565889,0.03589605915633753,90.66455078125,154.16162109375,0.06120087846036243,-100,Strong Bearish,Medium,24.7
2590.696044921875,2590.696044921875,2604.034423828125,2505.29931640625,2518.486328125,11244398839,0.02848473341224711,2601.6355784871885,2670.214909811317,2815.1332600718547,3042.916738406777,3372.2856473597835,0.02808658645403556,0.03615817954000126,98.735107421875,136.72896902901786,0.05277692429300059,-100,Strong Bearish,Low,31.81
2620.149658203125,2620.149658203125,2662.32958984375,2515.765869140625,2590.6689453125,12861105614,0.011368996119395458,2605.338394430376,2665.6635233014813,2807.486844312297,3034.5451130562096,3366.292531908336,0.01130485477367516,0.03453021193865922,146.563720703125,135.71833147321428,0.05179793110225951,-100,Strong Bearish,Low,32.05
2772.0556640625,2772.0556640625,2781.30712890625,2610.764404296875,2620.028564453125,17915109769,0.057976079871540964,2638.681848356801,2675.335536097937,2806.0973862632854,3029.3473021850473,3361.5575767860587,0.05635772436345545,0.034175273384259346,170.542724609375,140.262451171875,0.050598713795782055,-100,Strong Bearish,Low,32.35
2814.8544921875,2814.8544921875,2826.16064453125,2751.560791015625,2771.964111328125,12685265194,0.015439382650158429,2673.916377122941,2688.0190775606247,2806.440802181882,3025.099919808858,3357.2013769087794,0.015321408134705386,0.026966459520320958,74.599853515625,133.63715471540178,0.04747568838329143,-100,Strong Bearish,Low,33.13
2945.343017578125,2945.343017578125,2973.6162109375,2774.855712890625,2814.4345703125,15830879093,0.04635711215367966,2728.2017052139777,2711.412163016761,2811.8879478836957,3023.5205752102293,3353.919636993794,0.0453147147891774,0.026079012957210247,198.760498046875,130.16090611049108,0.04419210439452272,-60,Bearish,Low,43.95
2946.257080078125,2946.257080078125,2979.987060546875,2910.80224609375,2944.7216796875,11576463120,0.00031034161201071164,2771.8127801868072,2732.7617009314304,2817.1573256168103,3021.9906050095933,3350.6713297673746,0.00031029346601351896,0.026665173830159945,69.184814453125,129.23749651227678,0.04386497613740137,-60,Bearish,Low,44.03
2860.459228515625,2860.459228515625,2956.965576171875,2826.107421875,2946.547607421875,12684727326,-0.029120965764543816,2789.5420698525713,2744.370567075448,2818.8554394559796,3018.7919638909007,3346.7652572474403,-0.02955339699363291,0.028708920292074665,130.858154296875,130.11308942522322,0.045486783425590954,-60,Bearish,Low,43.63
2897.9765625,2897.9765625,2954.556640625,2838.25048828125,2860.103271484375,15206116098,0.013115842942408973,2811.2289683820572,2758.3347484776796,2821.958228594961,3016.3995797049424,3343.1892517116044,0.013030575038736027,0.028403927507551524,116.30615234375,125.25285993303571,0.04322079810921028,-60,Bearish,Low,44.19
2973.131103515625,2973.131103515625,3040.3828125,2892.54443359375,2897.774169921875,16830539230,0.025933453702879916,2843.609395408771,2777.8616898447654,2827.8865766310655,3015.542778196243,3340.2405812080506,0.025602884706367478,0.02852283515728569,147.83837890625,126.64053780691964,0.0425950062064776,-60,Bearish,Low,44.35
3031.067138671875,3031.067138671875,3036.752197265625,2933.306640625,2973.14501953125,16008767658,0.019486538985025836,2881.1009440613916,2800.880367010866,2835.8544418091365,3015.8501912749684,3337.7770478013877,0.019299107399374765,0.02316449094380982,103.445556640625,120.59085518973214,0.03978495020818692,-60,Bearish,Low,45.05
3108.06201171875,3108.06201171875,3118.3876953125,3012.32666015625,3031.060791015625,18070503166,0.02540190286930155,2926.4931575928636,2828.805971075219,2846.5292484722586,3017.6761679174197,3335.946649107502,0.025084636099407708,0.023633538571188186,106.06103515625,116.48161969866071,0.03747725085904791,-60,Bearish,Low,45.63
3106.67138671875,3106.67138671875,3183.9580078125,3087.49072265625,3108.448974609375,17030503831,-0.0004474251140281771,2962.528803418041,2854.066463406449,2856.7309009525134,3019.438449477842,3334.119754586476,-0.0004475252385110946,0.019555270899543408,96.46728515625,114.09568568638393,0.03672602328464846,-60,Bearish,Low,45.82
3143.178955078125,3143.178955078125,3146.825439453125,3091.825439453125,3106.4052734375,8876420740,0.011751345351635134,2998.658833750058,2880.349417194783,2867.964157977047,3021.8887565194314,3332.598313952943,0.011682834500292717,0.019317926793442332,55.0,114.64484514508929,0.03647417050813123,-20,Neutral,Low,55.88
3291.57763671875,3291.57763671875,3291.57763671875,3129.997802734375,3143.795654296875,13431866834,0.047212927981994834,3057.2425943437966,2917.733800787871,2884.5764512610353,3027.229130384764,3332.2714559670135,0.046132280821914166,0.014585731926765834,161.579833984375,119.71022251674107,0.036368646202152376,-20,Neutral,Low,55.91
3336.634521484375,3336.634521484375,3424.019287109375,3279.027099609375,3292.322509765625,20620450770,0.013688537758611341,3113.1209797719125,2955.815684487553,2902.3042187207743,3033.355969812479,3332.306221429303,0.013595696011333971,0.014541870164496548,144.9921875,123.01429966517857,0.0368677776583253,-20,Neutral,Low,55.78
3401.98779296875,3401.98779296875,3470.186279296875,3335.021240234375,3335.021240234375,19533323636,0.0195865837458582,3170.8943424112804,2996.3767852585706,2921.8996530050085,3040.6556098749793,3332.861453075036,0.019397235082778932,0.014340791083629744,135.1650390625,122.20010811941964,0.03592020770091639,-20,Neutral,Low,56.02
3385.157958984375,3385.157958984375,3435.2861328125,3349.237060546875,3401.526123046875,15302506131,-0.004947058898670642,3213.7470657258996,3031.7205283245526,2940.0666453963563,3047.477438570215,3333.2781583014053,-0.004959336101979359,0.01700946836713554,86.049072265625,116.16484723772321,0.03431593108658815,-20,Neutral,Low,56.42
3281.642822265625,3281.642822265625,3435.12841796875,3272.9345703125,3385.289306640625,17685495686,-0.030579115649246424,3227.326217033845,3054.4407368646503,2953.461789587308,3052.114376861213,3332.8667213608815,-0.03105641221848376,0.023780804253156266,162.19384765625,122.42156110491071,0.037304962098340624,-20,Neutral,Low,55.67
3449.55224609375,3449.55224609375,3467.555908203125,3223.891357421875,3282.576171875,20982988937,0.051166270347545506,3271.7714228458262,3090.3599649763864,2972.916317293443,3059.9844336776987,3333.7964864981955,0.04990028142552588,0.02810431339609117,243.66455078125,125.62899344308036,0.03641892758265708,-20,Neutral,Low,55.9
3445.059326171875,3445.059326171875,3521.28466796875,3442.000244140625,3449.78857421875,23571556215,-0.0013024646682661123,3306.429003511036,3122.6053614487037,2991.431729406323,3067.6096790736233,3334.6830429896195,-0.0013033136125988835,0.02877694960405498,79.284423828125,126.35039411272321,0.03667582533422519,-20,Neutral,Low,55.83
3522.83349609375,3522.83349609375,3573.960205078125,3421.259765625,3444.810546875,15333808649,0.022575567663241758,3349.709902027579,3158.989737325526,3012.271014374457,3076.624012083923,3336.1822497872618,0.02232451100912061,0.025435237704967983,152.700439453125,127.91055733816964,0.03630899884425468,20,Neutral,Low,65.92
3521.2412109375,3521.2412109375,3535.148193359375,3422.0009765625,3522.364990234375,18209969743,-0.0004519898990444915,3384.0161638095637,3191.9216894720694,3032.230629925949,3085.4283130513204,3337.6568231828815,-0.0004520920772690875,0.025630059104799423,113.147216796875,127.68491908482143,0.03626133838494592,20,Neutral,Low,65.93
3411.79248046875,3411.79248046875,3546.706787109375,3410.547607421875,3521.23974609375,16681503199,-0.031082429152761826,3389.5714271414013,3211.9099431990403,3047.1154083786078,3091.890969831864,3338.2475455516933,-0.03157573691482621,0.02879602003685097,136.1591796875,126.85069056919643,0.0371800721454689,20,Neutral,Low,65.7
3171.69189453125,3171.69189453125,3411.672119140625,3171.205078125,3411.672119140625,25632563639,-0.07037373677091652,3345.9955206193713,3208.253756956514,3052.0007607767507,3093.4711861625447,3336.9204088901756,-0.07297264110082666,0.04014716772623503,240.58740234375,136.64653669084822,0.043083168616238954,20,Neutral,Low,64.23
3233.274658203125,3233.274658203125,3263.474609375,3155.5810546875,3172.197265625,16745496605,0.019416376407197067,3323.4513481361223,3210.5283843425696,3059.109541067981,3096.2395717475065,3336.0945463349008,0.0192302835457947,0.04010541209606622,107.8935546875,136.77743094308036,0.042303065901334126,-20,Neutral,Low,54.42
3192.073974609375,3192.073974609375,3301.607421875,3179.142333984375,3233.2724609375,17557050669,-0.012742710703286475,3297.175873430773,3208.850710730461,3064.323832579408,3098.137282695266,3334.9469720582038,-0.01282459540711932,0.03290625196120469,122.465087890625,138.63441685267858,0.043430828344021614,-20,Neutral,Low,54.14
3261.916259765625,3261.916259765625,3261.963134765625,3187.46923828125,3191.97607421875,9908112156,0.02187990808226714,3290.123950697744,3213.6748515518393,3072.0725552141616,3101.3804307560654,3334.365054031968,0.0216439781082326,0.0351118860784827,74.493896484375,140.02683803013392,0.04292778443067546,-20,Neutral,Low,54.27
3211.866943359375,3211.866943359375,3303.003173828125,3211.866943359375,3261.29150390625,10427054790,-0.015343531967263346,3274.4725492300704,3213.510496261615,3077.5546880826014,3103.5682824907844,3333.38897346884,-0.015462462060695115,0.03251674242358086,91.13623046875,134.99515206473214,0.04203011969217418,-20,Neutral,Low,54.49
2981.05224609375,2981.05224609375,3214.4619140625,2962.756591796875,3209.576904296875,21891804831,-0.07186309437345806,3215.7884886028064,3192.3779280645367,3073.7702785928423,3101.1422223641102,3330.581509505692,-0.07457602946225675,0.03907972580764522,251.705322265625,142.61751883370536,0.04784133489125713,-20,Neutral,Low,53.04
3030.37646484375,3030.37646484375,3077.45263671875,2957.872314453125,2981.420654296875,20235707410,0.016545908853034197,3178.7060838509956,3177.6505223171926,3072.0685604066034,3099.7409202349945,3328.1894374366725,0.016410516719180812,0.04161321516367353,119.580322265625,141.50432477678572,0.046695295590636086,-20,Neutral,Low,53.33
3118.34423828125,3118.34423828125,3123.575439453125,3006.481689453125,3029.8779296875,16088473629,0.0290286617712483,3166.6337147370464,3172.2590419502885,3073.883292872276,3100.1093027705638,3326.517364136629,0.028615310469097346,0.03617191039610047,117.09375,143.7218017578125,0.04608913922762684,-60,Bearish,Low,43.48
3019.909423828125,3019.909423828125,3139.9287109375,2988.435302734375,3117.82177734375,15821419931,-0.03156637206525337,3137.2888565552626,3158.4090766664553,3071.766670556819,3098.521186355862,3324.0742729787926,-0.03207532926840827,0.03625091096988856,151.493408203125,142.95748465401786,0.047338335224902474,-60,Bearish,Low,43.17
3040.91650390625,3040.91650390625,3044.287353515625,3001.123291015625,3020.134521484375,11256651536,0.0069561954118133595,3118.01438602546,3147.727933688255,3070.556860099934,3097.3804995746814,3321.8180357750275,0.006932112702695369,0.03673770770588897,43.1640625,128.63602120535714,0.04230172746937182,-60,Bearish,Low,44.42
3062.310302734375,3062.310302734375,3074.886962890625,3016.421142578125,3041.123291015625,8766710365,0.007035312808044258,3106.8735693672434,3139.9626945106293,3070.2334656934418,3096.686040231309,3319.7502450735083,0.007010680458268011,0.03522600107500008,58.4658203125,127.14897809709821,0.041520605532223594,-60,Bearish,Low,44.62
2993.4033203125,2993.4033203125,3075.77587890625,2989.0439453125,3061.8818359375,10463091281,-0.022501632953508044,3084.179519556295,3126.639115038072,3067.2205188157577,3094.640837856679,3317.14987117103,-0.02275865766468476,0.03555478529004751,86.73193359375,122.43694196428571,0.04090225367676273,-60,Bearish,Low,44.77
3057.606689453125,3057.606689453125,3062.52099609375,2893.912841796875,2993.48388671875,18629381299,0.021448285536718847,3078.8649535356612,3120.3634399848947,3066.843505899576,3093.9074883833414,3315.0817980099314,0.02122150798980925,0.022695935120563476,168.608154296875,126.3984375,0.04133901130449426,-60,Bearish,Low,44.67
3104.1064453125,3104.1064453125,3125.084228515625,3035.53515625,3057.5703125,14156035096,0.015207893160284813,3083.913251891029,3118.8855313783133,3068.3047976412595,3094.109447926493,3313.4007195023823,0.015093412368395846,0.022577396330047194,89.549072265625,123.06914411272321,0.03964720484974653,-60,Bearish,Low,45.09
3077.745849609375,3077.745849609375,3157.8857421875,3045.288330078125,3103.93505859375,15547362265,-0.00849216873439762,3082.6797714346985,3115.14556030841,3068.6750349733425,3093.785416276649,3311.522991455426,-0.008528432651459052,0.01987608027915449,112.597412109375,113.927001953125,0.03701637741387403,-60,Bearish,Low,45.75
2987.480712890625,2987.480712890625,3173.451416015625,2962.410400390625,3077.829345703125,20783591093,-0.029328327006015287,3063.639959725884,3103.5396650886114,3065.4909439112753,3091.680372645242,3308.940981267659,-0.02976700072954131,0.019302334223338498,211.041015625,121.294677734375,0.04060099106615244,-60,Bearish,Low,44.85
2964.835693359375,2964.835693359375,3024.8544921875,2942.358642578125,2986.938720703125,16782795477,-0.007579971791462747,3043.8791064525826,3090.9302131132263,3061.5436791837496,3089.168596817799,3306.199106463609,-0.007608845779525937,0.019018680088151597,82.495849609375,118.43973214285714,0.03994816050283592,-60,Bearish,Low,45.01
2938.114013671875,2938.114013671875,2975.32275390625,2926.740234375,2964.80224609375,9116955609,-0.00901287034129783,3022.726087896441,3077.0378313458305,3056.703300144068,3086.177416953523,3303.2661575170614,-0.009053731962818659,0.018483871253163902,48.58251953125,116.58891950334821,0.03968155046428662,-60,Bearish,Low,45.08
2922.732666015625,2922.732666015625,2961.882080078125,2922.128662109375,2937.34716796875,9696829579,-0.005235109183876596,3002.727403520278,3063.0100890430845,3051.44954978609,3082.94088723198,3300.234018142548,-0.005248860381637175,0.016945209010252777,39.75341796875,112.91871861049107,0.038634638030178095,-60,Bearish,Low,45.34
3009.3935546875,3009.3935546875,3018.41552734375,2804.507080078125,2922.990234375,22332690614,0.029650638144067543,3004.060633753723,3058.135858647122,3049.800295076341,3081.4845044093167,3297.916564250476,0.029219558436975848,0.019025111951508075,213.908447265625,110.21894182477679,0.03662496772916166,-60,Bearish,Low,45.84
2808.29833984375,2808.29833984375,3026.4150390625,2786.253173828125,3008.9462890625,19052045399,-0.06682250466394446,2964.9081749717284,3035.4233569377243,3040.3296301652595,3076.0748773882165,3294.015223816956,-0.06915985471067161,0.02980579476750132,240.161865234375,118.8319091796875,0.04231456020669768,-100,Strong Bearish,Low,34.42
2888.9296875,2888.9296875,2911.87744140625,2802.2734375,2808.64599609375,17419284041,0.028711816872254436,2949.712477477383,3022.1057506252037,3034.39237751172,3072.3690320438955,3290.7874506192115,0.028307356278774228,0.03395841896691328,109.60400390625,118.29692731584821,0.04094835808143849,-100,Strong Bearish,Low,34.76
2936.94091796875,2936.94091796875,2973.135009765625,2861.821533203125,2888.849853515625,18443524633,0.01661903738138304,2947.1581655756563,3014.3634931109805,3030.5707516472903,3069.687287210724,3287.967956335144,0.016482452376458217,0.03375320686555643,111.3134765625,115.42693219866071,0.03930175492889806,-100,Strong Bearish,Low,35.17
2815.601806640625,2815.601806640625,2943.44580078125,2782.435302734375,2936.776611328125,18771041399,-0.041314794787239206,2920.84689378865,2996.2942488864023,3022.1405969411467,3064.6558915558703,3284.204082632399,-0.042192511152652254,0.03701021524590795,161.010498046875,123.84453473772321,0.04398510273918515,-100,Strong Bearish,Medium,29.0
2730.186767578125,2730.186767578125,2836.82763671875,2727.40625,2815.533447265625,13520941867,-0.030336334797430475,2882.714868546545,2972.102659676559,3010.6914271622045,3058.032740586014,3279.7896020343574,-0.030806004516415807,0.03807231622039118,109.42138671875,127.48421805245536,0.04669432127002182,-100,Strong Bearish,Medium,28.33
2827.756103515625,2827.756103515625,2838.704345703125,2728.078857421875,2729.994140625,15332730152,0.03573723860073175,2871.723115540361,2958.98024548011,3003.5174929015543,3053.4728071786794,3276.1877414883916,0.0351134809733128,0.041865088237642525,110.62548828125,129.19090053013392,0.04568671971727567,-100,Strong Bearish,Medium,28.58
2857.410400390625,2857.410400390625,2874.14599609375,2785.52294921875,2827.614013671875,18609741545,0.010486865128902734,2868.860572510414,2949.7466231992476,2997.7878029991653,3049.5903832818863,3272.8508702445847,0.010432259389035846,0.03988193371801799,88.623046875,123.47767857142857,0.04321314101556725,-100,Strong Bearish,Low,34.2
2783.476318359375,2783.476318359375,2859.193359375,2762.11865234375,2857.15234375,13026093219,-0.02587450581867512,2851.7837216802063,2934.6311409410773,2989.383431052507,3044.320797837876,3268.9514714247825,-0.026215139510623486,0.031144709500415795,97.07470703125,124.01522391183036,0.04455407904635125,-100,Strong Bearish,Medium,28.86
2940.644775390625,2940.644775390625,2956.686767578125,2779.273681640625,2783.131103515625,18186749944,0.05646480841047263,2869.5559324222904,2935.177834981945,2987.47211122263,3042.267807294366,3266.3354818149487,0.05492824792191639,0.03651951839140542,177.4130859375,128.64491489955358,0.04374717952203691,-100,Strong Bearish,Low,34.06
2749.213134765625,2749.213134765625,2948.960693359375,2704.916259765625,2940.2265625,22642925048,-0.0650985260875554,2845.4873728909574,2918.2719531440976,2978.128621949806,3036.4647444720144,3262.214985025711,-0.0673141307405492,0.04412717237881207,244.04443359375,131.00230189732142,0.047650835157416624,-100,Strong Bearish,Medium,28.09
2694.979736328125,2694.979736328125,2754.837646484375,2645.335205078125,2748.931640625,21027599270,-0.01972688030319758,2815.385845578391,2897.972660706282,2967.024744082289,3029.702665102828,3257.6951822472442,-0.019924052577192305,0.04212961173057241,109.50244140625,132.93134416852678,0.04932554496667348,-100,Strong Bearish,Medium,27.67
2636.093017578125,2636.093017578125,2696.65283203125,2599.5234375,2694.991943359375,13369276367,-0.02185052375578611,2779.527279978338,2874.165420421904,2954.04702931742,3021.9084146567943,3252.7421769510756,-0.022092781930447968,0.04140584442547974,97.12939453125,136.39897809709822,0.05174285474281668,-100,Strong Bearish,Medium,27.06
2517.4599609375,2517.4599609375,2638.83056640625,2498.43017578125,2636.121826171875,20802269935,-0.04500336515045189,2727.11381617017,2841.737651377867,2936.9259678123253,3011.919336365323,3246.8833545127204,-0.046047462225365786,0.03962276306469275,140.400390625,143.58804757254464,0.05703687438948287,-100,Strong Bearish,Medium,25.74
2245.430419921875,2245.430419921875,2528.258056640625,2238.062744140625,2518.50830078125,36333567678,-0.10805714698013369,2630.777136920511,2787.527903063686,2909.808495346033,2996.741338019908,3238.903649854626,-0.11435321457567539,0.051670529262641623,290.1953125,149.037109375,0.06637351487390353,-100,Strong Bearish,High,18.41
2343.510986328125,2343.510986328125,2450.76025390625,2206.7568359375,2242.650390625,38202099639,0.04368007377831029,2573.323906802034,2747.162728814999,2887.6007498943504,2983.806083530962,3231.769046958,0.042752999756193504,0.05948311574237807,244.00341796875,149.31150599888392,0.06371273993164808,-100,Strong Bearish,High,19.07
2072.108642578125,2072.108642578125,2441.079345703125,2018.8555908203125,2342.754150390625,45743399154,-0.11581014355526464,2473.080853957252,2685.7941755207376,2855.6206672544986,2965.7526688586286,3222.5287250107503,-0.12308346967034775,0.05785675600112998,422.2237548828125,171.64148821149553,0.08283421278429619,-100,Strong Bearish,High,14.29
1961.7015380859375,1961.7015380859375,2170.4580078125,1748.3031005859375,2072.504638671875,42463486402,-0.053282488294059016,2370.8049907829895,2619.967572117574,2820.5650151302416,2945.8704682492685,3212.4822932424254,-0.05475452838877197,0.057423775260920136,422.1549072265625,193.84444754464286,0.09881444438983307,-100,Strong Bearish,High,10.3
2014.418212890625,2014.418212890625,2139.71337890625,1941.9759521484375,1960.12255859375,24816096567,0.026872933410718503,2299.5276352045166,2564.9176303696695,2788.951415042414,2927.4258691332557,3202.9359659089446,0.026518197304113908,0.06358911560035647,197.7374267578125,196.4677995954241,0.09753078995125802,-100,Strong Bearish,High,10.62
2056.27392578125,2056.27392578125,2063.429931640625,1956.572998046875,2014.2806396484375,15457044616,0.020778065161833226,2250.8768933198635,2518.677293588904,2760.2189644831524,2910.175335601533,3193.799216585218,0.020565145487466706,0.06768033610879697,106.85693359375,196.28462437220983,0.09545645738693811,-100,Strong Bearish,High,11.14
2145.706787109375,2145.706787109375,2147.1943359375,2008.1627197265625,2056.18310546875,14846088335,0.04349267877534668,2229.8428720777656,2484.7708839089464,2736.1204477233964,2895.037344542282,3185.447882485809,0.0425734314830471,0.0734206536783536,139.0316162109375,198.31363351004464,0.09242345445400123,-100,Strong Bearish,High,11.89
2022.7259521484375,2022.7259521484375,2145.8369140625,1988.811767578125,2145.8369140625,21459552191,-0.057314837096923754,2188.4194880919,2442.7667992034458,2708.1441929949665,2877.763851623592,3176.1831659094155,-0.059022919641966265,0.06434177315573544,157.025146484375,203.19949776785714,0.10045824425796726,-100,Strong Bearish,High,10.0
2090.4091796875,2090.4091796875,2113.059814453125,2015.9715576171875,2022.88232421875,18509929297,0.033461392764142284,2168.8174264110203,2410.7342883383594,2683.919290512321,2862.172670001095,3167.5315803618305,0.03291374362591901,0.06296455788875532,97.0882568359375,203.2004656110491,0.09720607218220598,-100,Strong Bearish,High,10.7
1916.6561279296875,1916.6561279296875,2102.32666015625,1916.6561279296875,2090.4599609375,17740965589,-0.08311915841461581,2118.3851667147537,2365.818091937571,2653.830539038492,2843.449570158097,3157.56444528269,-0.08677775891458377,0.0534872146314937,185.6705322265625,203.790283203125,0.10632594977965763,-100,Strong Bearish,High,10.0
2018.336181640625,2018.336181640625,2028.38818359375,1907.0205078125,1916.1495361328125,18734247914,0.053050754503766395,2098.3753696999283,2334.228827365121,2628.9091916895563,2827.110691177553,3148.486929237733,0.05169143189887024,0.054148437398394825,121.36767578125,195.02765764508928,0.09662793513742546,-100,Strong Bearish,High,10.84
1961.315673828125,1961.315673828125,2054.7958984375,1926.6767578125,2018.0001220703125,15892482289,-0.02825124393605738,2070.9634305255677,2300.3276315890307,2602.729053734206,2809.9662353884555,3139.0273973221188,-0.028657989349473723,0.05435094375693328,128.119140625,196.357421875,0.1001151545848541,-100,Strong Bearish,High,10.0
1974.518310546875,1974.518310546875,1985.39599609375,1944.26513671875,1961.0179443359375,8546822406,0.006731520527228918,2051.6744065298294,2270.70860240338,2578.093338315095,2793.4227121242657,3129.748440455384,0.006708965008305254,0.05356156261433272,41.130859375,192.35752650669642,0.09741997604135658,-100,Strong Bearish,High,10.65
2043.170166015625,2043.170166015625,2047.19140625,1966.038818359375,1974.670654296875,10941123403,0.03476891305694485,2049.9735584269883,2250.0232900044934,2557.1159590092334,2778.566226062708,3121.0904462367403,0.0341781293795885,0.05237892148604395,81.152587890625,188.12554059709822,0.09207531693944064,-100,Strong Bearish,High,11.98
1972.181884765625,1972.181884765625,2080.33349609375,1964.3865966796875,2042.3447265625,16434529708,-0.03474418451813721,2034.415223694716,2224.7649804373236,2534.1773678624254,2762.59821930435,3111.93579634454,-0.03536211901070593,0.04912421458802078,115.9468994140625,175.6792253766741,0.08907861223842035,-100,Strong Bearish,High,12.73
1978.9827880859375,1978.9827880859375,1991.5355224609375,1920.6881103515625,1972.390869140625,13057109007,0.0034484158752532412,2023.3287365729605,2202.421144769016,2512.4050314006026,2747.0810820525003,3102.9082823345116,0.0034424837230023803,0.04667352100913095,70.847412109375,163.3109392438616,0.08252266782058026,-100,Strong Bearish,High,14.37
1944.827880859375,1944.827880859375,2014.3695068359375,1943.9385986328125,1978.677001953125,13364545730,-0.017258819749310206,2007.6285654302435,2179.003575322685,2490.147103928398,2731.1948800486757,3093.680550051841,-0.017409489280917415,0.03225276236334231,70.430908203125,138.18287876674108,0.07105146945223823,-100,Strong Bearish,High,17.24
1803.913330078125,1803.913330078125,1962.171142578125,1759.1995849609375,1945.0333251953125,23458681818,-0.07245605236746355,1966.8855183598198,2144.904462118634,2463.2359755421126,2712.8328691581696,3083.4035204106162,-0.07521510273085805,0.03524927693232855,202.9715576171875,122.52692522321429,0.06792284483972842,-100,Strong Bearish,High,18.02
1724.9228515625,1724.9228515625,1814.656494140625,1721.2647705078125,1802.5438232421875,25470760032,-0.04378840002928741,1918.492985000356,2106.72431570444,2434.282519699775,2693.2702945523147,3072.57897324848,-0.044776051541073544,0.03670681424503844,93.3917236328125,115.07366071428571,0.06671235215537186,-100,Strong Bearish,Medium,23.32
1757.9417724609375,1757.9417724609375,1757.9417724609375,1724.635986328125,1724.635986328125,23214777872,0.019142259532667127,1886.3827424924725,2075.0168117732123,2407.7593531413895,2674.748937679218,3062.1037764294556,0.018961351496110807,0.038355837834448424,33.3057861328125,109.82000732421875,0.06247078773859617,-100,Strong Bearish,Medium,24.38
1812.031005859375,1812.031005859375,1818.776611328125,1765.9373779296875,1792.1844482421875,10642556101,0.030768501122035552,1871.5123951658531,2051.1090112355905,2384.397457169546,2657.6654142768452,3052.143037221726,0.030304641628396484,0.03752005373720292,60.8348388671875,104.23452322823661,0.05752358700882289,-100,Strong Bearish,Medium,25.62
1996.4412841796875,1996.4412841796875,2005.2108154296875,1804.4560546875,1811.885986328125,19580808705,0.10176993535099799,1896.49817296862,2046.139217866872,2369.1834896013165,2644.5718671462087,3043.7310710620286,0.09691791883629919,0.05571771398684541,200.7547607421875,107.35806710379464,0.05377471802177579,-100,Strong Bearish,Medium,26.56
1942.3280029296875,1942.3280029296875,2005.490966796875,1932.35205078125,1996.4080810546875,18363115560,-0.02710486988964189,1905.6641389608335,2036.7018346907644,2352.4440587514487,2630.666048052812,3034.954950997229,-0.02747898255305248,0.05677652918495533,73.138916015625,105.64739990234375,0.054392151965575196,-100,Strong Bearish,Medium,26.4
1823.5693359375,1823.5693359375,1965.1666259765625,1776.05322265625,1942.0506591796875,21037797760,-0.061142436711543735,1889.245178356167,2017.3261529859221,2331.7038735430583,2614.6839349416177,3025.3024759768327,-0.06309150106858519,0.061205603471639725,189.1134033203125,105.89331926618304,0.058069258557554716,-100,Strong Bearish,Medium,25.48
1834.1505126953125,1834.1505126953125,1845.31396484375,1789.6641845703125,1822.412109375,17065041354,0.00580245376432198,1878.226245223996,2000.6738220504121,2312.191977039225,2599.227827570404,3015.8112252733945,0.0057856843673090245,0.053860178401605494,55.6497802734375,101.19918387276786,0.05517496147252065,-100,Strong Bearish,Medium,26.21
1775.07861328125,1775.07861328125,1840.058837890625,1746.509765625,1834.135009765625,14878001811,-0.03220668042518249,1857.596718835447,1980.165166707761,2291.1287078722457,2582.9080411488367,3005.924909639991,-0.03273672733860295,0.05227240322560742,93.549072265625,98.72989327566964,0.0556200117205888,-100,Strong Bearish,Medium,26.09
1801.6094970703125,1801.6094970703125,1810.2996826171875,1751.5333251953125,1775.2208251953125,8677951273,0.014946314822654516,1846.3992744824202,1963.9328331043564,2271.9318760760916,2567.436782850252,2996.328770894416,0.014835719294589681,0.05209981581431941,58.766357421875,99.98957170758929,0.055500135778695295,-100,Strong Bearish,Medium,26.12
1805.2049560546875,1805.2049560546875,1825.859619140625,1777.13330078125,1801.8189697265625,8850385937,0.0019956927348694364,1838.1604107968737,1949.503026099841,2253.628859604664,2552.3430833097455,2986.83774448135,0.0019937039856387836,0.05075418035285712,48.726318359375,97.67340959821429,0.054106548550410326,-100,Strong Bearish,Medium,26.47
1859.2896728515625,1859.2896728515625,1915.030517578125,1804.990234375,1805.635986328125,16518471852,0.029960430041737984,1842.3862632078117,1941.3018121681791,2238.164577771209,2538.6192533996827,2977.8532976954552,0.029520384068369997,0.032178397076874615,110.040283203125,97.25150844029018,0.0523057325925643,-100,Strong Bearish,Medium,26.92
1814.04833984375,1814.04833984375,1862.9149169921875,1729.41357421875,1859.333740234375,24020076750,-0.024332589842456676,1836.7186785349995,1929.7333146841402,2221.5325684407208,2524.271314517387,2968.5799514177525,-0.024633518924954634,0.03194035171234162,133.5013427734375,101.72678920200893,0.05607722074857773,-100,Strong Bearish,Medium,25.98
1793.572265625,1793.572265625,1830.676025390625,1770.231201171875,1814.1007080078125,18041476023,-0.01128750197501005,1828.089395953,1917.3550374969454,2204.7498114675554,2509.802026420508,2959.217340375579,-0.011351689292160249,0.02197371011519204,60.44482421875,101.01349748883929,0.05631972540210944,-100,Strong Bearish,Medium,25.92
1789.8260498046875,1789.8260498046875,1827.2930908203125,1779.8675537109375,1793.5128173828125,12013083393,-0.0020886896458599535,1820.4367267233374,1905.7614931612857,2188.478291402345,2495.5450763885115,2949.8994814865678,-0.0020908740002338988,0.021686291608807595,47.425537109375,89.90306745256696,0.050230058648647734,-100,Strong Bearish,Medium,27.44
1665.042236328125,1665.042236328125,1797.6077880859375,1663.4339599609375,1789.68994140625,18504740451,-0.06971840279684127,1789.3578286442948,1883.877924358271,2167.9513872817874,2479.0994755952365,2939.661575150644,-0.07226794597572235,0.032846075834193605,134.173828125,92.81607491629464,0.055743976273526584,-100,Strong Bearish,Medium,26.06
1529.6634521484375,1529.6634521484375,1679.314208984375,1507.0389404296875,1665.2178955078125,21127089064,-0.08130651657115606,1737.4189533451233,1851.6766087028313,2142.9204878647934,2460.2987622596565,2928.4265303458455,-0.08480274498246529,0.04124022853732618,172.2752685546875,102.74246651785714,0.06716671328817699,-100,Strong Bearish,High,18.21
1445.216552734375,1445.216552734375,1539.705078125,1436.1839599609375,1530.189697265625,23465074882,-0.05520619538595595,1678.978473222974,1814.7256945238807,2115.5595492322277,2440.1981244472745,2916.608124149738,-0.056788571472257895,0.041198064217853894,103.5211181640625,105.79148646763393,0.0732011311851325,-100,Strong Bearish,High,16.7
1204.582763671875,1204.582763671875,1448.738037109375,1181.9482421875,1443.83544921875,45162788786,-0.16650362093294369,1584.0993313127542,1759.2581553555165,2079.8349694063313,2415.7304935408306,2902.9664878112694,-0.18212592105140693,0.061418509582993344,266.789794921875,110.50827462332589,0.09173987703963862,-100,Strong Bearish,High,12.07
1211.662841796875,1211.662841796875,1252.4718017578125,1094.701904296875,1204.5552978515625,33327826525,0.0058776186564533095,1509.6120334095785,1709.4767632138216,2045.7890036177253,2391.8875697439207,2889.4899647354578,0.005860412842474421,0.06545975282325762,157.7698974609375,116.5533447265625,0.09619288526973058,-100,Strong Bearish,High,10.95
1233.2064208984375,1233.2064208984375,1236.6275634765625,1025.6842041015625,1211.365966796875,37539999450,0.017780176430609806,1454.3309109073505,1666.1794593669686,2013.9230199816748,2368.943388578664,2876.2924862985096,0.01762395810200834,0.0696571520284691,210.943359375,118.11262730189732,0.09577685073667376,-100,Strong Bearish,High,11.06
1067.730712890625,1067.730712890625,1246.140625,1058.7845458984375,1233.603515625,18907671369,-0.13418330070586004,1377.0108713040054,1611.7750278691192,1976.8174393114375,2343.1768009412767,2861.881635514383,-0.1440820564562429,0.07279078509209098,187.3560791015625,127.52022007533482,0.11943106865410323,-100,Strong Bearish,High,10.0
1086.519287109375,1086.519287109375,1112.4715576171875,1060.86767578125,1067.9876708984375,14591486540,0.01759673482453694,1318.9125544650792,1564.0245059818697,1941.9037862839057,2318.2924937366843,2847.7353219812753,0.017443704896270215,0.0805852320178114,51.6038818359375,124.52413504464286,0.11460830610373471,-100,Strong Bearish,High,10.0
993.6367797851562,993.6367797851562,1095.1668701171875,896.1090087890625,1086.3779296875,21655406608,-0.08548629410097963,1253.8573995290947,1512.1710763276228,1904.7168448525822,2292.0616875198225,2832.9616284179597,-0.08936282394912362,0.08082795927151123,199.057861328125,134.54495675223214,0.13540657863059719,-100,Strong Bearish,High,10.0
1127.656494140625,1127.656494140625,1142.3408203125,943.1163330078125,993.400634765625,21795481981,0.13487797259723666,1228.6172184514007,1477.2152052197139,1874.2438899227016,2269.004158938056,2819.3735396986185,0.12652513202322718,0.10784126034111438,199.2244873046875,145.2948259626116,0.1288467070580206,-100,Strong Bearish,High,10.0
1127.6424560546875,1127.6424560546875,1159.9853515625,1066.1131591796875,1127.65625,19739691429,-1.2448902667161477e-05,1208.422265972058,1445.4358643865298,1844.9654023200344,2246.4029370987814,2805.8936107452805,-1.244898015539338e-05,0.08639138674933108,93.8721923828125,144.13996233258928,0.1278241711800171,-100,Strong Bearish,High,10.0
1124.8245849609375,1124.8245849609375,1185.4324951171875,1112.5726318359375,1127.5118408203125,15632089439,-0.0024989047535589615,1191.702729769834,1416.2893844387486,1816.724585953011,2224.1934647792204,2792.498638428274,-0.002502032227301735,0.08620233389630882,72.85986328125,139.80842808314733,0.12429353870141677,-100,Strong Bearish,High,10.0
1051.421875,1051.421875,1126.26171875,1049.7633056640625,1125.3729248046875,15010593493,-0.06525702846678672,1163.6465588158671,1383.1196108534077,1786.712714935246,2200.9702649816118,2778.625516807331,-0.06748368424041079,0.08754561376968506,76.4984130859375,140.95511300223214,0.134061423253375,-100,Strong Bearish,High,10.0
1143.38671875,1143.38671875,1146.4942626953125,1050.2196044921875,1051.329345703125,14657862919,0.0874671204172921,1159.5945908026938,1361.3257115712797,1761.4842444966089,2180.0280165413815,2765.5957255877506,0.08385124942460077,0.07661638753201234,96.274658203125,144.4443359375,0.1263302551698456,-100,Strong Bearish,High,10.0
1226.8447265625,1226.8447265625,1238.616943359375,1134.5140380859375,1143.2047119140625,16981552654,0.07299193391343572,1173.044617954655,1349.1001674795723,1740.5179888913497,2161.153099908136,2753.3347614520912,0.0704509462982519,0.08004298291345095,104.1029052734375,142.2964128766741,0.11598567430401308,-100,Strong Bearish,High,10.0
1243.4468994140625,1243.4468994140625,1246.394287109375,1184.56201171875,1226.7247314453125,12481946184,0.013532415710079349,1187.1250742465365,1339.4953249281623,1721.0250049902795,2142.9806998983527,2741.3037824717085,0.01344167032550677,0.06526691299501063,61.832275390625,134.40762765066964,0.108092776389571,-100,Strong Bearish,High,10.0
1199.8316650390625,1199.8316650390625,1272.1312255859375,1199.4063720703125,1242.987548828125,12096607824,-0.035076073128295526,1189.6663924050417,1326.7986285746076,1700.5860504823888,2124.3044813862875,2729.0211361176634,-0.035706013007877895,0.05394507634287921,72.724853515625,132.20789446149553,0.11018870256036398,-100,Strong Bearish,High,10.0
1193.6806640625,1193.6806640625,1234.1807861328125,1179.79248046875,1199.713134765625,12492225250,-0.005126553295592751,1190.4692467365335,1314.6969954371432,1680.7074078776873,2105.876286983836,2716.78734749571,-0.005139739154583573,0.054120195198752434,54.3883056640625,117.03635951450893,0.09804662422543943,-100,Strong Bearish,High,10.49
1144.5792236328125,1144.5792236328125,1229.739013671875,1141.15966796875,1193.2540283203125,14023205651,-0.04113448588718749,1181.2912421157894,1299.2317434549311,1659.6827732014178,2086.8407015709445,2704.2597927238944,-0.04200444947713469,0.05737523130681516,88.579345703125,112.09417724609375,0.09793483485600486,-100,Strong Bearish,High,10.52
1098.94384765625,1098.94384765625,1152.684814453125,1092.09912109375,1144.5244140625,15386286815,-0.03987087571947978,1164.8217632238816,1281.0237529277783,1637.6930114153329,2067.2783876320395,2691.4684306118015,-0.04068749910629359,0.05262613374148323,60.585693359375,101.35434395926339,0.09222886517398027,-100,Strong Bearish,High,11.94
1067.298828125,1067.298828125,1103.6904296875,1009.0948486328125,1099.3531494140625,16350755497,-0.0287958475755975,1145.3171762041054,1261.594214309344,1615.324612070614,2047.4768121962566,2678.526840153739,-0.02921858312549719,0.04090938109341247,94.5955810546875,94.72859409877232,0.08875545592529957,-100,Strong Bearish,High,12.81
1059.767333984375,1059.767333984375,1100.223876953125,1040.1507568359375,1068.3167724609375,17499453625,-0.007056593656957433,1128.2072077601595,1243.246316097983,1593.5380521456634,2027.9182086673084,2665.6283580328677,-0.007081609166298482,0.021385518855161545,60.0731201171875,95.33353969029018,0.08995704682825764,-100,Strong Bearish,High,12.51
1066.5128173828125,1066.5128173828125,1073.0526123046875,1033.962158203125,1060.1212158203125,9935603640,0.006365060690327828,1115.86832968469,1227.179634396604,1572.8703958804535,2008.8804781468234,2652.886401533664,0.006344889241282355,0.01957713872032928,39.0904541015625,83.90729631696429,0.078674437802698,-100,Strong Bearish,High,15.33
1073.7669677734375,1073.7669677734375,1083.4189453125,1044.005615234375,1066.4674072265625,8557248150,0.0068017470323764595,1107.4480573024396,1213.2330283399524,1553.2977124252766,1990.3633789315088,2640.303776563463,0.006778719510311701,0.021118481397864004,39.413330078125,72.49221365792411,0.06751205413614457,-100,Strong Bearish,Medium,23.12
1151.05908203125,1151.05908203125,1152.94384765625,1048.3963623046875,1073.7943115234375,13670889311,0.0719822052433643,1116.1702622482017,1207.5808514027976,1537.523648488256,1973.743491864177,2628.437284973565,0.06950946292442169,0.03884293303885973,104.5474853515625,73.25473458426339,0.06364115945724722,-100,Strong Bearish,Medium,24.09
1134.541015625,1134.541015625,1165.6827392578125,1086.8299560546875,1150.509765625,16195518291,-0.014350320208673328,1119.8444129235613,1200.9408663320887,1521.7204079838148,1957.1256210475597,2616.533729042501,-0.014454281840769207,0.035765352133718106,78.852783203125,73.68280029296875,0.06494502999733166,-100,Strong Bearish,Medium,23.76
1186.9739990234375,1186.9739990234375,1193.63671875,1116.24755859375,1134.822265625,15373536703,0.046215150158809504,1133.2703301435367,1199.671151122211,1508.593097828506,1941.8750938787653,2605.142814859082,0.04517903298009994,0.03469738659835439,77.38916015625,73.74642508370536,0.06212977297260005,-100,Strong Bearish,Medium,24.47
1237.5933837890625,1237.5933837890625,1246.8948974609375,1165.6231689453125,1186.9609375,14230795894,0.04264574018240608,1154.134940872642,1203.1186268191975,1497.9656580622534,1927.9289214017413,2594.246006643385,0.04176146365600772,0.031174985008427806,81.271728515625,72.67478724888393,0.05872266949777969,-100,Strong Bearish,Medium,25.32
1222.5062255859375,1222.5062255859375,1262.8857421875,1200.6322021484375,1237.580322265625,16315929082,-0.012190723060375164,1167.809197815301,1204.8811357979919,1487.1633273769078,1913.960155147963,2583.31580918476,-0.012265639403591082,0.03200781655428546,62.2535400390625,69.685546875,0.05700220204735585,-100,Strong Bearish,Medium,25.75
1216.978271484375,1216.978271484375,1228.7679443359375,1209.3775634765625,1222.306884765625,8821353104,-0.00452182081846908,1177.643012549116,1205.9808754058447,1476.5678349889654,1900.1585336892779,2572.428657489936,-0.004532075174142032,0.03305129771315868,19.390380859375,66.65398297991071,0.0547700682433807,-100,Strong Bearish,Medium,26.31
1168.401611328125,1168.401611328125,1216.9044189453125,1157.175537109375,1216.9044189453125,10984558039,-0.03991579906928,1175.794732304918,1202.5645786715065,1464.4828850414815,1885.6682976029183,2561.241190986655,-0.0407342890636578,0.04007652179873726,59.802734375,65.73097446986607,0.05625717547166809,-100,Strong Bearish,Medium,25.94
1097.236572265625,1097.236572265625,1169.19384765625,1095.0028076171875,1168.1390380859375,12064180410,-0.06090802885970559,1160.0831002970594,1192.989305361881,1450.081068854193,1870.0557881902985,2549.575815538679,-0.0628418587339451,0.03967756384073514,74.1910400390625,67.14545549665179,0.061195057833341025,-100,Strong Bearish,Medium,24.7
1038.191650390625,1038.191650390625,1097.2591552734375,1038.1356201171875,1097.2591552734375,12583282453,-0.05381238956798651,1135.7048103157726,1178.916791273585,1433.9285426399356,1853.5832310061464,2537.532913824352,-0.055314409897435454,0.04377794179823626,59.12353515625,65.04146902901786,0.06264880766912898,-100,Strong Bearish,Medium,24.34
1113.587158203125,1113.587158203125,1113.587158203125,1019.2203369140625,1038.1866455078125,18302588147,0.07262195547819328,1131.2812798932432,1172.977733721725,1421.3661354071196,1838.9298434258885,2526.186732504661,0.07010607675696244,0.049859909605327005,94.3668212890625,67.45440673828125,0.06057398043914688,-100,Strong Bearish,Medium,24.86
1191.5262451171875,1191.5262451171875,1202.953369140625,1077.40576171875,1113.5157470703125,16688640823,0.0699892112978604,1143.330272938032,1174.6639620304034,1412.3528063761419,1826.109970192053,2515.5519875852387,0.06764856552378615,0.05496161650505448,125.547607421875,69.66526576450893,0.058467252441978146,-100,Strong Bearish,Medium,25.38
1233.129150390625,1233.129150390625,1275.7781982421875,1182.9031982421875,1191.6748046875,17411448225,0.034915643229785465,1161.2900484285508,1179.9789791540597,1405.3244277100432,1814.3677757405396,2505.3334789223336,0.034319919269879505,0.05678462048391442,92.875,72.00825718470982,0.05839474086059791,-100,Strong Bearish,Medium,25.4
1352.62646484375,1352.62646484375,1377.944580078125,1195.60595703125,1232.7916259765625,18364013796,0.09690575753178088,1199.5573317115907,1195.6742051258498,1403.2578409309729,1805.2243834455537,2496.1485624754923,0.09249326833356561,0.06620263555233216,182.338623046875,82.24026925223214,0.06080042893566496,-60,Bearish,Medium,34.8
1338.6357421875,1338.6357421875,1378.41748046875,1329.7633056640625,1353.205078125,16079711737,-0.010343374922703541,1227.3730138067726,1208.6707084950906,1400.7236409802483,1795.9850044107407,2486.925352752082,-0.010397239373836612,0.06284650009950851,48.6541748046875,82.90032958984375,0.06192896766253539,-60,Bearish,Medium,34.52
1578.7178955078125,1578.7178955078125,1578.7178955078125,1338.8060302734375,1338.8060302734375,27440420623,0.17934838115706353,1297.6419901469808,1242.3113618598836,1407.7038078244666,1791.682685422564,2479.6886399453547,0.16496206658988707,0.07152530959463868,240.0821533203125,92.58137730189732,0.05864339510265542,-60,Bearish,Medium,35.34
1542.9752197265625,1542.9752197265625,1607.0330810546875,1501.7974853515625,1578.3839111328125,27753529276,-0.02264031837667424,1346.708636062897,1269.6444398477634,1413.008569075529,1786.7577851117521,2472.2247879914203,-0.02290054563807826,0.0640839524729036,105.235595703125,94.46586390904018,0.06122318926533434,-60,Bearish,Medium,34.69
1520.20068359375,1520.20068359375,1612.645751953125,1500.80322265625,1542.954345703125,22942708340,-0.014760143806359038,1381.4070455690678,1292.4222801883075,1417.2121814095772,1781.4794266658512,2464.6389385539883,-0.014870158627478716,0.06896291405140824,111.842529296875,96.92681884765625,0.06375922593227726,-60,Bearish,Medium,34.06
1576.74951171875,1576.74951171875,1595.761962890625,1472.1854248046875,1520.37451171875,20009556587,0.037198265160175215,1420.4755387990044,1318.2702103274385,1423.4685473040545,1777.4253689441264,2457.564122403907,0.03652310206255386,0.0682184062397676,123.5765380859375,99.94859095982143,0.06338901024987258,-60,Bearish,Medium,34.15
1537.4051513671875,1537.4051513671875,1641.209228515625,1523.6417236328125,1576.745361328125,18926100582,-0.02495282862569259,1443.861461312641,1338.1915686037792,1427.9366494241774,1772.6724933485434,2450.2321784115825,-0.025269428257882164,0.07262379194934698,117.5675048828125,103.89958844866071,0.06758113718837525,-60,Bearish,Medium,33.1
1549.2974853515625,1549.2974853515625,1591.632568359375,1495.6781005859375,1536.4573974609375,14998811383,0.00773532856566761,1464.9486661204253,1357.3830155808505,1432.695897891918,1768.2492258634545,2443.05341591708,0.007705564304018057,0.0676575797656709,95.9544677734375,109.36845179966518,0.07059228639672618,-60,Bearish,High,27.35
1599.4766845703125,1599.4766845703125,1654.4287109375,1548.671142578125,1549.2225341796875,17217849557,0.03238835646038862,1491.8542698104027,1379.3915309435288,1439.2363208989138,1764.9071953427983,2436.331688974078,0.03187491067046729,0.0664308204486517,105.757568359375,112.65093994140625,0.07042987311294824,-60,Bearish,High,27.39
1445.3834228515625,1445.3834228515625,1605.3369140625,1445.3834228515625,1599.1572265625,20585056021,-0.09633979863866915,1482.5601004186346,1385.3907938442592,1439.4773837205862,1758.5799919271303,2428.43568685358,-0.10130187270170739,0.046445674466602145,159.9534912109375,118.77682931082589,0.08217669265674427,-60,Bearish,High,24.46
1441.8067626953125,1441.8067626953125,1445.151123046875,1362.95166015625,1445.151123046875,18238563509,-0.0024745407341075776,1474.4094328739702,1390.519518285264,1439.5687319156737,1752.307254714619,2420.5741018005265,-0.0024776074702502673,0.0463325024197043,82.4317626953125,120.44170270647321,0.08353525994101982,-60,Bearish,High,24.12
1636.232666015625,1636.232666015625,1636.7994384765625,1423.618896484375,1443.726806640625,23007524016,0.13484879413164408,1506.7740795023012,1412.8570771698423,1447.2810430568481,1750.0087480077082,2414.3243692444717,0.12649942102926798,0.06897498557727744,213.1805419921875,128.92839704241072,0.07879588259068503,-60,Bearish,High,25.3
1725.4681396484375,1725.4681396484375,1774.576416015625,1604.8909912109375,1636.23193359375,27231399966,0.054537154456223425,1550.5128915315286,1441.2762646678964,1458.1903409624006,1749.5227953669305,2408.835474984742,0.05310195450870282,0.07028927704893238,169.6854248046875,132.08109828404017,0.07654797863202016,-60,Bearish,High,25.86
1727.406982421875,1727.406982421875,1759.884033203125,1662.7911376953125,1725.6239013671875,23249531113,0.0011236618798609044,1585.891709709598,1467.2881481000763,1468.7478563137527,1749.0848584769294,2403.4057658806555,0.0011230310443704164,0.06858940326646225,97.0928955078125,132.38237653459822,0.07663647182263572,-60,Bearish,High,25.84
1695.969482421875,1695.969482421875,1738.016845703125,1678.1080322265625,1727.0618896484375,15576977870,-0.018199243328242076,1607.9072642520534,1488.0773603111488,1477.6585083179928,1748.033068852077,2397.768823382976,-0.018366886660011843,0.06985213339232972,59.9088134765625,123.63739013671875,0.07290071632666546,-20,Neutral,High,36.77
1681.517333984375,1681.517333984375,1745.8831787109375,1672.61279296875,1695.884765625,14200735370,-0.008521467271251915,1622.6292781985178,1505.6628124632603,1485.6529720696155,1746.71592558737,2392.0616402005166,-0.008557982564043836,0.06969522029171307,73.2703857421875,125.39569091796875,0.07457293979886737,-20,Neutral,High,36.36
1635.19580078125,1635.19580078125,1700.1708984375,1613.416015625,1681.445556640625,16191371176,-0.027547461014490793,1625.1425827150645,1517.4385386739864,1491.5173967249737,1744.5076062842786,2386.030836699168,-0.027934007780179175,0.054536335455581876,86.7548828125,114.44374302455357,0.06998779165765691,-20,Neutral,Medium,42.5
1632.9454345703125,1632.9454345703125,1672.6297607421875,1567.85107421875,1634.6458740234375,20426082309,-0.0013762059625289647,1626.7031530861143,1527.9391655736524,1497.063594287536,1742.2984543691505,2380.0301562041172,-0.0013771538036708396,0.054470269060219,104.7786865234375,114.41110665457589,0.07006425581187997,-20,Neutral,Medium,42.48
1618.87451171875,1618.87451171875,1678.0982666015625,1595.634521484375,1633.05126953125,16786218830,-0.008616897144064772,1625.1374248126415,1536.2060152232068,1501.8404930103288,1739.8544159008259,2373.9651709890945,-0.008654237260966648,0.02605286861424666,82.4637451171875,112.3126220703125,0.06937697842377592,-20,Neutral,Medium,42.66
1608.205810546875,1608.205810546875,1658.5115966796875,1585.3265380859375,1618.88671875,14467440626,-0.006590196519029812,1621.7511019594883,1542.751451161722,1506.0116819333307,1737.24751282451,2367.8635027783994,-0.006612007743759959,0.010042054571384193,73.18505859375,108.71323067801339,0.0675990784046758,-20,Neutral,Medium,43.1
1732.254638671875,1732.254638671875,1732.254638671875,1606.4970703125,1607.52392578125,18546491876,0.07713492098552788,1643.8518093019657,1559.979013662645,1514.8839547466068,1737.1486440294084,2362.798890315399,0.0743046651520902,0.033742808504084745,125.757568359375,109.29823521205357,0.06309594026883535,-20,Neutral,Medium,44.23
1691.6580810546875,1691.6580810546875,1744.326416015625,1691.6580810546875,1732.6611328125,11757911705,-0.023435675512644583,1653.4130636525101,1571.9498379710126,1521.8162734253551,1736.2478408021861,2357.451154783441,-0.023714658344009317,0.03429456126514524,52.6683349609375,106.20636858258929,0.06278240843821907,-20,Neutral,Medium,44.3
1699.350830078125,1699.350830078125,1724.7891845703125,1672.908447265625,1691.7779541015625,10252090340,0.00454746092581626,1662.6006169376333,1583.5317463443862,1528.7784129019344,1735.517206926462,2352.207327494952,0.004537152465114219,0.034129836010914114,51.8807373046875,102.35802350725446,0.06023360314747291,-20,Neutral,Medium,44.94
1775.51611328125,1775.51611328125,1806.886474609375,1697.407958984375,1699.6934814453125,16841424404,0.044820223025767714,1685.1837162063566,1600.984870611374,1538.4544011521036,1736.309264478042,2347.6121783777116,0.04384483523495011,0.03458985702285017,109.478515625,98.75266810825893,0.055619133709667465,-20,Neutral,Medium,46.1
1703.0250244140625,1703.0250244140625,1786.12255859375,1675.849853515625,1776.0712890625,16368619692,-0.04082817853633558,1688.7519778478977,1610.2612482298,1544.908151083945,1735.650170615389,2342.4760257564876,-0.04168505282330071,0.04006356052056176,110.272705078125,100.74130684988839,0.059154331501704814,-20,Neutral,Medium,45.21
1851.74267578125,1851.74267578125,1869.400634765625,1665.0904541015625,1702.906494140625,23512477984,0.08732558197044393,1721.3501174345683,1632.2141052799318,1556.940877542663,1737.9490321038218,2338.5657998602705,0.08372108672275558,0.04871135913826014,204.3101806640625,100.10770961216518,0.054061350381704495,-20,Neutral,Low,51.48
1881.22412109375,1881.22412109375,1927.939208984375,1851.828369140625,1851.828369140625,23826986482,0.015920919087778707,1753.3249181664048,1654.8513794448245,1569.6578674858429,1740.7861625788698,2334.92164305735,0.015795510583422143,0.04745244498430935,76.196533203125,93.429931640625,0.04966443423354817,-20,Neutral,Low,52.58
1957.2464599609375,1957.2464599609375,1957.552978515625,1860.08349609375,1880.899169921875,17168141904,0.040411101481618195,1794.1092265253114,1682.3418413099257,1584.8574201319252,1745.0725051012869,2331.9122790486135,0.03961592493298804,0.042702136654766784,97.469482421875,93.45683070591518,0.04774913768794369,-20,Neutral,Low,53.06
1981.3365478515625,1981.3365478515625,2013.7557373046875,1948.59521484375,1957.333984375,16038975216,0.012308152490466462,1831.5546907905618,1709.5231782682563,1600.4056212189698,1749.7510009973319,2329.1188469275216,0.01223302302337789,0.03892145730270963,65.1605224609375,93.83195277622768,0.04735790740748874,-20,Neutral,Low,53.16
1936.802001953125,1936.802001953125,2022.79150390625,1919.0101318359375,1981.782470703125,14062754456,-0.02247702236489202,1852.6041530230746,1730.1848895123353,1613.597636149721,1753.4549812142782,2325.9928162902756,-0.022733480866810634,0.042250886565821384,103.7813720703125,96.01130894252232,0.04957208266291642,-20,Neutral,Low,52.61
1904.2281494140625,1904.2281494140625,2007.2103271484375,1881.8568115234375,1936.760498046875,20349931313,-0.016818369924346488,1862.9289523012724,1746.0070040488558,1624.9949111796952,1756.440588505363,2322.632141653812,-0.016961404717251303,0.042466101661018774,125.353515625,98.76835414341518,0.05186792043474756,-20,Neutral,Low,52.03
1878.139404296875,1878.139404296875,1910.745361328125,1862.2734375,1902.8331298828125,15637578930,-0.01370043034245405,1865.971042700393,1758.0190404350394,1634.9221462038986,1758.8504660457888,2319.090366854155,-0.013795147342322981,0.03786836148735537,48.471923828125,94.74644252232143,0.050446970179932916,-20,Neutral,Low,52.39
1832.9996337890625,1832.9996337890625,1951.6756591796875,1823.5322265625,1877.934326171875,20308508124,-0.02403430246154259,1859.3767609181268,1764.835458012678,1642.6898908150815,1760.3187663971407,2315.2171339213655,-0.02432783915137373,0.02429139521133511,128.1434326171875,98.00927734375,0.05346933820229485,-20,Neutral,Low,51.63
1847.0078125,1847.0078125,1876.376953125,1826.957763671875,1833.715576171875,14999352229,0.007642215771740624,1856.9029712345016,1772.30567205698,1650.7023583321372,1762.0353811714547,2311.486382356255,0.007613161970514982,0.023507252132369174,49.419189453125,96.31171526227679,0.05214472543671322,-20,Neutral,Low,51.96
1612.9873046875,1612.9873046875,1847.0953369140625,1611.3388671875,1847.0953369140625,25906358731,-0.12670250024321428,1808.1198379251014,1757.8221841143,1649.2233366205828,1759.0839341123665,2305.920652653715,-0.1354790025497318,0.04966999500696582,235.7564697265625,104.16877964564732,0.06458127682897602,-20,Neutral,Medium,43.85
1577.0037841796875,1577.0037841796875,1652.21875,1534.298828125,1612.650634765625,18334580263,-0.022308619790894157,1761.8966271760187,1741.3841477566077,1646.3911973091751,1755.4783865889472,2300.1125501160736,-0.022561220905913087,0.046665350010059184,117.919921875,108.82960728236607,0.06901036533591841,-20,Neutral,Medium,42.75
1619.3189697265625,1619.3189697265625,1640.9365234375,1569.0465087890625,1576.5435791015625,15849221752,0.02683264680235764,1733.3810956861275,1730.28731339024,1645.3295413255432,1752.782160512464,2294.687900073129,0.026478964213690254,0.05182270461345993,71.8900146484375,110.25884137834821,0.0680896373349881,-20,Neutral,Medium,42.98
1622.505859375,1622.505859375,1622.77880859375,1535.0147705078125,1619.1668701171875,18557078599,0.0019680431761850414,1711.206048423902,1720.4889993888544,1644.4344949745416,1750.2024317770688,2289.3318678763317,0.0019661091163398346,0.05283107791539215,87.7640380859375,108.70780726841518,0.06699994742101588,-60,Bearish,Medium,33.25
1662.7698974609375,1662.7698974609375,1666.676513671875,1569.4285888671875,1622.9393310546875,18322041914,0.024815958508431768,1701.518818231309,1715.2418083044984,1645.153530366165,1748.4710944638782,2284.3393422156514,0.02451304379415949,0.05582719646796286,97.2479248046875,107.7774658203125,0.06481802802954847,-60,Bearish,Medium,33.8
1657.0592041015625,1657.0592041015625,1686.5577392578125,1610.0992431640625,1662.6954345703125,16780932907,-0.0034344459615821554,1692.6268954053598,1709.9524806496859,1645.6204195322591,1746.6609580210602,2279.3410941031884,-0.003440357209568945,0.05595323340161678,76.45849609375,98.64520263671875,0.059530282558735124,-60,Bearish,Medium,35.12
1696.45703125,1696.45703125,1718.1832275390625,1656.8560791015625,1657.3365478515625,14818795695,0.023775751072091955,1693.3929225742881,1708.7256216133508,1647.614012148641,1745.6668208572767,2274.6965995784617,0.02349750954116691,0.05730136605139063,61.3271484375,97.58310372488839,0.057521706667092096,-60,Bearish,Medium,35.62
1507.7828369140625,1507.7828369140625,1698.56103515625,1498.771240234375,1696.3245849609375,26713710143,-0.11121660664574373,1656.2709054422432,1690.4580957315973,1642.130436649246,1740.9562469178072,2268.585732943686,-0.11790172517616755,0.05103887536799451,199.789794921875,104.89169747488839,0.06956684670158955,-60,Bearish,High,27.61
1491.39501953125,1491.39501953125,1517.1500244140625,1454.282958984375,1508.156982421875,18120831899,-0.010868818096081423,1623.2957282600446,1672.3614524406564,1636.2192438210893,1736.014440434905,2262.392978255141,-0.010928315201041365,0.050736349717294585,62.8670654296875,104.72787911551339,0.07022142205384975,-60,Bearish,High,27.44
1430.54736328125,1430.54736328125,1505.7919921875,1430.54736328125,1491.206787109375,12823572918,-0.040799154786720804,1584.7460552642858,1650.378353426165,1628.1536798783504,1729.9655874219613,2255.764726342998,-0.04165479410441762,0.04954685053308854,75.24462890625,102.68954031808036,0.0717833907173413,-60,Bearish,High,27.05
1553.037353515625,1553.037353515625,1556.3095703125,1427.7283935546875,1430.439453125,17965837488,0.08562456118434225,1578.4043149145539,1641.529171616116,1625.2079415896162,1726.4620580376775,2250.165305045569,0.0821554538075937,0.06244489750222412,128.5811767578125,102.92008754185268,0.06627019453773698,-60,Bearish,Medium,33.43
1523.8388671875,1523.8388671875,1600.461181640625,1480.831787109375,1553.18896484375,21835784470,-0.018800891209749815,1567.4912253691432,1630.8300530316963,1621.2326837699254,1722.4497176248026,2244.3778433893294,-0.01897987488373285,0.06102121029910365,119.62939453125,108.00276402064732,0.07087544906895867,-60,Bearish,High,27.28
1553.6849365234375,1553.6849365234375,1612.35888671875,1524.2864990234375,1524.2864990234375,20591680941,0.019586105840063928,1564.7299676000023,1623.8168606218544,1618.5837525053573,1719.1078407713103,2238.8743142509556,0.019396766357597673,0.06218350910470846,88.52001953125,105.17252022879464,0.06769230862476609,-60,Bearish,Medium,33.08
1586.1767578125,1586.1767578125,1593.082763671875,1520.1883544921875,1553.75634765625,16434276817,0.020912747832753542,1569.0193256425018,1620.3950330937314,1617.3128899683827,1716.4755420988586,2233.6735369088165,0.020697077972305716,0.06194662842275816,72.8944091796875,106.84932163783482,0.06736280878632402,-60,Bearish,Medium,33.16
1577.220458984375,1577.220458984375,1643.1832275390625,1551.8779296875,1586.0179443359375,17708478709,-0.005646469590486647,1570.6595523108765,1616.4700718110628,1615.7406377729314,1713.718015700552,2228.4428350926855,-0.005662471163262736,0.03981494485273066,91.3052978515625,96.53138078962054,0.06120347998261468,-60,Bearish,Medium,34.7
1556.8726806640625,1556.8726806640625,1579.454345703125,1541.672119140625,1577.2137451171875,9516825994,-0.01290103625298844,1567.902177981514,1611.0521271613354,1613.4320904353287,1710.6121674820076,2223.0916784836922,-0.012984977354194235,0.039971683955573774,37.7822265625,90.80725969587054,0.05832670893623618,-100,Strong Bearish,Medium,25.42
1577.6416015625,1577.6416015625,1578.00927734375,1543.6988525390625,1556.8958740234375,8884144998,0.013340153730219573,1569.850062697711,1608.0148066523502,1612.0285418520805,1707.97908696875,2217.9486499823283,0.01325195738219183,0.0339660934951251,34.3104248046875,88.12300327845982,0.05585742870318746,-100,Strong Bearish,Medium,26.04
1617.1832275390625,1617.1832275390625,1621.661376953125,1559.7818603515625,1577.884033203125,13060541168,0.025063757153335864,1579.3166956659816,1608.8482994602332,1612.2306863888248,1706.1811491582612,2213.1616745046927,0.024754812756716524,0.01788814834832692,61.8795166015625,86.27410888671875,0.05334838218549037,-100,Strong Bearish,Low,31.66
1561.74853515625,1561.74853515625,1680.5953369140625,1561.74853515625,1617.240234375,22946059125,-0.0342785476863805,1575.8030635640355,1604.5665027053255,1610.2509941836258,1703.321097395845,2207.9711315616773,-0.034879837993163236,0.022075744464406914,118.8468017578125,87.81688581194196,0.056229849963109486,-100,Strong Bearish,Medium,25.94
1629.9063720703125,1629.9063720703125,1651.0511474609375,1500.013671875,1560.90673828125,19560363854,0.04364200470163615,1586.623725265291,1606.8701271930515,1611.021793316437,1701.8673404587057,2203.3650378605507,0.04271652328035794,0.026239549082110746,151.0374755859375,93.14395577566964,0.057146813689278285,-100,Strong Bearish,Medium,25.71
1635.34765625,1635.34765625,1655.0640869140625,1603.0638427734375,1629.80517578125,17621046717,0.0033384029125402837,1596.3685114622328,1609.4589934709559,1611.9757487255963,1700.5501189892266,2198.8390029473194,0.003332842816660751,0.02552239626185052,52.000244140625,92.47774832589286,0.056549289670890346,-100,Strong Bearish,Medium,25.86
1719.08544921875,1719.08544921875,1735.809814453125,1632.8365478515625,1635.187744140625,20242323690,0.05120488762662756,1620.9118990135364,1619.4250349025735,1616.1761291370926,1700.9171552313953,2195.0162654674104,0.04993701830610943,0.030120357471277524,102.9732666015625,85.56228201729911,0.04977197733607917,-20,Neutral,Low,52.56
1776.2037353515625,1776.2037353515625,1784.497802734375,1710.2969970703125,1718.9613037109375,13130928217,0.03322597265817717,1651.970266281142,1633.6776440342996,1622.4517215376602,1702.4079786001114,2191.6791138330213,0.03268591999770879,0.028639499612765247,74.2008056640625,86.37183489118304,0.048627211604240626,-20,Neutral,Low,52.84
1761.800048828125,1761.800048828125,1782.7298583984375,1730.164794921875,1775.97607421875,12464301922,-0.008109253593359123,1673.9362227905385,1645.3251353791927,1627.916361823561,1703.584059198686,2188.253782637763,-0.008142312433257365,0.030420012842187257,52.5650634765625,84.75186593191964,0.04810526937395251,-20,Neutral,Low,52.97
1713.7652587890625,1713.7652587890625,1778.1634521484375,1698.29345703125,1762.0848388671875,17688391310,-0.02726460932443109,1681.9020299902434,1651.5469647800899,1631.2829852339728,1703.7856671113668,2184.4729975871755,-0.027643185811010818,0.03406915401025127,79.8699951171875,81.27249581473214,0.04742335357653291,-20,Neutral,Low,53.14
1580.7879638671875,1580.7879638671875,1745.779052734375,1564.0318603515625,1713.9625244140625,23066821734,-0.07759364606085906,1661.6792167656322,1645.1143283334623,1629.3027883176283,1701.3500690273236,2179.662758274666,-0.08076942156538781,0.04606345431553738,181.7471923828125,85.70948137555804,0.054219467338226184,-20,Neutral,Low,51.45
1634.7550048828125,1634.7550048828125,1642.1572265625,1564.0318603515625,1574.858154296875,17897150206,0.03413932940354747,1656.2943743890683,1644.1725716561305,1629.5166007319492,1700.031354885848,2175.3208638253286,0.03356951498102785,0.04481996825514143,78.1253662109375,84.96700613839286,0.05197537605611045,-20,Neutral,Low,52.01
1471.6934814453125,1471.6934814453125,1648.9456787109375,1466.139404296875,1635.0830078125,26946275878,-0.09974676508128455,1619.3741958003172,1628.492654364238,1623.32745879914,1695.5098128375207,2169.7142711370416,-0.10507918310363468,0.05985605970572695,182.8062744140625,92.81785365513393,0.0630687400775737,-60,Bearish,Medium,34.23
1432.44775390625,1432.44775390625,1480.564208984375,1415.581298828125,1471.9283447265625,16764804299,-0.026667052639602784,1581.9889074215039,1610.670390686239,1615.8419801758896,1690.3006631557134,2163.839637533609,-0.02702906893553504,0.05254903005417066,64.98291015625,90.93768310546875,0.06348411860571104,-100,Strong Bearish,Medium,24.13
1469.74169921875,1469.74169921875,1473.0604248046875,1415.0423583984375,1432.87646484375,10798098671,0.026035117309375133,1559.5394657809534,1597.8586914619216,1610.1125573932566,1685.933158919338,2158.3089766705425,0.02570197355988559,0.05129925062571849,58.01806640625,92.38310023716518,0.06285669127185543,-100,Strong Bearish,Medium,24.29
1335.3291015625,1335.3291015625,1469.7054443359375,1331.4947509765625,1469.7054443359375,15762284723,-0.09145321094699688,1514.697392937263,1573.9923651074287,1599.3367355959722,1678.9905043182125,2151.7513681039445,-0.09590889103782882,0.05638004233140119,138.2469482421875,99.80713762555804,0.07474347522926847,-100,Strong Bearish,High,16.31
1377.5413818359375,1377.5413818359375,1388.272216796875,1287.4208984375,1335.270751953125,18712714223,0.031611892696747024,1487.266190716998,1556.1331848100203,1590.6388785857748,1673.021214764108,2145.582364229299,0.03112252335792943,0.06249922675700568,100.851318359375,102.59083775111607,0.07447386997143178,-100,Strong Bearish,High,16.38
1324.38818359375,1324.38818359375,1381.9656982421875,1319.201416015625,1377.6190185546875,14722317220,-0.03858555462874502,1454.6905892923482,1535.065457426723,1580.1976748605973,1666.117590384497,2139.038984303916,-0.03934969828540063,0.0588798737323369,62.7642822265625,98.58494349888393,0.07443810260476048,-100,Strong Bearish,High,16.39
1252.6077880859375,1252.6077880859375,1384.4769287109375,1229.4267578125,1324.215576171875,20643507800,-0.054198909652784066,1414.274029051066,1509.3874874866515,1567.3510126341403,1657.9292774676937,2131.9757875213027,-0.055722995942389726,0.05342471132194535,155.0501708984375,98.87156459263393,0.07893258012048274,-100,Strong Bearish,High,15.27
1327.68017578125,1327.68017578125,1336.1578369140625,1240.96826171875,1251.5673828125,18461527259,0.05993287636350053,1396.955258397103,1492.8686409679785,1557.952156286968,1651.389691295685,2125.567057547278,0.058205581933538045,0.054900864914357764,95.1895751953125,101.95651681082589,0.07679297971804948,-100,Strong Bearish,High,15.8
1328.259521484375,1328.259521484375,1353.288330078125,1270.1983642578125,1327.481201171875,18771106339,0.00043635938360231386,1383.2161110145576,1477.9041755603782,1548.9446019809839,1644.9910740716987,2119.2140094511597,0.00043626420653308323,0.05485526281925202,83.0899658203125,100.53628104073661,0.07569023930533086,-100,Strong Bearish,High,16.08
1317.9932861328125,1317.9932861328125,1346.2552490234375,1312.6402587890625,1328.24462890625,12098209717,-0.0077290884691642026,1370.1715460382088,1463.3668219760539,1539.8876876339968,1638.5158703501365,2112.829780580097,-0.007759112680025444,0.052555229999684434,33.614990234375,97.63729422433036,0.07408026675978953,-100,Strong Bearish,High,16.48
1294.216796875,1294.216796875,1333.371337890625,1275.627685546875,1317.9384765625,11802651633,-0.018039916825051683,1354.9805962055673,1447.989546966867,1530.2535350552128,1631.6980669149852,2106.306967960933,-0.018204619951859718,0.03928962684382187,57.74365234375,98.00719342912946,0.07572702940170181,-100,Strong Bearish,High,16.07
1335.3201904296875,1335.3201904296875,1335.5263671875,1282.04931640625,1294.3861083984375,16034549271,0.031759279939756135,1351.0485150503914,1437.7468781907596,1522.6090901679372,1625.8291980736922,2100.163647024429,0.031265383978659585,0.0393112260605751,53.47705078125,96.12198311941964,0.071984220569966,-100,Strong Bearish,High,17.0
1330.127685546875,1330.127685546875,1396.8914794921875,1308.991455078125,1335.3370361328125,17870598937,-0.003888584116399585,1346.8643491496882,1427.9633152231336,1515.0607997906407,1619.9737225781116,2094.0279023114604,-0.003896164316827129,0.03622792961964717,87.9000244140625,89.41861397879464,0.06722558664887172,-100,Strong Bearish,Medium,23.19
1337.410888671875,1337.410888671875,1351.9644775390625,1267.8692626953125,1329.5413818359375,18994979566,0.005475566897929385,1344.9736570541256,1419.7312764457463,1508.0941366095126,1614.378418936404,2087.999081485647,0.005460630480265401,0.026423389350415275,84.09521484375,89.84503173828125,0.06717833128119846,-100,Strong Bearish,Medium,23.21
1335.65234375,1335.65234375,1348.107666015625,1293.193359375,1337.554443359375,13796915736,-0.0013148875463555587,1343.1093943933006,1412.0877371097693,1501.3317133601201,1608.859090714891,2082.0042867626535,-0.0013157527695159426,0.015334799232797538,54.914306640625,80.70989118303571,0.06042731969940116,-100,Strong Bearish,Medium,24.89
1327.9786376953125,1327.9786376953125,1368.743408203125,1320.3831787109375,1335.646484375,14250100093,-0.005745287005705868,1340.083243053703,1404.4414553448187,1494.5335535301278,1603.2971015461862,2075.996114260125,-0.005761854654836134,0.015540584603083973,48.3602294921875,79.52255684988839,0.059882406683814296,-100,Strong Bearish,Medium,25.03
1311.6444091796875,1311.6444091796875,1332.5164794921875,1306.1025390625,1328.1937255859375,6227961237,-0.012300068730000668,1334.3954762788999,1396.0053602388975,1487.3614302222675,1597.5218007072456,2069.9056624268146,-0.012376340653965177,0.016014077432199632,26.4139404296875,77.26511928013393,0.05890706256923409,-100,Strong Bearish,Medium,25.27
1276.093505859375,1276.093505859375,1316.330078125,1275.3360595703125,1311.75341796875,7578351650,-0.027104071096941795,1322.735082194995,1385.1042825680317,1479.0764135805853,1591.1568839775846,2063.5804659601417,-0.027478161506315324,0.017968795301375604,40.9940185546875,70.3184814453125,0.05510448969643261,-100,Strong Bearish,Low,31.22
1323.439208984375,1323.439208984375,1326.554443359375,1271.15087890625,1276.1634521484375,10153070907,0.037102064157215064,1322.875907552871,1379.4983667876993,1472.9729937924988,1585.855543878709,2057.6829260639206,0.03643034692804469,0.01959554094017905,55.403564453125,67.07221330915179,0.05068023741009148,-100,Strong Bearish,Low,32.33
1362.1265869140625,1362.1265869140625,1364.970947265625,1320.07666015625,1323.2783203125,10139774963,0.02923245561039156,1330.7260434251093,1377.919114071914,1468.6260758756973,1581.4252675031714,2052.140644477069,0.028813335722636096,0.02254484133778946,44.894287109375,65.79578508649554,0.0483037228100494,-100,Strong Bearish,Low,32.92
1352.837158203125,1352.837158203125,1362.4517822265625,1320.8551025390625,1361.972900390625,9774451820,-0.006819798394790189,1335.1482663807126,1375.6389362656603,1464.0853340061847,1576.8987702893091,2046.568505144209,-0.00684315949242965,0.02283481060087334,41.5966796875,57.691964285714285,0.04264516533707746,-100,Strong Bearish,Low,34.34
1351.70947265625,1351.70947265625,1380.4049072265625,1349.449951171875,1352.806640625,12033514861,-0.0008335707960394068,1338.4605076358202,1373.4635304829867,1459.6784374826577,1572.4395762767733,2041.0317797857392,-0.0008339184093623792,0.02282514577412566,30.9549560546875,53.10377720424107,0.03928638385576052,-100,Strong Bearish,Low,35.18
1332.5169677734375,1332.5169677734375,1359.328125,1321.74609375,1351.83642578125,10061619355,-0.01419869082155445,1337.271799663344,1369.7411156912094,1454.6917131803352,1567.688633534133,2035.3862434350435,-0.014300456675176725,0.023508743806876908,37.58203125,49.85321044921875,0.0374128147370016,-100,Strong Bearish,Low,35.65
1315.50048828125,1315.50048828125,1335.954833984375,1307.072998046875,1332.371337890625,5804676208,-0.012770178469562854,1332.9175373869252,1364.8101495630312,1449.233233772528,1562.69480887566,2029.6501019597144,-0.012852418091934563,0.02355280852285655,28.8818359375,49.515127999441965,0.037639764059787854,-100,Strong Bearish,Low,35.59
1322.604248046875,1322.604248046875,1327.6688232421875,1309.3446044921875,1315.460205078125,5486230123,0.005400043427506773,1330.8548795189154,1360.973249425199,1444.2673911950512,1557.940540344397,2024.0162704544327,0.005385515470594665,0.02008527869949924,18.32421875,46.699454171316965,0.03530871327555412,-100,Strong Bearish,Low,36.17
1291.337646484375,1291.337646484375,1335.6627197265625,1291.337646484375,1322.61865234375,8794491050,-0.023640179296771646,1322.9514329120072,1354.642740066942,1438.2701463044366,1552.6612751194461,2018.1781937694125,-0.023924091757363534,0.017139863061631597,44.3250732421875,46.045741489955354,0.03565739883392496,-100,Strong Bearish,Low,36.09
1279.57568359375,1279.57568359375,1296.27392578125,1272.7376708984375,1291.109619140625,9274845260,-0.009108355915005362,1314.276283048356,1347.8184622057427,1432.0468340412724,1547.25363964369,2012.2929148038693,-0.009150090604978236,0.009521325267452621,23.5362548828125,41.448329380580354,0.032392245266939367,-100,Strong Bearish,Low,36.9
1294.9063720703125,1294.9063720703125,1303.0751953125,1277.5274658203125,1279.7322998046875,8355638578,0.011981072064065401,1310.4023008527472,1343.008272193431,1426.668776709078,1542.2566640481775,2006.5766873717293,0.011909867196354756,0.012407563044520729,25.5477294921875,37.266366141183035,0.02877919743463854,-100,Strong Bearish,Low,37.81
1288.1239013671875,1288.1239013671875,1297.564208984375,1209.2781982421875,1294.9173583984375,17499038202,-0.005237807805579919,1305.9466209556354,1338.0187839364996,1421.2356443427295,1537.2243321139006,2000.8519639772708,-0.0052515732089481165,0.012196591094395736,88.2860107421875,39.650059291294646,0.030781246469544513,-100,Strong Bearish,Low,37.3
1297.422119140625,1297.422119140625,1339.7447509765625,1285.3782958984375,1288.0487060546875,13113767755,0.007218418789969316,1304.2417205926333,1334.3281780459656,1416.3802119818627,1532.4757734411623,1995.2469452933133,0.007192490703478946,0.012712613063466414,54.366455078125,40.079075404575896,0.030891315026387187,-100,Strong Bearish,Low,37.28
1274.8717041015625,1274.8717041015625,1300.7459716796875,1268.468505859375,1297.305908203125,6798512624,-0.017380939253601735,1298.3677172944192,1328.9230440510198,1410.8308587316549,1527.3747027611703,1989.5069035308293,-0.017533761159325558,0.01337336668045599,32.2774658203125,40.497898646763396,0.0317662542171672,-100,Strong Bearish,Low,37.06
1306.296630859375,1306.296630859375,1312.634521484375,1275.0054931640625,1275.0054931640625,7491625206,0.024649481713894028,1299.9535000074104,1326.8660973972337,1406.7314772464674,1522.9969191591545,1984.0629969756783,0.024350585046003355,0.017105734744293243,37.7628173828125,40.267098563058035,0.030825386525392375,-100,Strong Bearish,Low,37.29
1331.713623046875,1331.713623046875,1335.6478271484375,1297.447265625,1306.3095703125,9401189650,0.019457289858260562,1306.3055246153033,1327.3067815472011,1403.7896006111894,1519.209131117327,1978.8649939961658,0.019270416930953306,0.015498381268291521,38.2005615234375,39.03831263950893,0.029314345039282385,-100,Strong Bearish,Low,37.67
1310.447021484375,1310.447021484375,1339.0859375,1291.66064453125,1331.669921875,10416747806,-0.01596935046278447,1307.1338239891177,1325.7740760869442,1400.1291073120988,1515.0752279562785,1973.538954374558,-0.01609823451129519,0.016687575072997226,47.42529296875,39.21909877232143,0.029928030763042224,-100,Strong Bearish,Low,37.52
1285.7442626953125,1285.7442626953125,1312.4423828125,1283.96533203125,1310.5631103515625,8350692785,-0.01885063522910002,1302.8559117303566,1322.1350021422504,1395.6434271310484,1510.534020723388,1968.0585185842851,-0.01903057334023134,0.01809768316031136,28.47705078125,38.281982421875,0.029774181019189834,-100,Strong Bearish,Low,37.56
1283.200927734375,1283.200927734375,1307.8551025390625,1275.323974609375,1285.6602783203125,9009111996,-0.001978103293734268,1298.9249149311604,1318.5955408324435,1391.2339173507867,1506.032375317665,1962.6014859878715,-0.001980062323923632,0.01801206341983934,32.5311279296875,38.394566127232146,0.02992093077350073,-100,Strong Bearish,Low,37.52
1299.9464111328125,1299.9464111328125,1305.081298828125,1260.666748046875,1283.1881103515625,10412565245,0.013049775009127629,1299.1292141714907,1316.9001654052042,1387.6540151461602,1501.9514651357865,1957.3213658695045,0.012965360297434125,0.018549618614754976,44.41455078125,38.882603236607146,0.029910927791803106,-100,Strong Bearish,Low,37.52
1314.2991943359375,1314.2991943359375,1317.10107421875,1295.9468994140625,1299.90234375,7175324564,0.011041057600688076,1302.1632102043802,1316.6637134898165,1384.7773555065437,1498.2355785852944,1952.1976832278028,0.01098055009473197,0.017057168851254634,21.1541748046875,38.33062744140625,0.02916430871037182,-100,Strong Bearish,Low,37.71
1363.447021484375,1363.447021484375,1367.7607421875,1302.9088134765625,1314.24951171875,9909510925,0.03739470233280473,1314.419972460379,1320.9167414893218,1383.9408718193997,1495.5664982466624,1947.506442895186,0.03671247624466532,0.019879341074475466,64.8519287109375,41.65403529575893,0.03055053451978683,-100,Strong Bearish,Low,37.36
1344.99853515625,1344.99853515625,1368.425537109375,1327.85400390625,1363.4918212890625,13092820173,-0.013530768733529763,1320.5356849995533,1323.1059954590426,1382.4137213620213,1492.5849544230898,1942.705583072565,-0.013623143801651505,0.020137979893074014,40.571533203125,41.38592529296875,0.030770238190750816,-100,Strong Bearish,Low,37.31
1461.6654052734375,1461.6654052734375,1509.9854736328125,1336.9788818359375,1344.7113037109375,25367291294,0.0867412618435559,1348.7616290543301,1335.7023054421693,1385.5216305350182,1491.9726861230968,1938.8725936080302,0.08318355022278977,0.035128053563639385,173.006591796875,52.0623779296875,0.03561853331265513,-60,Bearish,Low,46.1
1566.566650390625,1566.566650390625,1584.63671875,1460.4287109375,1461.1331787109375,32705548427,0.07176830260791678,1392.3226333215891,1356.6899731647563,1392.621435235238,1493.4497943264141,1935.9060123871743,0.06930990366099621,0.03645611355027836,124.2080078125,59.10954066685268,0.03773190285399836,-60,Bearish,Low,45.57
1514.3748779296875,1514.3748779296875,1574.4034423828125,1510.8167724609375,1566.8414306640625,22813499245,-0.03331602421634816,1416.7330822432089,1371.0249645070228,1397.396080046785,1493.864152417568,1932.547198566796,-0.03388364585290344,0.04237487765940687,63.586669921875,57.345302036830354,0.03786730939120406,-60,Bearish,Low,45.53
1555.4779052734375,1555.4779052734375,1568.6339111328125,1493.87109375,1514.3231201171875,19974623205,0.027141910462713303,1444.4820468492546,1387.7934136676058,1403.5953673105755,1495.0842267315456,1929.5426623652552,0.026780101013655827,0.04211448386740888,74.7628173828125,58.80218505859375,0.03780329174669756,-60,Bearish,Low,45.55
1619.698486328125,1619.698486328125,1652.3822021484375,1549.983642578125,1555.274658203125,21618154775,0.04128672020153079,1479.5253347450287,1408.8756930003804,1412.0699994289107,1497.551835832468,1927.0737844685448,0.04045717937677171,0.04187774570100526,102.3985595703125,63.81083461216518,0.0393967365844893,-60,Bearish,Low,45.15
1590.7833251953125,1590.7833251953125,1637.037841796875,1579.4852294921875,1619.6978759765625,13930073427,-0.017852187537918507,1501.7769328350855,1425.4127504726468,1419.0783651452402,1499.398003938663,1924.3941792153714,-0.018013460099468862,0.0453472372305769,57.5526123046875,65.22439139229911,0.04100143015032611,-20,Neutral,Low,54.75
1572.7144775390625,1572.7144775390625,1630.452880859375,1555.9189453125,1590.4813232421875,19306919714,-0.011358459301194612,1515.964441775881,1438.8038165695937,1425.103310729312,1500.8498152970867,1921.5919505167556,-0.011423459268426934,0.04506574324612924,74.533935546875,67.81963239397321,0.043122660446348396,-20,Neutral,Low,54.22
1579.70458984375,1579.70458984375,1606.605712890625,1568.0985107421875,1572.6453857421875,14507311208,0.004444616238050703,1528.7124713894548,1451.6129777763351,1431.1661059887017,1502.411295981179,1918.8677484396799,0.004434768101308678,0.036329408901622805,38.5072021484375,67.18262590680804,0.04252860081482269,-20,Neutral,Low,54.37
1519.7117919921875,1519.7117919921875,1613.41064453125,1507.2447509765625,1579.4979248046875,23254218281,-0.03797722576567086,1526.9123355100014,1457.8037790686853,1434.6384858319757,1502.7538800606048,1915.6872228902973,-0.038717154756392515,0.029844036754553955,106.1658935546875,72.73182896205357,0.04785896203826223,-20,Neutral,Low,53.04
1531.541748046875,1531.541748046875,1556.7596435546875,1517.1016845703125,1519.724853515625,14248351007,0.007784341818641627,1527.8382180173762,1464.5072307939754,1438.4386137619717,1503.3239368524123,1912.626302772023,0.007754200150845921,0.026986411697174,39.657958984375,73.24088832310268,0.04782167277940963,-20,Neutral,Low,53.04
1645.0933837890625,1645.0933837890625,1661.334716796875,1529.2684326171875,1531.3975830078125,20806964347,0.074142044046136,1551.2892511717134,1480.9241537935286,1446.542722390485,1506.1312526333359,1910.4945663657843,0.07152224436768091,0.03727773847353192,132.0662841796875,79.50172642299107,0.04832657355892993,-20,Neutral,Low,52.92
1627.968017578125,1627.968017578125,1660.4864501953125,1625.9642333984375,1645.156494140625,11006973190,-0.010409966011469485,1566.6250044529959,1494.2917777739465,1453.657439848824,1508.5438618401633,1908.2433588057233,-0.010464528701810014,0.03477313588048106,34.522216796875,80.45658656529018,0.04942147861417009,-20,Neutral,Low,52.64
1572.2347412109375,1572.2347412109375,1634.1324462890625,1572.2347412109375,1627.901123046875,11632744705,-0.034234871794410315,1567.7469518045843,1501.377501722764,1458.3075300983187,1509.8050673722578,1905.5659993029763,-0.03483461283610738,0.036805898730843,61.897705078125,80.24557059151786,0.051039179130282164,-20,Neutral,Low,52.24
1568.59130859375,1568.59130859375,1604.475341796875,1550.41552734375,1572.0169677734375,15279963349,-0.002317359184151657,1567.9158231624176,1507.4878478019443,1462.632384156963,1510.9691513568416,1902.8809420064886,-0.0023200484163604517,0.03656409683211245,54.059814453125,81.20901925223214,0.051771942638797634,-20,Neutral,Medium,47.06
1332.8355712890625,1332.8355712890625,1574.7998046875,1259.443115234375,1568.32958984375,42048003440,-0.1502977455077471,1520.8997727877468,1491.610368118955,1457.5423130641043,1507.441753731737,1898.3387478175052,-0.16286927969588255,0.07118542257892746,315.356689453125,91.37688337053571,0.06855825680144463,-20,Neutral,High,37.86
1100.1697998046875,1100.1697998046875,1335.7435302734375,1083.28564453125,1333.1224365234375,38864492427,-0.17456449729905577,1436.753778191135,1456.0248619085671,1443.52770470099,1499.3769625648647,1891.9788358811481,-0.19184414986642734,0.09567754085579679,252.4578857421875,100.53758893694196,0.09138370182020115,-60,Bearish,High,22.15
1299.464599609375,1299.464599609375,1341.7911376953125,1093.12255859375,1100.107177734375,28581002122,0.18114912792558768,1409.2959424747833,1441.7921107904585,1437.8781711679856,1495.4183019122809,1887.257606906871,0.16648780183080164,0.12492339219056803,248.6685791015625,113.75772530691964,0.08754199640460827,-60,Bearish,High,23.11
1287.2210693359375,1287.2210693359375,1302.2952880859375,1211.32958984375,1298.8824462890625,20920539099,-0.009421980619647496,1384.880967847014,1427.7401979309566,1431.9700495275133,1491.2955844355217,1882.4764392768236,-0.009466648272293352,0.1182299373085149,90.9656982421875,114.91507393973214,0.08927376709193821,-100,Strong Bearish,High,12.68
1255.268310546875,1255.268310546875,1288.15087890625,1242.1522216796875,1287.4383544921875,10964962767,-0.02482305452438449,1358.9584363869862,1412.0609354414946,1425.0405695674883,1486.6217770317862,1877.4787649443142,-0.025136341911160882,0.11785100302024663,45.9986572265625,110.88650948660714,0.08833689861755364,-100,Strong Bearish,High,12.92
1221.8192138671875,1221.8192138671875,1271.7125244140625,1208.52099609375,1255.4412841796875,10717455214,-0.026646969734394843,1331.5305918830265,1394.766233480194,1417.0711046380648,1481.3781619196159,1872.2543860512694,-0.027008436018424144,0.11791362991968715,63.1915283203125,111.28928920200893,0.0910849067840131,-100,Strong Bearish,High,12.23
1241.604248046875,1241.604248046875,1284.2176513671875,1178.4290771484375,1221.8955078125,15028035663,0.016193094653558227,1313.5453231157962,1380.8424166226193,1410.1900514384101,1476.6301636251062,1867.2292853500394,0.016063384891228275,0.11898917887671512,105.78857421875,113.52176339285714,0.09143151980305667,-100,Strong Bearish,High,12.14
1251.7362060546875,1251.7362060546875,1283.19873046875,1238.688232421875,1241.677734375,11798011594,0.008160376403149927,1301.1834997035744,1369.1054883891711,1403.9761751488525,1472.1768179306423,1862.324958024977,0.008127260568099008,0.10466961037102253,44.510498046875,113.95057024274554,0.09103401315034512,-100,Strong Bearish,High,12.24
1215.6025390625,1215.6025390625,1264.486328125,1192.98779296875,1251.808837890625,11939561598,-0.028866838569826303,1284.0673075753598,1355.150674814019,1396.5889737337016,1467.096139141174,1857.171791340017,-0.02929168164834802,0.06943705115105978,71.49853515625,111.47433035714286,0.09170294300562613,-100,Strong Bearish,High,12.07
1200.80859375,1200.80859375,1224.9656982421875,1189.1527099609375,1215.8486328125,9723646871,-0.012170051342529575,1267.415564810288,1341.1195765354719,1388.9113117735565,1461.8231184403587,1851.9418057018495,-0.012244712791506736,0.017759147693196146,35.81298828125,111.19968959263393,0.09260400880823887,-100,Strong Bearish,High,11.85
1212.30029296875,1212.30029296875,1226.7374267578125,1200.8021240234375,1200.8021240234375,7979913378,0.009569967502366605,1256.3925104419804,1329.4087325748608,1381.9853894674857,1456.882072391416,1846.8450605804703,0.009524465435230129,0.0194521762739585,25.935302734375,103.61890520368304,0.08547296887138019,-100,Strong Bearish,High,13.63
1218.4267578125,1218.4267578125,1227.8372802734375,1200.4755859375,1212.2154541015625,5978745776,0.005053586870582327,1248.7993599160843,1319.3194621419188,1375.5713254810157,1452.1601849740118,1841.8377434269407,0.005040860358800193,0.018487985359072794,27.3616943359375,103.10743931361607,0.08462342003940376,-100,Strong Bearish,High,13.84
1142.4666748046875,1142.4666748046875,1224.0777587890625,1137.9332275390625,1218.436279296875,9651002684,-0.062342756772829966,1227.532822893805,1303.2419360203523,1366.4299666309637,1446.0276402181837,1836.2650655893133,-0.06437080909304099,0.028715742147219968,86.14453125,104.83935546875,0.09176578869285006,-100,Strong Bearish,High,12.06
1108.35302734375,1108.35302734375,1142.395751953125,1084.8572998046875,1142.395751953125,14080099208,-0.0298596433605115,1203.696863783794,1285.5247625042975,1356.3093023451906,1439.34101422067,1830.4649696670378,-0.030314520385908678,0.027115243113993947,57.609375,105.0928955078125,0.09481897275967693,-100,Strong Bearish,High,11.3
1135.1734619140625,1135.1734619140625,1136.442626953125,1081.13818359375,1107.89599609375,12040670755,0.024198458350936924,1189.9921834098477,1271.8564624506398,1347.6373086027934,1433.3178943730145,1824.9247982905201,0.023910314822505673,0.029981761515849373,55.304443359375,86.51773507254464,0.07621543136382306,-100,Strong Bearish,High,15.95
1183.1995849609375,1183.1995849609375,1184.997314453125,1130.0228271484375,1135.4215087890625,11242676044,0.04230729897957275,1188.6336637200657,1263.7967463152122,1341.1887704207597,1428.3650565628745,1819.811449977137,0.04143681250133044,0.03538611759796984,54.9744873046875,72.41177804129464,0.061199969102157234,-100,Strong Bearish,Medium,24.7
1203.983154296875,1203.983154296875,1211.62744140625,1180.3797607421875,1183.3450927734375,9706372376,0.01756556510001106,1191.7035618354275,1258.359147040818,1335.8081580237447,1423.9218505774093,1814.9044516051829,0.017413073703338357,0.03598524892110412,31.2476806640625,56.8817138671875,0.04724460941515944,-100,Strong Bearish,Low,33.19
1198.9259033203125,1198.9259033203125,1203.7994384765625,1174.8233642578125,1203.7994384765625,5483308196,-0.004200433335394882,1193.1480301324045,1252.9561248844084,1330.4402264667474,1419.4664852851895,1809.9962560013194,-0.004209279937229201,0.03577719541060097,29.1597900390625,52.467006138392854,0.04376167534047802,-100,Strong Bearish,Low,34.06
1205.89794921875,1205.89794921875,1227.0380859375,1198.097900390625,1198.79052734375,5074160558,0.005815243360018485,1195.6980139496736,1248.678108914803,1325.5562155942769,1415.2374053630817,1805.1827236763586,0.005798400099244531,0.03580171444925114,28.940185546875,51.248543875558035,0.0424982428312112,-100,Strong Bearish,Low,34.38
1195.126953125,1195.126953125,1220.3494873046875,1195.0390625,1205.9052734375,4486976868,-0.008931930020055212,1195.583801784739,1243.809822024821,1320.4413425562661,1410.878782546486,1800.321721520571,-0.008972058837567288,0.023638394718571685,25.3104248046875,48.542750767299104,0.04061723370924758,-100,Strong Bearish,Low,34.85
1170.086181640625,1170.086181640625,1198.7376708984375,1156.0625,1194.9603271484375,7275411870,-0.02095239457105269,1190.4842777559163,1237.1076728989851,1314.5450617360448,1406.1106122315184,1795.2999243900535,-0.021175011046580646,0.02141824928246352,42.6751708984375,44.03465053013393,0.03763368136558212,-100,Strong Bearish,Low,35.59
1216.9012451171875,1216.9012451171875,1222.1641845703125,1163.4775390625,1169.8743896484375,7639405818,0.040009927654150346,1195.7676712281705,1235.2707249188215,1310.715892456874,1402.3638920906405,1790.6911699735367,0.039230258929018644,0.02397561147462917,58.6866455078125,45.047232491629465,0.03701798537258578,-100,Strong Bearish,Low,35.75
1295.6885986328125,1295.6885986328125,1302.0386962890625,1215.4979248046875,1216.9287109375,9836925304,0.06474424595402373,1215.7518567090988,1240.7632588928207,1310.1265868167147,1400.2515100419707,1786.7469263771964,0.06273462567793704,0.029381840119573482,86.540771484375,46.121677943638396,0.0355962674922857,-100,Strong Bearish,Low,36.1
1276.27392578125,1276.27392578125,1295.9998779296875,1267.70849609375,1295.76953125,6857935276,-0.014984057799110495,1227.856270523529,1243.9915013372233,1308.7990314819906,1397.7965083734416,1782.6794124282249,-0.015097452965501133,0.031083447646961578,28.2913818359375,45.584420340401785,0.035716799833936934,-100,Strong Bearish,Low,36.07
1294.3033447265625,1294.3033447265625,1294.3033447265625,1269.2431640625,1276.32861328125,6213645709,0.014126606037395906,1241.1456853641357,1248.5653052817086,1308.230573177856,1395.7471387962757,1778.7879696576938,0.01402775539992225,0.030618091331718684,25.0601806640625,45.52191162109375,0.03517097580452503,-100,Strong Bearish,Low,36.21
1243.3348388671875,1243.3348388671875,1299.84033203125,1241.431884765625,1294.45654296875,5672609405,-0.03937910387625765,1241.5835160647462,1248.0898083349339,1305.6856424205748,1392.7290734511453,1774.5214108466141,-0.04017543678819541,0.03630604900620546,58.408447265625,47.739536830357146,0.038396363825735816,-100,Strong Bearish,Low,35.4
1280.256591796875,1280.256591796875,1281.4923095703125,1242.9117431640625,1243.21923828125,5174128454,0.029695743878074943,1249.318131211172,1251.0140613769286,1304.6884247490573,1390.5018955966052,1770.5830457545844,0.02926336431092535,0.03683699175933731,38.58056640625,44.342110770089285,0.034635330959596096,-100,Strong Bearish,Low,36.34
1259.6767578125,1259.6767578125,1302.237548828125,1252.472412109375,1279.9989013671875,6120359523,-0.016074772913678648,1251.3898565314375,1251.8015792347078,1302.9232613397805,1387.9112988088011,1766.512079316799,-0.01620537355058696,0.03618192054219558,49.76513671875,43.781808035714285,0.034756383146851,-100,Strong Bearish,Low,36.31
1271.65380859375,1271.65380859375,1271.9232177734375,1247.6298828125,1259.854248046875,5089212680,0.009508035062938625,1255.4426469439002,1253.6063273582572,1301.6970082909168,1385.6091702896913,1762.5689855261771,0.009463118187259801,0.03392691780634213,24.2933349609375,41.56672886439732,0.03268714219506299,-60,Bearish,Low,46.83
1232.4375,1232.4375,1272.694091796875,1224.447998046875,1271.5531005859375,5752205180,-0.030838824473082838,1250.8416175551201,1251.6818885075065,1298.9809491422534,1382.576067907717,1758.3448302630202,-0.0313243491098491,0.025399037214236236,48.24609375,41.086129324776785,0.033337292418298525,-100,Strong Bearish,Low,36.67
1281.1163330078125,1281.1163330078125,1286.229736328125,1226.3585205078125,1232.4517822265625,6227269815,0.0394980134958669,1256.8965606456586,1254.3577470984435,1298.2803759605106,1380.5669642463326,1754.5422127550105,0.0387379172952175,0.030274150668921578,59.8712158203125,43.130667550223215,0.03366647230931853,-60,Bearish,Low,46.58
1264.2847900390625,1264.2847900390625,1290.055419921875,1260.8187255859375,1281.0772705078125,5706183865,-0.013138184671514397,1258.3742065243396,1255.2602055475907,1296.947215728297,1378.2643469352977,1750.6357791078715,-0.01322525408327693,0.03000182924997543,29.2366943359375,43.136160714285715,0.03411902211759816,-60,Bearish,Low,46.47
1266.3841552734375,1266.3841552734375,1279.5279541015625,1262.119873046875,1264.37548828125,3282499999,0.0016605160885547754,1259.9761962741593,1256.2714737044857,1295.7486643379104,1376.0488975954588,1746.7772004319,0.0016591389560043366,0.02523162637858942,17.4080810546875,42.31243896484375,0.03341200913533828,-60,Bearish,Low,46.65
1263.8685302734375,1263.8685302734375,1281.783203125,1260.6636962890625,1266.4178466796875,3362005848,-0.0019864627881867047,1260.7546630740148,1256.962115210754,1294.4984630020488,1373.8275041831416,1742.9293225820318,-0.001988438422173628,0.02233050480430689,21.1195068359375,42.013087681361604,0.03324165977316651,-60,Bearish,Low,46.69
1274.6190185546875,1274.6190185546875,1275.6103515625,1243.477783203125,1263.573486328125,5151109364,0.00850601785212901,1263.5275341701495,1258.5672882420206,1293.7188769452894,1371.8629797152514,1739.1977663746427,0.008470045525837319,0.0216212945510914,32.132568359375,41.260044642857146,0.03237049192129788,-60,Bearish,Low,46.91
1320.5491943359375,1320.5491943359375,1341.4393310546875,1258.472412109375,1274.6624755859375,8812883119,0.03603443469196854,1274.9318662033072,1264.2020069778312,1294.7710462547266,1370.8468651532846,1735.8619211791154,0.03540038140457801,0.025116478830964697,82.9669189453125,42.994349888392854,0.03255793125527092,-60,Bearish,Low,46.86
1309.3287353515625,1309.3287353515625,1346.1744384765625,1305.8333740234375,1320.6885986328125,7830915428,-0.008496812562910572,1281.8112400329583,1268.3044368299886,1295.3419360232301,1369.6286843651317,1732.4632503757086,-0.008533116264882437,0.020642725390116055,40.341064453125,39.694370814732146,0.030316581117479233,-60,Bearish,Low,47.42
1266.3538818359375,1266.3538818359375,1311.067138671875,1262.6893310546875,1309.1907958984375,6032859783,-0.03282205022719986,1278.7197683935542,1268.1271136487112,1294.2051495845128,1367.5836387704942,1728.7492315028817,-0.03337277794308664,0.021110460412990365,48.3778076171875,41.129115513392854,0.03247837441281783,-60,Bearish,Low,46.88
1168.2593994140625,1168.2593994140625,1278.156982421875,1162.1756591796875,1266.4605712890625,9297811507,-0.07746214058242495,1256.627694597656,1259.0482305364703,1289.2661005582206,1363.6366241297726,1724.283177063927,-0.0806268638905218,0.036804665319870346,115.9813232421875,47.623482840401785,0.04076447650606297,-100,Strong Bearish,Low,34.81
1188.1495361328125,1188.1495361328125,1189.0450439453125,1165.4078369140625,1168.0667724609375,5077258586,0.017025445486444024,1242.9320629046874,1252.6028946815923,1285.3007450905577,1360.1616322882487,1720.0111958612888,0.016882136897420408,0.038123083300672767,23.63720703125,45.139822823660715,0.037991701760522294,-100,Strong Bearish,Low,35.5
1184.7152099609375,1184.7152099609375,1194.2144775390625,1176.185791015625,1188.1285400390625,3350092519,-0.0028904831146532306,1231.2886923159374,1246.4312869797145,1281.356214301161,1356.6874457075098,1715.7458892007282,-0.002894668628354817,0.03809639882149001,18.0286865234375,43.67183140345982,0.036862725350592714,-100,Strong Bearish,Low,35.78
1167.60986328125,1167.60986328125,1192.923828125,1160.377197265625,1184.75830078125,4943628091,-0.014438361671959554,1218.552926509,1239.2657030071266,1276.895573084694,1352.9433351644157,1711.378271464318,-0.014543609111301281,0.03729805349820211,32.546630859375,42.44193812779018,0.03634941726898286,-100,Strong Bearish,Low,35.91
1217.70361328125,1217.70361328125,1224.0926513671875,1165.5994873046875,1167.8826904296875,6684951715,0.04290281503722926,1218.38306386345,1237.305513032047,1274.5743197590687,1350.2653208696993,1707.4446088493135,0.04200799338122731,0.03876781795305528,58.4931640625,44.88478306361607,0.03686018713754867,-100,Strong Bearish,Low,35.78
1213.5999755859375,1213.5999755859375,1218.1922607421875,1206.4400634765625,1217.58642578125,4217182733,-0.0033699807166168716,1217.4264462079475,1235.1504641733097,1272.1831690071813,1347.5590764086346,1703.5095918511988,-0.0033756718913286222,0.038884274172252487,11.752197265625,42.278076171875,0.03483691251020563,-100,Strong Bearish,Low,36.29
1218.18212890625,1218.18212890625,1221.98681640625,1187.1278076171875,1213.672607421875,5297471739,0.003775670247603724,1217.577582747608,1233.6078882399406,1270.065481160086,1344.997156656112,1699.642440752036,0.0037685602956308416,0.03781753868231876,34.8590087890625,40.491489955357146,0.033239274320755796,-100,Strong Bearish,Low,36.69
1220.159423828125,1220.159423828125,1226.998779296875,1215.994873046875,1218.079345703125,4835831923,0.0016231521337866095,1218.0939509637114,1232.3853005661392,1268.108380872558,1342.5251223426867,1695.8218589438773,0.0016218362460934089,0.01838430080464372,11.00390625,39.18914794921875,0.032118055381867086,-100,Strong Bearish,Low,36.97
1221.1485595703125,1221.1485595703125,1224.91162109375,1216.3387451171875,1220.117919921875,2626153345,0.0008106610684399662,1218.7048726850317,1231.3637786574277,1266.2668192528622,1340.1216260501642,1692.0396015783508,0.0008103326602292066,0.01782433199991472,8.5728759765625,38.55806187220982,0.03157524247973343,-100,Strong Bearish,Low,37.11
1218.9620361328125,1218.9620361328125,1223.517822265625,1203.7196044921875,1221.1715087890625,3942720070,-0.0017905466295349282,1218.7563053745878,1230.2363475188263,1264.4117297187427,1337.7224262498207,1688.2700592242031,-0.001792151574256242,0.017758896513064688,19.7982177734375,38.46368408203125,0.031554456120765045,-100,Strong Bearish,Low,37.11
1226.974365234375,1226.974365234375,1226.974365234375,1214.3359375,1218.920166015625,3282098400,0.006573075177125132,1220.3999173465454,1229.9398036747853,1262.9435977781793,1335.5293953386238,1684.5943963238858,0.00655156671818168,0.015749845893869227,12.638427734375,37.07124546595982,0.030213545218508716,-100,Strong Bearish,Low,37.45
1212.7916259765625,1212.7916259765625,1230.4180908203125,1205.8956298828125,1226.987060546875,4091530737,-0.011559116196452335,1218.8782590725489,1228.3808784294922,1260.976853785959,1333.098944460167,1680.8350116996044,-0.011626442101575315,0.0058858482493424295,24.5224609375,32.896641322544646,0.02712472663723717,-100,Strong Bearish,Low,38.22
1189.986083984375,1189.986083984375,1213.12890625,1185.7021484375,1212.736572265625,4991669631,-0.018804171717317075,1213.0998240549143,1224.8904425708452,1258.1929020290343,1330.2650264309434,1676.92386486522,-0.01898321825514631,0.00916517833614387,27.4267578125,31.974190848214285,0.02686938215374468,-100,Strong Bearish,Low,38.28
1201.5953369140625,1201.5953369140625,1204.1416015625,1188.3602294921875,1190.0101318359375,4132233940,0.009755788816300015,1210.798926626744,1222.7727056929557,1255.9733896715845,1327.7171117870448,1673.1363865548522,0.009708508365278899,0.01010250273961359,15.7813720703125,29.6458740234375,0.024672094766590925,-100,Strong Bearish,Low,38.83
1199.2327880859375,1199.2327880859375,1202.03466796875,1187.4625244140625,1201.569580078125,4055668253,-0.001966176761464933,1208.4856989185828,1220.6327131832268,1253.7482680407747,1325.1728677533595,1669.3602622642632,-0.0019681122243845202,0.009980843989089341,14.5721435546875,22.402361188616073,0.018680577625276463,-100,Strong Bearish,Low,40.33
1196.771240234375,1196.771240234375,1205.088623046875,1194.2037353515625,1199.360107421875,3018513333,-0.002052602193683639,1206.1428071817413,1218.4634883696947,1251.513874793465,1322.630261267835,1665.5946126863357,-0.002054711668669348,0.009882096037804195,10.8848876953125,21.491481236049108,0.017957885779274096,-100,Strong Bearish,Low,40.51
