Adj Close,Close,High,Low,Open,Volume,Return,EMA_9,EMA_21,EMA_50,EMA_100,EMA_250,Log_Return,Volatility,True_Range,ATR,ATR_Percent,EMA_Score,Trend,Volatility_Regime,Market_Score
0.7742969989776611,0.7742969989776611,0.789355993270874,0.7556279897689819,0.7683579921722412,1576111969,0.007768801678457837,0.7777888935436803,0.7984343072308484,0.821653112423052,0.8340897417426045,0.842925485335679,0.007738779927137868,0.03055190935186055,0.03372800350189209,0.041662782430648804,0.053807237385212696,-100,Strong Bearish,Medium,26.55
0.7814229726791382,0.7814229726791382,0.788864016532898,0.7709490060806274,0.774308979511261,1029135167,0.00920315293858276,0.778515709370772,0.796887822271602,0.820075459884075,0.8330468354245161,0.842435425473874,0.009161061975865085,0.02893029113223761,0.017915010452270508,0.04133835434913635,0.05290138093509875,-100,Strong Bearish,Medium,26.77
0.778954029083252,0.778954029083252,0.7839620113372803,0.7709529995918274,0.7813079953193665,1005077258,-0.0031595482628586913,0.778603373313268,0.7952574774362975,0.818462854754631,0.8319756907444911,0.8419295976141877,-0.0031645501741034096,0.02910425046708482,0.01300901174545288,0.04052464025361197,0.05202443114814525,-100,Strong Bearish,Medium,26.99
0.7627419829368591,0.7627419829368591,0.7801799774169922,0.7523519992828369,0.7789989709854126,1406443014,-0.020812583979407218,0.7754310952379863,0.792301523390894,0.8162777225264831,0.8306047262334488,0.8412986206048066,-0.021032218592813234,0.02920808014351498,0.027827978134155273,0.04000763807977949,0.052452387537046556,-100,Strong Bearish,Medium,26.89
0.7526310086250305,0.7526310086250305,0.7680490016937256,0.7394639849662781,0.7627689838409424,1510069237,-0.013256087298220254,0.7708710779153951,0.7886951129576336,0.8137817729617204,0.829060692221401,0.8405921057683144,-0.013344733496182553,0.024650479856605977,0.02858501672744751,0.04030221274920872,0.05354843513933366,-100,Strong Bearish,Medium,26.61
0.739749014377594,0.739749014377594,0.753154993057251,0.726485013961792,0.7526140213012695,1446126322,-0.017115949382646933,0.764646665207835,0.7842454676321755,0.8108785275270488,0.827292144145286,0.8397885751596235,-0.017264120403197247,0.01729868261127617,0.026669979095458984,0.03486227989196777,0.047127173155208604,-100,Strong Bearish,Medium,28.22
0.7194210290908813,0.7194210290908813,0.7615829706192017,0.719402015209198,0.7397260069847107,1251475248,-0.027479570626824157,0.7556015379844443,0.7783523368556942,0.8072919589609246,0.8251560824610402,0.8388294712068844,-0.027864196642648047,0.014322312918136569,0.04218095541000366,0.034666278532573154,0.048186356988174604,-100,Strong Bearish,Medium,27.95
0.6357380151748657,0.6357380151748657,0.7282450199127197,0.623196005821228,0.7196090221405029,3150758603,-0.116319944138642,0.7316288334225287,0.7653873985210733,0.8005643533222556,0.8214052296434922,0.8372112125930835,-0.12366020961479711,0.043831170328355845,0.1050490140914917,0.03883199180875506,0.061081752045414425,-100,Strong Bearish,Medium,24.73
0.5960419774055481,0.5960419774055481,0.6517930030822754,0.5594210028648376,0.6360059976577759,3613862355,-0.06244087473422344,0.7045114622191326,0.7499923602378438,0.7925438679921888,0.8169425909853151,0.8352895453804338,-0.064475456176046,0.04218477190659676,0.09237200021743774,0.042052775621414185,0.07055337915034363,-100,Strong Bearish,Medium,22.36
0.6287559866905212,0.6287559866905212,0.633994996547699,0.5938259959220886,0.5961930155754089,1851934913,0.054885411640587245,0.6893603671134104,0.7389708717335417,0.786120813823496,0.8132161235735369,0.8336438596538209,0.05343214647035641,0.05391933441396627,0.04016900062561035,0.043151489325932095,0.06862994586033518,-100,Strong Bearish,Medium,22.84
0.6121389865875244,0.6121389865875244,0.6287699937820435,0.5586680173873901,0.6287699937820435,2759980202,-0.02642837675464682,0.6739160910082332,0.7274407003566311,0.7792979970691442,0.8092343980886654,0.8318788805855636,-0.026783883948294108,0.05379288622354227,0.07010197639465332,0.04437063421521868,0.07248457488808306,-100,Strong Bearish,Medium,21.88
0.617563009262085,0.617563009262085,0.6212289929389954,0.5898879766464233,0.6121439933776855,1731121388,0.008860769847053307,0.6626454746590036,0.717451819348036,0.7729554485276908,0.8054389250425945,0.8301711843997192,0.008821743591597134,0.05565468925073042,0.03134101629257202,0.04380142263003758,0.07092624068008076,-100,Strong Bearish,Medium,22.27
0.6220719814300537,0.6220719814300537,0.6525490283966064,0.6085879802703857,0.6175439953804016,2302112575,0.007301234206622098,0.6545307760132137,0.7087809249918559,0.7670384498179796,0.8018078964562076,0.8285130234198812,0.007274709227955732,0.05721344295840057,0.0439610481262207,0.04362707052912031,0.07013186870887186,-100,Strong Bearish,Medium,22.47
0.6087700128555298,0.6087700128555298,0.6235079765319824,0.5914649963378906,0.6219450235366821,1586137620,-0.021383326964742322,0.645378623381677,0.6996890238885534,0.7608318444469031,0.7979853641076793,0.8267620830966593,-0.021615262631482658,0.057205517543443864,0.0320429801940918,0.04321092792919704,0.07098071031210869,-100,Strong Bearish,Medium,22.25
0.6125119924545288,0.6125119924545288,0.6128609776496887,0.5933970212936401,0.608618974685669,1318006848,0.006146786996696241,0.6388052971962475,0.6917638392127329,0.7550153796628885,0.7943126240749436,0.8250549110596702,0.006127972561026966,0.03689419156588579,0.019463956356048584,0.04219206741877964,0.06888365932184073,-100,Strong Bearish,Medium,22.78
0.6169350147247314,0.6169350147247314,0.6234059929847717,0.6102579832077026,0.6124910116195679,958847124,0.00722111946327475,0.6344312407019443,0.6849612188047327,0.749600463390804,0.7908001961670186,0.8233965851924595,0.007195172018310343,0.02610902978167904,0.013148009777069092,0.04185156737055097,0.06783788627919686,-100,Strong Bearish,Medium,23.04
0.603181004524231,0.603181004524231,0.6225460171699524,0.5997710227966309,0.6170060038566589,870878596,-0.02229409884708422,0.6281811934664017,0.6775266538701415,0.743858523827409,0.7870849646493396,0.8216418793704019,-0.022546368738582578,0.016666627038219653,0.022774994373321533,0.04254913755825588,0.07054124257745355,-100,Strong Bearish,Medium,22.36
0.6191490292549133,0.6191490292549133,0.6223139762878418,0.5828480124473572,0.6030629873275757,1266538239,0.026473023206819102,0.626374760624104,0.672219597086939,0.7389679554128014,0.7837595005821232,0.8200283905248602,0.0261286767679695,0.017605922017622164,0.03946596384048462,0.04338042225156512,0.07006458897911753,-100,Strong Bearish,Medium,22.48
0.6292330026626587,0.6292330026626587,0.630316972732544,0.6130499839782715,0.6190059781074524,1183031072,0.01628682745393384,0.626946409031815,0.6683117248665499,0.7346646239324036,0.7806995699302526,0.8185081085498626,0.016155619800338594,0.018309599761633315,0.01726698875427246,0.04257199168205261,0.067656959348771,-100,Strong Bearish,Medium,23.09
0.6014829874038696,0.6014829874038696,0.6306949853897095,0.5991380214691162,0.6292399764060974,1182736030,-0.04410133470647959,0.6218537247062259,0.6622363850972153,0.7294418146567748,0.7771507267119084,0.8167788247160299,-0.04510337019593454,0.02543315952480403,0.03155696392059326,0.04292106202670506,0.07135872988189013,-100,Strong Bearish,Medium,22.16
0.6076840162277222,0.6076840162277222,0.6076840162277222,0.5923489928245544,0.6014149785041809,1042290345,0.010309566444460128,0.6190197830105252,0.6572770788363522,0.7246669990321061,0.773794950266677,0.8151127306244896,0.010256785321358975,0.024767025470441757,0.015335023403167725,0.04100349545478821,0.06747502708615369,-100,Strong Bearish,Medium,23.13
0.6558769941329956,0.6558769941329956,0.656495988368988,0.6051689982414246,0.6076200008392334,1543180484,0.07930598241572584,0.6263912252350192,0.6571497984087743,0.7219693517811606,0.7714599412343268,0.813843919975155,0.07631822570022077,0.038295669691738296,0.05132699012756348,0.037166208028793335,0.05666643038444027,-100,Strong Bearish,Medium,25.83
0.6671270132064819,0.6671270132064819,0.6836820244789124,0.6522679924964905,0.655830979347229,1760389771,0.017152635591918708,0.6345383828293119,0.6580568179358387,0.7198186718370556,0.769393942659518,0.812674860957078,0.01700718996610062,0.03836513627178176,0.031414031982421875,0.032812067440577915,0.04918413853888162,-100,Strong Bearish,Medium,27.7
0.6836469769477844,0.6836469769477844,0.6851930022239685,0.6623470187187195,0.6671270132064819,1095140341,0.024762846375985914,0.6443601016530064,0.6603831960278337,0.7184001739982606,0.7676959829424539,0.8116467503275218,0.02446121643106306,0.03548504923997738,0.022845983505249023,0.03157470907483782,0.046185692527752426,-100,Strong Bearish,Medium,28.45
0.8278189897537231,0.8278189897537231,0.8341550230979919,0.6744019985198975,0.6835920214653015,4197403037,0.21088663837820243,0.6810518792731497,0.6756046318210963,0.7226911079494552,0.768886537532776,0.8117756127930692,0.19135285026210688,0.07491887043470297,0.15975302457809448,0.03797835537365505,0.04587760832226577,-60,Bearish,Medium,38.53
0.8781939744949341,0.8781939744949341,0.9111369848251343,0.8061609864234924,0.8283770084381104,6159382645,0.06085265663716832,0.7204802983175066,0.6940218447914451,0.7287892595786897,0.7710510412349969,0.8123048427667892,0.05907297782720464,0.07425294336977728,0.10497599840164185,0.04323799695287432,0.04923513279368753,-60,Bearish,Medium,37.69
0.8706269860267639,0.8706269860267639,0.9090669751167297,0.8474010229110718,0.8775150179862976,3760269362,-0.0086165342600103,0.7505096358593581,0.7100768576310195,0.7343515233609671,0.7730228421219626,0.812769561039777,-0.008653871222865926,0.06765113720137685,0.06166595220565796,0.04450263295854841,0.051115614003240134,-60,Bearish,Medium,37.22
0.8300099968910217,0.8300099968910217,0.8946149945259094,0.8299070000648499,0.8708760142326355,3535002566,-0.04665257313135196,0.766409708065691,0.7209798702910197,0.7381028360484202,0.7741513006322409,0.8129069350306236,-0.04777588051697049,0.07668995912491357,0.06470799446105957,0.04683584826333182,0.05642805320269083,-60,Bearish,Medium,35.89
0.7602260112762451,0.7602260112762451,0.8299409747123718,0.7543309926986694,0.8299409747123718,3346204748,-0.08407607845226839,0.7651729687078019,0.7245477012896766,0.7389704115475506,0.7738755523281617,0.8124871667138556,-0.08782197283616645,0.08939538056801895,0.0756790041923523,0.0508512088230678,0.0668895934482698,-60,Bearish,Medium,33.28
0.8224080204963684,0.8224080204963684,0.8488379716873169,0.7530239820480347,0.7602499723434448,3457258389,0.08179410898573969,0.7766199790655153,0.7334440939448303,0.7422424746435827,0.7748365913017896,0.8125662173416047,0.07862087487347358,0.09192369618591162,0.09581398963928223,0.05675592167036874,0.06901187762749861,-60,Bearish,High,27.75
0.8102729916572571,0.8102729916572571,0.8442999720573425,0.7962769865989685,0.8222330212593079,2504198747,-0.014755484548639508,0.7833505815838637,0.7404285391914145,0.7449103380558837,0.7755383021999177,0.8125479446269883,-0.014865429579345592,0.09349931007931532,0.04802298545837402,0.05855934960501535,0.07227113603434257,-60,Bearish,High,26.93
0.8022180199623108,0.8022180199623108,0.8104739785194397,0.7825509905815125,0.8098729848861694,2401300497,-0.009941059097220317,0.7871240692595531,0.7460457647160414,0.7471576981306456,0.7760666134427374,0.8124656344702976,-0.009990801360280528,0.05762059956215287,0.027922987937927246,0.05773485132626125,0.07196902823122037,-60,Bearish,High,27.01
0.8523330092430115,0.8523330092430115,0.8558570146560669,0.7982959747314453,0.8022459745407104,2249706300,0.06247053548243042,0.8001658572562449,0.7557082414912205,0.7512822201350522,0.7775768391021488,0.8127833027951799,0.06059689012126122,0.05790295530560046,0.05756103992462158,0.06061299783842904,0.07111422082814989,-20,Neutral,High,37.22
0.8390359878540039,0.8390359878540039,0.8523769974708557,0.813139021396637,0.8523769974708557,2165008058,-0.015600734976599306,0.8079398833757967,0.7632834911605644,0.7547235443593248,0.7787938519487202,0.8129924875366844,-0.015723707089447633,0.05805362711124483,0.03923797607421875,0.06116164156368801,0.07289513495138711,-20,Neutral,High,36.78
0.7671729922294617,0.7671729922294617,0.8441330194473267,0.7582229971885681,0.8387140035629272,2798023719,-0.08564947947983215,0.7997865051465297,0.7636370821668277,0.7552117580012909,0.7785637359146754,0.8126273919565471,-0.08954127938275097,0.06489249070980958,0.08591002225875854,0.06620271291051592,0.0862943737345679,-20,Neutral,High,33.43
0.7858899831771851,0.7858899831771851,0.8039050102233887,0.7603300213813782,0.7672860026359558,2913093056,0.024397353839751945,0.7970072007526607,0.7656600731677692,0.7564148256552475,0.7787088101178934,0.8124143448746398,0.024104492208065466,0.05606908189742891,0.0435749888420105,0.06564899853297643,0.08353459127646795,-20,Neutral,High,34.12
0.8225280046463013,0.8225280046463013,0.8498160243034363,0.7736499905586243,0.7858650088310242,3325442943,0.04661978426165514,0.8021113615313888,0.770829885120363,0.7590074993411712,0.7795765169402381,0.8124949318050914,0.04556571814215703,0.04985798841552264,0.07616603374481201,0.06884557008743286,0.08369997094146045,-20,Neutral,High,34.08
0.7782959938049316,0.7782959938049316,0.8226720094680786,0.769985020160675,0.8225380182266235,3041836889,-0.053775689814220984,0.7973482879860975,0.7715086222735056,0.7597639108887696,0.7795511600464697,0.8122224303070821,-0.05527562367613735,0.054033521329114986,0.052686989307403564,0.07097707050187248,0.09119547198859387,-20,Neutral,High,32.2
0.70346599817276,0.70346599817276,0.7997499704360962,0.7019889950752258,0.7781599760055542,3580522306,-0.09614593448739583,0.7785718300234301,0.7653229291734378,0.7575561496057889,0.7780445231776834,0.811355845190474,-0.10108736357658499,0.06506800625684288,0.09776097536087036,0.06654906698635646,0.09460168246825922,-20,Neutral,High,31.35
0.722832977771759,0.722832977771759,0.7251909971237183,0.6787869930267334,0.7033330202102661,3539593096,0.02753079700981198,0.7674240595730959,0.7614602063187397,0.7561944565926897,0.7769512252488532,0.8106504836970977,0.027158639698019557,0.05923675190215985,0.04640400409698486,0.06236535310745239,0.08627906449385159,-20,Neutral,High,33.43
0.6987460255622864,0.6987460255622864,0.7389230132102966,0.6962800025939941,0.7228519916534424,2690184820,-0.03332298463155947,0.753688452770934,0.7557589171590621,0.7539415769444386,0.7754026074332775,0.8097588147079757,-0.03389084617942621,0.05923505957366579,0.04264301061630249,0.06100657156535557,0.08730864911362195,-60,Bearish,High,23.17
0.6962720155715942,0.6962720155715942,0.7128909826278687,0.6270939707756042,0.6985800266265869,5146799150,-0.00354064266584031,0.7422051653310662,0.7503510170147467,0.7516800255180527,0.7738356650201749,0.8088545374240205,-0.0035469255758273704,0.05241931619380753,0.0857970118522644,0.06251292995044164,0.08978233873024836,-100,Strong Bearish,High,12.55
0.7689030170440674,0.7689030170440674,0.7689030170440674,0.6857939958572388,0.696258008480072,3460713330,0.10431411840219917,0.7475447356736664,0.7520375624719576,0.7523554369504455,0.7737379888226282,0.8085361986162121,0.09922443492284388,0.06711472659985444,0.08310902118682861,0.06304364545004708,0.08199167392060568,-100,Strong Bearish,High,14.5
0.7509729862213135,0.7509729862213135,0.7881870269775391,0.7436460256576538,0.7686449885368347,3051695701,-0.023318975768469752,0.7482303857831958,0.7519407828128082,0.752301223196362,0.773287196691909,0.8080775276011133,-0.02359516516882758,0.0637595714210236,0.044541001319885254,0.05938128914151873,0.07907247028992188,-100,Strong Bearish,High,15.23
0.721992015838623,0.721992015838623,0.7648730278015137,0.710873007774353,0.7509660124778748,2733141782,-0.038591228864988336,0.7429827117942813,0.7492181676333368,0.7511126268293918,0.7722714505363983,0.8073915872683445,-0.03935560026972724,0.06226681661379871,0.054000020027160645,0.05980822018214634,0.08283778611135563,-100,Strong Bearish,High,14.29
0.782043993473053,0.782043993473053,0.7883219718933105,0.7131879925727844,0.721930980682373,3053923291,0.08317540404470702,0.7507949681300357,0.7522023336187655,0.7523256215997316,0.7724649662381143,0.8071896144094178,0.07989691616466195,0.05572477830303816,0.07513397932052612,0.06318043385233198,0.08078884868324099,-100,Strong Bearish,High,14.8
0.7848619818687439,0.7848619818687439,0.8006349802017212,0.7612339854240417,0.782069981098175,2877778057,0.003603363006697613,0.7576083708777774,0.7551713925505817,0.7536015572965556,0.7727104516961466,0.807011704986783,0.0035968864478174993,0.055588363819473914,0.03940099477767944,0.06188328777040754,0.07884607638028844,-20,Neutral,High,35.29
0.7684959769248962,0.7684959769248962,0.7848910093307495,0.7595980167388916,0.7848759889602661,2401047273,-0.020852080138829554,0.7597858920872013,0.7563827184027921,0.7541856521839416,0.7726269967501812,0.8067048067552142,-0.02107255505481136,0.05402293631060988,0.02529299259185791,0.06088721752166748,0.07922906475750865,-20,Neutral,High,35.19
0.7521849870681763,0.7521849870681763,0.7839249968528748,0.7389199733734131,0.7685319781303406,2213014779,-0.021224561151234278,0.7582657110833964,0.7560011064632816,0.7541071947284215,0.7722222044792504,0.8062703858812139,-0.021453040853952964,0.05537673140557345,0.04500502347946167,0.05796543189457485,0.07706273442189959,-20,Neutral,High,35.73
0.7126719951629639,0.7126719951629639,0.7530519962310791,0.705610990524292,0.752295970916748,2359803521,-0.05253094994520413,0.7491469678993099,0.7520620963450708,0.7524822849415408,0.7710429924135813,0.8055245819711083,-0.05396100740888313,0.04376872525834895,0.04744100570678711,0.058241575956344604,0.08172283512140355,-100,Strong Bearish,High,14.57
0.7548999786376953,0.7548999786376953,0.7660850286483765,0.7074790000915527,0.7127900123596191,2297850919,0.059253041737770795,0.750297570046987,0.7523200856444002,0.752577096459037,0.7707233287744548,0.805121198677615,0.057563982116132666,0.05011839305160462,0.05860602855682373,0.0569872898714883,0.07548985492664669,-100,Strong Bearish,High,16.13
0.7259939908981323,0.7259939908981323,0.7583839893341064,0.7257639765739441,0.7549229860305786,1862292224,-0.03829114923506449,0.7454368542172162,0.7499268043038303,0.7515346217311584,0.7698375993115574,0.8044907029980972,-0.03904352405666356,0.05007689832009764,0.032620012760162354,0.05555393440382821,0.07652120417016406,-100,Strong Bearish,High,15.87
0.7232869863510132,0.7232869863510132,0.7516679763793945,0.709958016872406,0.7260109782218933,2920222453,-0.003728687263334307,0.7410068806439756,0.747505002671756,0.7504268713240939,0.7689158049955069,0.8038436614311881,-0.003735656146271675,0.03607745106353815,0.041709959506988525,0.051550290414265225,0.07127224931052158,-100,Strong Bearish,Medium,22.18
0.7209770083427429,0.7209770083427429,0.7292870283126831,0.7159389853477478,0.7232310175895691,1907305640,-0.0031937226189069357,0.737000906183729,0.7450933668236639,0.74927197473659,0.7679665218934719,0.8031833693747065,-0.0031988334355784317,0.03570373746839834,0.013348042964935303,0.04918915033340454,0.06822568509704913,-100,Strong Bearish,Medium,22.94
0.7672359943389893,0.7672359943389893,0.7698889970779419,0.7210059762001038,0.7210059762001038,2408572082,0.06416152729000113,0.7430479238147811,0.7471063329614207,0.7499764460935469,0.7679520560013039,0.8028969361074896,0.06218719076005684,0.04490931937778605,0.048911988735198975,0.04963693448475429,0.0646957844144407,-100,Strong Bearish,Low,28.83
0.7374650239944458,0.7374650239944458,0.7754999995231628,0.7265679836273193,0.7670270204544067,2418938595,-0.03880288537582566,0.7419313438507141,0.7462298503280593,0.7494858020896606,0.7673483523972078,0.8023755662898557,-0.03957577697183776,0.046818222026993615,0.048932015895843506,0.047003720487867086,0.06373688101609697,-100,Strong Bearish,Low,29.07
0.8021550178527832,0.8021550178527832,0.8083329796791077,0.7276229858398438,0.7375059723854065,3478317257,0.08771940601053463,0.7539760786511279,0.7513139564666705,0.7515512615313518,0.7680375932973182,0.8023738089317914,0.08408321628473768,0.050608066326058736,0.08070999383926392,0.04683236139161246,0.05838318074350991,-60,Bearish,Low,40.4
0.7865869998931885,0.7865869998931885,0.8459619879722595,0.7820590138435364,0.8022289872169495,3730330472,-0.019407742410272988,0.76049826289954,0.7545205967781722,0.7529252120553453,0.7684049082794147,0.802248017624711,-0.019598545380788975,0.04863920833648015,0.06390297412872314,0.0482153594493866,0.06129691878448768,-20,Neutral,Low,49.68
0.7613509893417358,0.7613509893417358,0.8036320209503174,0.7584080100059509,0.7865380048751831,2141326402,-0.032082923509897165,0.7606688081879792,0.755141541556678,0.7532556346940273,0.7682652267162923,0.8019221448893885,-0.032608860157948734,0.04770057121929232,0.045224010944366455,0.04758850165775844,0.0625053389618676,-20,Neutral,Low,49.37
0.7746559977531433,0.7746559977531433,0.7759349942207336,0.7525740265846252,0.7613760232925415,2212291022,0.017475525214607046,0.763466246101012,0.7569155830290839,0.7540948646179142,0.7683917766378141,0.8017048847528447,0.01732458420217664,0.04758983825944616,0.0233609676361084,0.04389042939458575,0.05665796111033551,-20,Neutral,Low,50.84
0.7667829990386963,0.7667829990386963,0.7758110165596008,0.7456349730491638,0.77463698387146,1830181545,-0.010163219206050567,0.764129596688549,0.7578126208481395,0.7545924385167684,0.7683599196556533,0.8014266227152818,-0.010215217330604705,0.047981574054821466,0.03017604351043701,0.04323150430406843,0.05638036362082503,-20,Neutral,Low,50.9
0.793537974357605,0.793537974357605,0.7936149835586548,0.7592189908027649,0.766746997833252,2480411473,0.0348924993804649,0.7700112722223602,0.761060380258091,0.7561197144320954,0.768858494996286,0.8013637649594436,0.034297555990071026,0.04378389341867289,0.03439599275588989,0.04388171860149929,0.05529882629375485,-20,Neutral,Low,51.18
0.7935029864311218,0.7935029864311218,0.8005679845809937,0.7844390273094177,0.7934359908103943,1862028805,-4.409105501401722e-05,0.7747096150641126,0.7640097080920027,0.7575857250987238,0.7693465047276689,0.8013011292739589,-4.4092027053155605e-05,0.0394376574376322,0.016128957271575928,0.04181914244379316,0.05270193453446211,-20,Neutral,Low,51.82
0.7982659935951233,0.7982659935951233,0.7991120219230652,0.779350996017456,0.7934510111808777,1850743124,0.006002506916103378,0.7794208907703148,0.7671239158650137,0.7591810297456415,0.7699191678735591,0.8012769449259204,0.00598456363876,0.022585753893926277,0.01976102590560913,0.039842001029423306,0.04991068309197069,-20,Neutral,Low,52.52
0.8193730115890503,0.8193730115890503,0.825232982635498,0.7936090230941772,0.7981269955635071,2046393370,0.026441083753133476,0.7874113149340619,0.7718738336581079,0.7615414996218537,0.7708984519075293,0.8014211366921604,0.02609756055752512,0.02281382965145486,0.0316239595413208,0.03791471038545881,0.04627283282363542,-20,Neutral,Low,53.43
0.8061209917068481,0.8061209917068481,0.8208140134811401,0.7982490062713623,0.8193789720535278,1529598149,-0.016173366335927808,0.7911532502886192,0.7749872116625389,0.7632897149977359,0.7715959279431593,0.8014585857361022,-0.016305582753076614,0.018695678924198638,0.022565007209777832,0.037196495703288486,0.04614257175530204,-20,Neutral,Low,53.46
0.8381519913673401,0.8381519913673401,0.8511260151863098,0.7921599745750427,0.8059629797935486,2485293314,0.03973472963738467,0.8005529985043635,0.7807294643629754,0.766225490541642,0.7729138697931431,0.8017509634702156,0.03896561296163316,0.021966421314260427,0.05896604061126709,0.03842907292502267,0.04584976629636165,-20,Neutral,Low,53.54
0.8370969891548157,0.8370969891548157,0.8629260063171387,0.8299880027770996,0.838034987449646,2370573276,-0.001258724221132379,0.807861796634454,0.7858537847985972,0.7690047649970606,0.7741848226517901,0.8020326051091367,-0.001259517079861638,0.020733784306714242,0.03293800354003906,0.039828355823244364,0.0475791411739009,20,Neutral,Low,63.11
0.8378869891166687,0.8378869891166687,0.8441460132598877,0.8205729722976685,0.8371340036392212,2076377569,0.0009437376696941335,0.8138668351308971,0.7905840761002401,0.7717060286880257,0.7754462516906986,0.8023182974119855,0.0009432926292784607,0.018623834857753322,0.02357304096221924,0.03801843098231724,0.04537417512879353,20,Neutral,Low,63.66
0.8429679870605469,0.8429679870605469,0.8493279814720154,0.8296269774436951,0.8378570079803467,2278978187,0.006064061156069167,0.8196870655168271,0.7953462498239043,0.7745006152908698,0.7767833157574282,0.8026421993215357,0.006045748731700507,0.01833808666770536,0.019701004028320312,0.03593050156320844,0.042623803174897675,20,Neutral,Low,64.34
0.8251270055770874,0.8251270055770874,0.8440849781036377,0.8228740096092224,0.8429679870605469,1600059784,-0.021164482824159725,0.8207750535288793,0.7980535912560118,0.776485963929545,0.7777406165459363,0.8028213611243687,-0.02139166162340818,0.021623410996822516,0.021210968494415283,0.03168057118143354,0.03839478161216696,20,Neutral,Low,65.4
0.8327720165252686,0.8327720165252686,0.8343070149421692,0.8223249912261963,0.8251529932022095,1056420320,0.009265253587033229,0.8231744461281572,0.8012098117350352,0.7786932601097695,0.7788303472385963,0.8030600117650134,0.009222594421227415,0.01969894838073677,0.0119820237159729,0.027971931866237094,0.03358894308546732,20,Neutral,Low,66.6
0.8573430180549622,0.8573430180549622,0.857375979423523,0.8303390145301819,0.8328149914741516,1505124770,0.029505075869642905,0.8300081605135182,0.8063128304913922,0.7817775643429142,0.7803850535913958,0.8034925456796743,0.029078177895740943,0.020014125652522877,0.027036964893341064,0.026672857148306712,0.031111068249927452,60,Bullish,Low,77.22
0.8633040189743042,0.8633040189743042,0.9080860018730164,0.8552110195159912,0.8574079871177673,3205464277,0.006952877429229787,0.8366673322056755,0.8114938476262024,0.784974680210812,0.7820270133019485,0.8039691311242531,0.0069288176357747006,0.015001916726010317,0.052874982357025146,0.02878100105694362,0.03333819885506669,60,Bullish,Low,76.67
0.8579999804496765,0.8579999804496765,0.8844410181045532,0.8488609790802002,0.8630890250205994,2120020042,-0.006143882581398641,0.8409338618544757,0.8157216778828819,0.7878384174750812,0.7835314284929926,0.8043996558200732,-0.006162833890939036,0.01540955861073733,0.03558003902435303,0.02916700073650905,0.033994174127163344,60,Bullish,Low,76.5
0.8608139753341675,0.8608139753341675,0.8712790012359619,0.8494250178337097,0.8579419851303101,1832671641,0.003279714392319777,0.8449098845504142,0.8198209776511804,0.7907002040577905,0.7850617759551941,0.8048491723102253,0.0032743478596670736,0.015369643071973022,0.021853983402252197,0.02827114292553493,0.03284233729425697,60,Bullish,Low,76.79
0.8145639896392822,0.8145639896392822,0.8708660006523132,0.8038809895515442,0.8608800172805786,2611691934,-0.05372820030823855,0.8388407055681879,0.8193430696500987,0.7916360387864765,0.7856459782063642,0.8049265812132457,-0.05522543651248133,0.026978152476512817,0.06698501110076904,0.031903718199048726,0.03916661994004526,60,Bullish,Low,75.21
0.8277400135993958,0.8277400135993958,0.8336780071258545,0.8102560043334961,0.8147090077400208,2091887103,0.016175554195500652,0.8366205671744295,0.8201064281909439,0.7930518809360028,0.7864795234616717,0.805108361550984,0.01604612379239373,0.026873797218697214,0.0234220027923584,0.03216521654810224,0.038859081377778305,60,Bullish,Low,75.29
0.8249189853668213,0.8249189853668213,0.8485999703407288,0.824828028678894,0.8277350068092346,1624227101,-0.003408109051424635,0.8342802508129079,0.820543933388751,0.7943015713058388,0.7872407009251401,0.8052662151272059,-0.0034139298841960363,0.02660954808672482,0.023771941661834717,0.03160435812813895,0.03831207511133383,60,Bullish,Low,75.42
0.8429499864578247,0.8429499864578247,0.8501539826393127,0.817264974117279,0.8248909711837769,1348476817,0.021857905334771166,0.8360141979418914,0.8225808473041213,0.7962093522921913,0.7883438550941041,0.8055664842214738,0.021622446239171533,0.025305710002053533,0.03288900852203369,0.03234178679330008,0.038367385150813144,60,Bullish,Low,75.41
0.8272510170936584,0.8272510170936584,0.8429520130157471,0.8108900189399719,0.8429229855537415,1876069127,-0.01862384437555442,0.8342615617722449,0.8230054081940792,0.797426672480484,0.7891142939455804,0.8057392693439613,-0.018799451907976585,0.02558862537375462,0.032061994075775146,0.030420069183622087,0.03677247722280894,60,Bullish,Low,75.81
0.8176419734954834,0.8176419734954834,0.8332870006561279,0.817110002040863,0.827226996421814,1548706718,-0.011615632256257613,0.8309376441168925,0.8225178232214795,0.798219429383033,0.789679198491123,0.8058341116081169,-0.011683620711345136,0.025676027402787013,0.016176998615264893,0.029222854546138217,0.03574040410524453,60,Bullish,Low,76.06
0.7613139748573303,0.7613139748573303,0.8184049725532532,0.7612850069999695,0.8176270127296448,2527126540,-0.06889078651056335,0.8170129102649801,0.8169538370065568,0.7967721566565349,0.7891175108944142,0.8054793694826126,-0.07137870086280927,0.03467936851156271,0.05711996555328369,0.031619063445499966,0.04153222519188007,60,Bullish,Low,74.62
0.7879999876022339,0.7879999876022339,0.7894840240478516,0.7581139802932739,0.7613610029220581,1628783831,0.035052571772250074,0.811210325732431,0.814321668878891,0.7964281500269546,0.7890953817203116,0.8053400915393426,0.034452219410212044,0.0350034009242751,0.03137004375457764,0.032452566283089776,0.04118346039806178,20,Neutral,Low,64.7
0.7540559768676758,0.7540559768676758,0.7929850220680237,0.7508929967880249,0.7879970073699951,1684019539,-0.043076156432241386,0.79977945595948,0.8088429696051442,0.7947664961775711,0.7884015321192692,0.804931453175425,-0.04403146899480643,0.03639596799499684,0.04209202527999878,0.03394407033920288,0.045015318995554485,-20,Neutral,Low,53.75
0.7635849714279175,0.7635849714279175,0.7660620212554932,0.7540410161018372,0.7540410161018372,1008306245,0.012636985651681698,0.7925405590531676,0.8047286061344872,0.7935436912854279,0.787910115075876,0.8046019991375963,0.012557805317882397,0.03760109256828889,0.012021005153656006,0.03394685472760882,0.04445720646403975,-20,Neutral,Low,53.89
0.7566140294075012,0.7566140294075012,0.7724660038948059,0.7551810145378113,0.7636039853096008,1046936968,-0.009129228941450296,0.7853552531240343,0.8003545537047612,0.7920954692509994,0.7872903906071953,0.8042196248767988,-0.009171155719833787,0.03484349683721199,0.01728498935699463,0.033250285046441216,0.043946165090910705,-20,Neutral,Low,54.01
0.6950230002403259,0.6950230002403259,0.7564219832420349,0.6857380270957947,0.7564219832420349,2367700413,-0.08140349871044128,0.7672888025472926,0.7907789579352671,0.7882887057603847,0.7854633135702276,0.8033495322502133,-0.08490831583974089,0.04373236861821427,0.07087600231170654,0.03453607218606131,0.04969054574326229,-20,Neutral,Medium,47.58
0.7166140079498291,0.7166140079498291,0.7215920090675354,0.6942750215530396,0.6951689720153809,1990027592,0.03106517007643972,0.7571538436277999,0.7840366897547727,0.7854779332972256,0.7840999609836851,0.8026584125346724,0.030592413586528346,0.04851611491746019,0.02731698751449585,0.03394585422107151,0.04736978881865242,-60,Bearish,Low,43.16
0.7238500118255615,0.7238500118255615,0.7247589826583862,0.7039980292320251,0.7165120244026184,1678860044,0.010097491530250746,0.7504930772673523,0.7785651735793899,0.7830611520630427,0.7829068926835242,0.8020304571505361,0.010046852462382681,0.043301314583989815,0.020760953426361084,0.03386778065136501,0.04678839552126264,-60,Bearish,Low,43.3
0.7268189787864685,0.7268189787864685,0.7401549816131592,0.7105860114097595,0.7237380146980286,1716488200,0.004101632813984679,0.7457582575711756,0.7738609740527607,0.7808555766404319,0.7817962409231864,0.8014311625022169,0.004093244048714259,0.03981300358872836,0.029568970203399658,0.031195206301552907,0.042920186748064706,-100,Strong Bearish,Low,34.27
0.7856749892234802,0.7856749892234802,0.7936800122261047,0.7266169786453247,0.7267959713935852,2897060464,0.0809775365735228,0.7537416039016366,0.774934975431917,0.7810445732123162,0.7818730478202219,0.8013056153047768,0.07786575821315078,0.048865215301628746,0.06706303358078003,0.034312422786440165,0.04367254049966992,-100,Strong Bearish,Low,34.08
0.781840980052948,0.781840980052948,0.7971289753913879,0.7692189812660217,0.7856529951095581,1526957904,-0.004879892096758209,0.7593614791318989,0.7755627940338289,0.7810758048531253,0.7818724128149294,0.8011505186095431,-0.00489183764804187,0.04891213318196226,0.02790999412536621,0.034607997962406704,0.044264753121616845,-100,Strong Bearish,Low,33.93
0.7531539797782898,0.7531539797782898,0.7844079732894897,0.7505530118942261,0.7817919850349426,1350930297,-0.03669160482316425,0.7581199792611771,0.7735256291015071,0.7799808313207789,0.7813037309726196,0.8007680760690551,-0.03738167423853845,0.0512256550591964,0.03385496139526367,0.03467699459620884,0.046042370520855386,-100,Strong Bearish,Low,33.49
0.7680169939994812,0.7680169939994812,0.7681940197944641,0.7323600053787231,0.7531870007514954,2134418883,0.01973436325141198,0.760099382208838,0.773024844092232,0.7795116612297476,0.7810406272701812,0.8005071112716879,0.019542165193980943,0.03534381159470253,0.03583401441574097,0.03494642462049212,0.04550215020439473,-100,Strong Bearish,Low,33.62
0.7750629782676697,0.7750629782676697,0.7801910042762756,0.7599610090255737,0.7680420279502869,1834225828,0.009174255678245036,0.7630921014206045,0.7732101290172718,0.779337203074372,0.7809222579830027,0.8003043691760384,0.009132427826259237,0.03461490990451061,0.020229995250701904,0.03523592438016619,0.04546201453064036,-100,Strong Bearish,Low,33.63
0.7521780133247375,0.7521780133247375,0.7750549912452698,0.744376003742218,0.7750549912452698,1798898557,-0.02952658762528171,0.7609092838014311,0.7712981184997687,0.7782721368096804,0.7803530650194727,0.7999208922369841,-0.029971272549767634,0.03797849510945884,0.03068697452545166,0.0333478535924639,0.04433505500255382,-100,Strong Bearish,Low,33.92
0.7331780195236206,0.7331780195236206,0.7647619843482971,0.72502601146698,0.7521770000457764,1990297103,-0.02525996966746502,0.755363030945869,0.7678326549564825,0.7765037400533644,0.7794189057027232,0.7993890765181526,-0.02558447909424426,0.03977372608108746,0.03973597288131714,0.03394541995865958,0.04629901477504123,-100,Strong Bearish,Low,33.43
0.7191939949989319,0.7191939949989319,0.7381619811058044,0.7164610028266907,0.7331600189208984,1881203798,-0.019073163886957234,0.7481292237564816,0.763410958596705,0.7742562990708377,0.7782263332135392,0.7987500718845333,-0.019257403122592585,0.02118819146813278,0.02170097827911377,0.03248891660145351,0.045174065450173516,-100,Strong Bearish,Low,33.71
0.707705020904541,0.707705020904541,0.7246689796447754,0.707360029220581,0.7191439867019653,1332520641,-0.015974791466950355,0.7400443831860936,0.7583467824428719,0.7716464450251006,0.776829871583658,0.7980246133109875,-0.01610376383013397,0.02092789126943083,0.017308950424194336,0.03286662697792053,0.04644113862003214,-100,Strong Bearish,Medium,28.39
0.6987389922142029,0.6987389922142029,0.7118300199508667,0.6980249881744385,0.7074869871139526,1108217932,-0.012669160773903121,0.7317833049917154,0.7529278924220838,0.7687873292285948,0.7752835175367382,0.7972334928241606,-0.012750098930254151,0.018291504903139296,0.013805031776428223,0.03261805857930865,0.04668132012491064,-100,Strong Bearish,Medium,28.33
0.6944260001182556,0.6944260001182556,0.6989399790763855,0.6482419967651367,0.698756992816925,2377291271,-0.006172536732607425,0.7243118440170234,0.7476095385762812,0.7658711986752482,0.7736823785779563,0.7964143096153486,-0.00619166559382092,0.01302515251015839,0.05069798231124878,0.031176771436418806,0.0448957432917397,-100,Strong Bearish,Low,33.78
0.6416990160942078,0.6416990160942078,0.7040960192680359,0.6344169974327087,0.6943339705467224,2160649427,-0.07592887365258338,0.7077892784324603,0.737981309259729,0.761001701319129,0.771068846647585,0.7951815184319133,-0.07896623373652856,0.024241972760529334,0.06967902183532715,0.034202631030763896,0.053300114497514844,-100,Strong Bearish,Medium,26.67
0.652318000793457,0.652318000793457,0.6613770127296448,0.6403800249099731,0.6417940258979797,1722422062,0.0165482327897013,0.6966950229046597,0.7301937357627952,0.7567395954161614,0.7687173447494835,0.7940431637096945,0.01641280282745244,0.029132477602511028,0.02099698781967163,0.03421949063028608,0.052458295783134413,-100,Strong Bearish,Medium,26.89
0.6443629860877991,0.6443629860877991,0.6553440093994141,0.6362680196762085,0.6523129940032959,1546067106,-0.012194994919627833,0.6862286155412876,0.7223909403377955,0.7523326695601472,0.7662548822017273,0.7928504929716714,-0.012269963991939681,0.029168289545965686,0.019075989723205566,0.03346999202455793,0.0519427601324037,-100,Strong Bearish,Medium,27.01
0.6114069819450378,0.6114069819450378,0.645609974861145,0.6039040088653564,0.6442840099334717,1962197662,-0.05114509190363514,0.6712642888220377,0.7123014895748175,0.7468061720066136,0.7631885871471394,0.7914047279435709,-0.05249938131663739,0.03190038323067364,0.041705965995788574,0.03165877291134426,0.05178019526474791,-100,Strong Bearish,Medium,27.05
0.5870910286903381,0.5870910286903381,0.6271420121192932,0.5815759897232056,0.6114050149917603,1649221930,-0.039770486717938036,0.6544296367956978,0.7009187204035012,0.7405428330530341,0.7597015067816582,0.7897767303399595,-0.04058294675896683,0.03233221898999395,0.045566022396087646,0.03291991778782436,0.0560729361871888,-100,Strong Bearish,Medium,25.98
0.6078439950942993,0.6078439950942993,0.6102319955825806,0.5810499787330627,0.587086021900177,1657999135,0.03534880519338901,0.6451125084554181,0.6924573817390283,0.7353389570546524,0.7566944273423045,0.7883270671109104,0.03473837979095385,0.03985271110871496,0.029182016849517822,0.0325861360345568,0.053609373947177796,-100,Strong Bearish,Medium,26.6
0.6142690181732178,0.6142690181732178,0.6293100118637085,0.6017900109291077,0.6078190207481384,1687184077,0.010570184341331945,0.6389438103989781,0.6853493486875909,0.7305911163142039,0.7538741222102434,0.7869401503863073,0.0105147105128161,0.04128554526270593,0.02752000093460083,0.031992277928761075,0.0520818680126556,-100,Strong Bearish,Medium,26.98
0.6048489809036255,0.6048489809036255,0.6250830292701721,0.5981860160827637,0.61421799659729,1460418466,-0.015335361203152709,0.6321248444999076,0.678031133434503,0.7256600521804558,0.7509231293130827,0.7854892247330588,-0.015454164009064684,0.031303833752634555,0.026897013187408447,0.03246849349566868,0.05368033099297244,-100,Strong Bearish,Medium,26.58
0.6464740037918091,0.6464740037918091,0.6478449702262878,0.604744017124176,0.6048039793968201,1959359438,0.06881886917623148,0.634994676358288,0.6751623034669855,0.7225547169495284,0.7488548297978099,0.7843815337295429,0.06655417818803436,0.04188823874352804,0.043100953102111816,0.03335520625114441,0.05159558784344582,-100,Strong Bearish,Medium,27.1
0.5988860130310059,0.5988860130310059,0.655036985874176,0.5848119854927063,0.6464629769325256,2183469244,-0.07361160770840292,0.6277729436928315,0.6682280952455327,0.7177049638546844,0.7458851502578732,0.7829034817717856,-0.07646170215166759,0.050777100156860745,0.07022500038146973,0.03553299392972674,0.05933181466351445,-100,Strong Bearish,Medium,25.17
0.6025699973106384,0.6025699973106384,0.6134819984436035,0.5916119813919067,0.5988320112228394,2003273389,0.006151394755385287,0.622732354416393,0.6622591772514514,0.7131898671274669,0.7430472264371358,0.781466561576876,0.006132552159349757,0.04741008865693206,0.021870017051696777,0.03554506812776838,0.058989110454240046,-100,Strong Bearish,Medium,25.25
0.5823469758033752,0.5823469758033752,0.6038399934768677,0.5739279985427856,0.6025609970092773,1250412025,-0.03356128183866036,0.6146552786937894,0.6549944316652627,0.7080587733500515,0.7398650432562693,0.7798799513316689,-0.03413738828156182,0.04659320655993641,0.02991199493408203,0.036445285592760356,0.06258345472213084,-100,Strong Bearish,Medium,24.35
0.5665270090103149,0.5665270090103149,0.5826339721679688,0.5627570152282715,0.5823990106582642,1505054300,-0.027165877819208872,0.6050296247570945,0.6469519386966311,0.7025085080818265,0.7364326069345672,0.7781799278868773,-0.027541692130466845,0.044495061331699344,0.019876956939697266,0.03687899453299386,0.0650966219552692,-100,Strong Bearish,Medium,23.73
0.4929400086402893,0.4929400086402893,0.5759940147399902,0.48072201013565063,0.566519021987915,3297478002,-0.1298914247682158,0.5826117015337335,0.6329508541460546,0.6942901355547074,0.7316109713247795,0.7759070998450718,-0.13913727600327627,0.06444407400694876,0.0952720046043396,0.040062853268214633,0.08127328390065718,-100,Strong Bearish,High,14.68
0.513625979423523,0.513625979423523,0.5352990031242371,0.4781099855899811,0.49243998527526855,3455777036,0.04196447928885538,0.5688145571116915,0.6221031382621881,0.6872052666868179,0.7272944368316853,0.7738172104393224,0.04110785377590581,0.07008123989268202,0.05718901753425598,0.03917071010385241,0.07626310130927633,-100,Strong Bearish,High,15.93
0.41337600350379944,0.41337600350379944,0.5216230154037476,0.382425993680954,0.5135430097579956,5290247987,-0.1951808902506077,0.537726846390113,0.6031279441932437,0.6764668642090526,0.721078230231133,0.7709451689497964,-0.21713773520013385,0.08891868256662548,0.13919702172279358,0.04761356966836112,0.11518222941047784,-100,Strong Bearish,High,10.0
0.385206013917923,0.385206013917923,0.42648300528526306,0.3449540138244629,0.41339901089668274,4641055357,-0.06814616559042119,0.507222679895675,0.58331685962276,0.6650448700799886,0.7144272952546338,0.7678715501846022,-0.07057930662830213,0.08880771060120382,0.08152899146080017,0.05207449836390359,0.1351860990804761,-100,Strong Bearish,High,10.0
0.42341700196266174,0.42341700196266174,0.462336003780365,0.38273298740386963,0.38517799973487854,2949331810,0.09919623958124513,0.4904615443090724,0.5687805089263874,0.6555692674087208,0.7086647151894463,0.7651268924298458,0.09457922142955484,0.10508934082417672,0.07960301637649536,0.054781430533954074,0.1293793831613424,-100,Strong Bearish,High,10.0
0.42777401208877563,0.42777401208877563,0.4395039975643158,0.39865800738334656,0.4234189987182617,2021953522,0.010290116140631689,0.4779240378650131,0.5559617364866045,0.646636120141272,0.7031025230488389,0.762438821670156,0.010237533310189544,0.10754405123378022,0.04084599018096924,0.05444428537573133,0.12727347580065837,-100,Strong Bearish,High,10.0
0.4473710060119629,0.4473710060119629,0.447613000869751,0.4166190028190613,0.42768698930740356,1427697924,0.04581155790062419,0.4718134314944031,0.5460898518980006,0.6388218019401226,0.6980385326124652,0.7599283211469832,0.04479319444215256,0.11274599710311298,0.030993998050689697,0.05457371260438647,0.12198759390081516,-100,Strong Bearish,High,10.0
0.42249900102615356,0.42249900102615356,0.44756901264190674,0.41208600997924805,0.4474070072174072,1839092427,-0.05559592519758472,0.4619505454007532,0.53485432000056,0.6303385548454572,0.6925823042642214,0.7572396413053829,-0.05720115908036779,0.10388431550697166,0.03548300266265869,0.055142498442104886,0.13051509780656606,-100,Strong Bearish,High,10.0
0.437622994184494,0.437622994184494,0.4390920102596283,0.4211519956588745,0.4224570095539093,1598581919,0.03579651814941043,0.45708503515750143,0.5260151085627358,0.6227810818783606,0.6875336050547218,0.7546928951131846,0.03517071349342183,0.1033055498032734,0.017940014600753784,0.05450271282877241,0.12454261671130343,-100,Strong Bearish,High,10.0
0.4061659872531891,0.4061659872531891,0.4412670135498047,0.4061659872531891,0.43763598799705505,1599734223,-0.07188152210768706,0.446901225576639,0.5151197338982315,0.6142863722852167,0.6819619690586519,0.7519157882776468,-0.07459588420249694,0.06591303979550463,0.0351010262966156,0.05393128948552268,0.13278140262371077,-100,Strong Bearish,High,10.0
0.41997599601745605,0.41997599601745605,0.4223630130290985,0.39748701453208923,0.4060620069503784,1557252121,0.03400089913402393,0.4415161796648025,0.5064703031817974,0.6066663575296182,0.6767741280083311,0.7492708496939003,0.03343564565454783,0.05941521694718181,0.024875998497009277,0.050692075065204074,0.12070231524160036,-100,Strong Bearish,High,10.0
0.41113701462745667,0.41113701462745667,0.4375059902667999,0.40317800641059875,0.4199270009994507,1721877559,-0.021046396636516307,0.4354403466573334,0.4978036405859482,0.598998540160906,0.6715139871493039,0.7465765561873948,-0.02127102944035254,0.047664441078670336,0.03432798385620117,0.051581929836954386,0.1254616539055582,-100,Strong Bearish,High,10.0
0.41467300057411194,0.41467300057411194,0.4172559976577759,0.405364990234375,0.4111280143260956,875738315,0.008600504991892688,0.4312868774406891,0.49024630967578126,0.5917700876280906,0.6664280270191021,0.7439319063418707,0.008563731346355677,0.04758404683837068,0.011891007423400879,0.05029471644333431,0.12128765647558828,-100,Strong Bearish,High,10.0
0.42233699560165405,0.42233699560165405,0.4243369996547699,0.41109099984169006,0.4146910011768341,896133087,0.018482020813825217,0.42949690107288213,0.4840727356690424,0.5851256526466617,0.6615945412484595,0.7413693970929447,0.01831330391607696,0.04392967432875533,0.013245999813079834,0.04982107664857592,0.11796522011433469,-100,Strong Bearish,High,10.0
0.4046710133552551,0.4046710133552551,0.42783498764038086,0.40435799956321716,0.42225998640060425,1399019792,-0.041829113789172756,0.42453172352935675,0.47685439727687995,0.5780490001254301,0.6565069466367129,0.7386865414456324,-0.042729138828122584,0.041514835232438006,0.023476988077163696,0.04469286118234907,0.11044245747128376,-100,Strong Bearish,High,10.0
0.4087130129337311,0.4087130129337311,0.41328901052474976,0.3936460018157959,0.404680997133255,1394251522,0.009988359544120584,0.42136798141023163,0.4706597259729573,0.5714083731767361,0.651600136068337,0.7360572703021112,0.009938805582911405,0.03829912091261865,0.019643008708953857,0.0420110034091132,0.10278851438460287,-100,Strong Bearish,High,10.0
0.4057849943637848,0.4057849943637848,0.4129660129547119,0.3967599868774414,0.40869998931884766,1587278448,-0.007163996440752052,0.4182513840009423,0.4647620230993961,0.564913338713483,0.64673250949993,0.733425618701009,-0.0071897810844519005,0.025675020240365276,0.016206026077270508,0.03322593229157584,0.08188063322466999,-100,Strong Bearish,High,14.53
0.39316999912261963,0.39316999912261963,0.4101189970970154,0.3807229995727539,0.405799001455307,2091610974,-0.03108788007536789,0.41323510702527777,0.45825365728332557,0.5581783057883511,0.6417114696904783,0.730714418545006,-0.031581362716342244,0.023142167720296654,0.029395997524261475,0.029502147010394504,0.07503661794193392,-100,Strong Bearish,High,16.24
0.3817870020866394,0.3817870020866394,0.4012799859046936,0.37816599011421204,0.39307600259780884,1927217638,-0.02895184541389728,0.4069454860375501,0.4513021431745359,0.551260999760833,0.6365644505300063,0.7279341204058954,-0.029379219143868394,0.024020322748770893,0.023113995790481567,0.025467216968536377,0.06670530120026734,-100,Strong Bearish,Medium,23.32
0.3863230049610138,0.3863230049610138,0.3881149888038635,0.3817160129547119,0.386586993932724,865258883,0.011880977743042864,0.4028209898222429,0.4453949487914884,0.5447928431020165,0.6316091743801252,0.7252121194860159,0.011810953022719565,0.024478646489880605,0.006398975849151611,0.023006715944835117,0.059553057025834806,-100,Strong Bearish,Medium,25.11
0.3890160024166107,0.3890160024166107,0.38949599862098694,0.3807620108127594,0.3863309919834137,752879867,0.006970844140821164,0.40005999234111644,0.4402695900301358,0.5386839473888633,0.6268053491927289,0.7225332659635506,0.006946660130402896,0.022581933077817883,0.008733987808227539,0.02141671521323068,0.0550535584145322,-100,Strong Bearish,Medium,26.24
0.41817501187324524,0.41817501187324524,0.41870200634002686,0.3876360058784485,0.3890190124511719,1404448305,0.07495580972375304,0.4036829962475422,0.43826099201587304,0.5339581067804077,0.6226740553844223,0.7201081005923131,0.07227955350098253,0.03480696968433948,0.03106600046157837,0.021101215056010654,0.050460248596601295,-100,Strong Bearish,Medium,27.38
0.4218670129776001,0.4218670129776001,0.42967599630355835,0.4088990092277527,0.4181259870529175,1738462198,0.008828841990859981,0.4073197995935538,0.4367706302851209,0.5295623776116701,0.6186976783070595,0.7177316775834309,0.008790095655255818,0.034780793814027204,0.020776987075805664,0.02130385594708579,0.05049898496855681,-100,Strong Bearish,Medium,27.38
0.39808499813079834,0.39808499813079834,0.42511799931526184,0.39261698722839355,0.4218890070915222,1569696040,-0.056373250610292525,0.40547283930100275,0.43325375463472793,0.5244064019457536,0.614329110382777,0.7151846920897845,-0.05802458362054829,0.04215901534257469,0.032501012086868286,0.021118140646389554,0.05304932550975154,-100,Strong Bearish,Medium,26.74
0.4053019881248474,0.4053019881248474,0.40666401386260986,0.3925530016422272,0.3980790078639984,1298797541,0.018129268944914623,0.4054386690657717,0.4307126849520115,0.5197356406194436,0.6101899594469764,0.7127155071976337,0.017966893313119035,0.04064114362984257,0.01411101222038269,0.020349213055201938,0.050207533275000014,-100,Strong Bearish,Low,32.45
0.3907659947872162,0.3907659947872162,0.4094400107860565,0.3855000138282776,0.40531501173973083,1284592602,-0.03586459914712692,0.4025041342100606,0.42708116766430276,0.5146780074495523,0.6058449304438128,0.7101501724373913,-0.03652353691853834,0.041704891329331494,0.02393999695777893,0.01960721399102892,0.05017635682886285,-100,Strong Bearish,Low,32.46
0.3923090100288391,0.3923090100288391,0.39346298575401306,0.3862859904766083,0.3907809853553772,696569397,0.003948693750752685,0.4004651093738163,0.42392006242471514,0.5098792232369753,0.6016164963761896,0.7076175735337374,0.003940918121914052,0.04154363646447732,0.007176995277404785,0.019270498837743486,0.049120714398904294,-100,Strong Bearish,Low,32.72
0.3953799903392792,0.3953799903392792,0.3993369936943054,0.390267014503479,0.3923240005970001,726398938,0.007827962733291116,0.3994480855669089,0.4213255104169482,0.5053890572409873,0.5975326051675379,0.7051296246636621,0.00779748319149594,0.041561091258819544,0.009069979190826416,0.01897221165043967,0.04798475419598104,-100,Strong Bearish,Low,33.0
0.4030109941959381,0.4030109941959381,0.408486008644104,0.39487600326538086,0.3954020142555237,1221803580,0.019300430075155584,0.40016066729271477,0.41966055439685634,0.5013742312392206,0.5936806920789913,0.7027223048989791,0.01911653912401152,0.029854570501093844,0.013610005378723145,0.01826742717197963,0.04532736683381464,-100,Strong Bearish,Low,33.67
0.4077019989490509,0.4077019989490509,0.4164769947528839,0.38578200340270996,0.40300899744033813,1666703798,0.011639892758935844,0.40166893362398204,0.4185734129925104,0.49770081036509634,0.5899979456803786,0.7003715454890196,0.011572670345469075,0.03009067450547613,0.03069499135017395,0.01905685450349535,0.04674211692024797,-100,Strong Bearish,Low,33.31
0.40064799785614014,0.40064799785614014,0.4098930060863495,0.3961479961872101,0.40769100189208984,1183206226,-0.017301855549136658,0.40146474647041364,0.4169438297982949,0.49389481771768634,0.5862484417630669,0.6979833100497138,-0.017453281830799222,0.020539440050901688,0.013745009899139404,0.018881067633628845,0.047126324690653844,-100,Strong Bearish,Low,33.22
0.4003239870071411,0.4003239870071411,0.40360701084136963,0.39761999249458313,0.4006580114364624,911815336,-0.0008087170052833992,0.4012365945777592,0.4154329349990991,0.49022537337609634,0.5825667693916624,0.6956115226151116,-0.000809044193294282,0.019118588852855067,0.005987018346786499,0.017208997692380632,0.04298767561003946,-100,Strong Bearish,Low,34.25
0.38173601031303406,0.38173601031303406,0.4099160134792328,0.38088101148605347,0.4003159999847412,1424539679,-0.04643233305371597,0.3973364777248142,0.41236957820945686,0.4859708885500939,0.5785899226772341,0.693110522517087,-0.0475448895522132,0.022595729347349,0.02903500199317932,0.017631926706859043,0.04618879600171956,-100,Strong Bearish,Low,33.45
0.3590250015258789,0.3590250015258789,0.3880560100078583,0.35862600803375244,0.3817639946937561,1111401064,-0.05949401726216896,0.38967418248502717,0.40752007123822254,0.4809926184707129,0.5742421024564152,0.6904484864932526,-0.06133726903020421,0.030998204003942688,0.029430001974105835,0.01927700000149863,0.053692639564292634,-100,Strong Bearish,Medium,26.58
0.3454900085926056,0.3454900085926056,0.3646950125694275,0.34160900115966797,0.35909101366996765,1370072145,-0.03769930471624183,0.3808373477065429,0.4018809746340755,0.47567879063235574,0.5697123580234684,0.6876998133625702,-0.038428304097172544,0.030835772426954886,0.02308601140975952,0.0203021445444652,0.058763333351283836,-100,Strong Bearish,Medium,25.31
0.31080201268196106,0.31080201268196106,0.3488770127296448,0.30385300517082214,0.34540900588035583,2558939154,-0.10040231279610712,0.36683028070162654,0.3936010690020651,0.4692130346343011,0.5645854204919535,0.6846966436360316,-0.10580762981636296,0.03977247352708525,0.04502400755882263,0.02129914505141122,0.0685296239481123,-100,Strong Bearish,Medium,22.87
0.32214298844337463,0.32214298844337463,0.32352399826049805,0.2951659858226776,0.310820996761322,1977069964,0.0364893897035945,0.35789282224997615,0.3871048798603659,0.46344558184250007,0.5597845802533677,0.6818077698894764,0.035839416182927464,0.04538511055476352,0.028358012437820435,0.021840646862983704,0.06779798923614565,-100,Strong Bearish,Medium,23.05
0.3437030017375946,0.3437030017375946,0.3448309898376465,0.3007110059261322,0.3220990002155304,2242860490,0.06692684325802034,0.3550548581474999,0.3831592545764776,0.45874979438740576,0.5555057371144415,0.6791137079918519,0.06478240694940275,0.05890549209670311,0.04411998391151428,0.02267057342188699,0.06595977721252255,-100,Strong Bearish,Medium,23.51
0.3120560050010681,0.3120560050010681,0.3453730046749115,0.3084169924259186,0.34368398785591125,1477710114,-0.09207657942041447,0.3464550875182135,0.3766953227968949,0.45299709676441213,0.5506849503399193,0.6761889454182202,-0.09659524250627924,0.06408696400019795,0.03695601224899292,0.02430235913821629,0.07787819733875369,-100,Strong Bearish,High,15.53
0.32138100266456604,0.32138100266456604,0.3385379910469055,0.3112199902534485,0.3121449947357178,1381554091,0.02988244902855186,0.34144027054748405,0.3716667482394104,0.44783568130951623,0.5461442781087241,0.6733617904958803,0.02944466857179914,0.0681686701526354,0.02731800079345703,0.024543645126479014,0.07636930908481816,-100,Strong Bearish,High,15.91
0.3080900013446808,0.3080900013446808,0.32571399211883545,0.2905789911746979,0.3213309943675995,1403189628,-0.04135590221478469,0.3347702167069234,0.3658870439762532,0.4423554585657972,0.5414303320341886,0.6704512583114086,-0.04223539103508821,0.06682130966881566,0.03513500094413757,0.02654064553124564,0.08614575421275308,-100,Strong Bearish,High,13.46
0.3260529935359955,0.3260529935359955,0.3304769992828369,0.2989470064640045,0.3080329895019531,1159418572,0.05830436597394906,0.33302677207273784,0.3622657666635025,0.4377945775842364,0.5371654342421451,0.6677070490303296,0.056667972568683445,0.07233051075775104,0.0315299928188324,0.028144932218960354,0.08632011598400866,-100,Strong Bearish,High,13.42
0.32334598898887634,0.32334598898887634,0.3280470073223114,0.3142409920692444,0.3260200023651123,1187888833,-0.008302345326635652,0.3310906154559655,0.3587276050567183,0.43330639763932033,0.5329313858212883,0.6649631362013141,-0.008337001748622697,0.058480479144418195,0.013806015253067017,0.02815893292427063,0.08708607461724024,-100,Strong Bearish,High,13.23
0.32862600684165955,0.32862600684165955,0.3360629975795746,0.32015201449394226,0.32328400015830994,1247582002,0.016329312973060617,0.3305976937331044,0.35599109612807656,0.4292012842747062,0.5288857347523847,0.6622831590749424,0.016197423580489666,0.057248908249001855,0.015910983085632324,0.027102932333946228,0.0824734858766218,-100,Strong Bearish,High,14.38
0.32258498668670654,0.32258498668670654,0.32905998826026917,0.319597989320755,0.3287290036678314,1064144662,-0.01838266001224831,0.3289951523238248,0.352954177087952,0.4250202529967455,0.5248005714243514,0.6595764007292194,-0.018553720717263158,0.05048826930650404,0.00946199893951416,0.026797002979687283,0.08306959122593155,-100,Strong Bearish,High,14.23
0.33553099632263184,0.33553099632263184,0.3360759913921356,0.3221830129623413,0.32259100675582886,927324605,0.04013208974445681,0.33030232112358626,0.35137025156383195,0.4215108703820744,0.5210526590460995,0.6569943656343462,0.039347714457944195,0.034963963019722925,0.013892978429794312,0.02736171441418784,0.08154750146504504,-100,Strong Bearish,High,14.61
0.36758700013160706,0.36758700013160706,0.3846589922904968,0.33549100160598755,0.3355090022087097,2253100828,0.09553812959250885,0.33775925692519043,0.35284450143362966,0.4193962088036247,0.5180137351071987,0.6546883308494639,0.09124568510035957,0.04648890923394702,0.04916799068450928,0.02879978503499712,0.07834821423142262,-100,Strong Bearish,High,15.41
0.36755600571632385,0.36755600571632385,0.3722819983959198,0.3556790053844452,0.3676230013370514,912142249,-8.431858382396129e-05,0.34371860668341714,0.35418191091387463,0.4173632596629463,0.5150343741291615,0.6524004238762914,-8.432213883558743e-05,0.03939518695519461,0.01660299301147461,0.027883570109094893,0.07586209904189448,-100,Strong Bearish,High,16.03
0.3588640093803406,0.3588640093803406,0.3737320005893707,0.358817994594574,0.36753299832344055,789514304,-0.023648086824329173,0.3467476872228018,0.3546075562290079,0.41506917141656957,0.5119418916588879,0.6500614883026185,-0.023932190779272788,0.04043409635137012,0.014914005994796753,0.02729985543659755,0.07607298230808068,-100,Strong Bearish,High,15.98
0.35323500633239746,0.35323500633239746,0.36599200963974,0.3509730100631714,0.3588629961013794,989571906,-0.01568561600162377,0.34804515104472095,0.3544827789656797,0.41264430219758247,0.5087991810583633,0.6476963370518597,-0.015809937024531626,0.0412041481697304,0.015018999576568604,0.025156640580722263,0.07121785816734603,-100,Strong Bearish,High,17.2
0.3373290002346039,0.3373290002346039,0.3552669882774353,0.336914986371994,0.35323500633239746,1038924972,-0.0450295293859575,0.34590192088269756,0.3529233445355819,0.4096907609441323,0.5054037319331404,0.6452232905433557,-0.04607485980245746,0.04666594023264096,0.018352001905441284,0.02444192554269518,0.07245723174021929,-100,Strong Bearish,High,16.89
0.3289780020713806,0.3289780020713806,0.3411029875278473,0.3234249949455261,0.3373720049858093,1094664825,-0.02475624140650623,0.3425171371204342,0.3507464952206545,0.40652555471382834,0.5019101531239966,0.6427034077666866,-0.025067830417445702,0.04724581383202077,0.017677992582321167,0.022553211876324246,0.06855537979536613,-100,Strong Bearish,Medium,22.86
0.3314479887485504,0.3314479887485504,0.3314580023288727,0.307668000459671,0.3290019929409027,1456445785,0.007508060300742692,0.34030330744605747,0.3489920855413723,0.4035813364406802,0.4985346647205224,0.6402232849059843,0.00748001510520269,0.04459878722473491,0.02379000186920166,0.02161278256348201,0.06520716159746658,-100,Strong Bearish,Medium,23.7
0.31367701292037964,0.31367701292037964,0.333077996969223,0.3114500045776367,0.33164501190185547,1249145615,-0.05361618242207089,0.33497804854092195,0.34578162439400933,0.4000556766947861,0.4948741171601235,0.6376213225794057,-0.0551070653885681,0.022632899548417774,0.021627992391586304,0.021206353391919817,0.06760569795818161,-100,Strong Bearish,Medium,23.1
0.31557899713516235,0.31557899713516235,0.31701400876045227,0.3105219900608063,0.31372401118278503,608601610,0.006063511626417828,0.3310982382597701,0.34303593100684143,0.3967428657316636,0.49132371874378755,0.6350552482730771,0.006045202514195441,0.023743094711008165,0.006492018699645996,0.01916042608874185,0.060715149812506204,-100,Strong Bearish,Medium,24.82
0.3217029869556427,0.3217029869556427,0.32524698972702026,0.31021401286125183,0.3155730068683624,728566418,0.019405568418919383,0.3292191879989447,0.3410965724567324,0.393800125387506,0.48796489237174506,0.6325584175056075,0.019219681356324243,0.028263107278879544,0.015032976865768433,0.017982067806380137,0.05589649004054648,-100,Strong Bearish,Medium,26.03
0.32879000902175903,0.32879000902175903,0.32910001277923584,0.3155730068683624,0.3216879963874817,1018446189,0.022029705515583364,0.3291333522035076,0.33997779396264394,0.3912507090594375,0.4848129144836265,0.6301379520993617,0.02179055742131753,0.031596654124193636,0.013527005910873413,0.01796213856765202,0.05463103523459955,-100,Strong Bearish,Medium,26.34
0.325423002243042,0.325423002243042,0.33015599846839905,0.31434598565101624,0.32870298624038696,1130550266,-0.01024059942920652,0.3283912822114145,0.33865463107904376,0.3886692303607553,0.4816566785976743,0.6277099445307855,-0.010293395116482246,0.02745725692618959,0.015810012817382812,0.0179549264056342,0.055174115787379324,-100,Strong Bearish,Medium,26.21
0.3322719931602478,0.3322719931602478,0.3330250084400177,0.3206450045108795,0.3254599869251251,1099742037,0.021046425329487528,0.3291674244011812,0.3380743912682441,0.38645757399995107,0.47869856601475497,0.6253558572688689,0.020828008598815683,0.027383352656262797,0.012380003929138184,0.018163355333464488,0.054664117672730494,-100,Strong Bearish,Medium,26.33
0.3421509861946106,0.3421509861946106,0.34352099895477295,0.32733801007270813,0.3322629928588867,1037133139,0.029731645271704688,0.3317641367598671,0.3384449908070047,0.3847200607526828,0.4759946535430689,0.623099244750349,0.029298229724314073,0.02935816636478005,0.01618298888206482,0.018326927508626665,0.05356385995685124,-100,Strong Bearish,Medium,26.61
0.34162798523902893,0.34162798523902893,0.3565090000629425,0.3370630145072937,0.3421669900417328,1469173608,-0.0015285677279450738,0.3337369064556995,0.3387343539371887,0.3830301754384218,0.47333392743803837,0.6208564458697806,-0.0015297371794703652,0.014378146053312972,0.019445985555648804,0.01620392714227949,0.04743149812783045,-100,Strong Bearish,Low,33.14
0.3449519872665405,0.3449519872665405,0.34704700112342834,0.34029901027679443,0.3415989875793457,602546961,0.009729887980886254,0.3359799226178677,0.3392995933307661,0.38153691315717164,0.470791710800979,0.6186580039685596,0.009682857442657592,0.014183286521160346,0.006747990846633911,0.015499998416219438,0.04493378495669533,-100,Strong Bearish,Low,33.77
0.3256630003452301,0.3256630003452301,0.3449299931526184,0.3221310079097748,0.3449299931526184,913229467,-0.055917888962344287,0.3339165381633402,0.3380599030593537,0.3793457793214092,0.4679178749503701,0.6163233824257442,-0.057542134587938956,0.029605142495486358,0.022820979356765747,0.016064782227788652,0.049329466997351974,-100,Strong Bearish,Low,32.67
0.31429699063301086,0.31429699063301086,0.32856300473213196,0.3123059868812561,0.32565900683403015,1042057085,-0.034901139214987054,0.32999262865727436,0.33589963829332253,0.37679484643166816,0.4648758772411155,0.6139167976305829,-0.035524736481086304,0.03102961295085708,0.016257017850875854,0.016153212104524885,0.051394739962324985,-100,Strong Bearish,Medium,27.15
0.3116590082645416,0.3116590082645416,0.3176009953022003,0.3090839982032776,0.31429600715637207,968873598,-0.00839327911844212,0.3263259045787278,0.33369594465434244,0.3742404998368789,0.4618418798356388,0.6115083690300567,-0.008428701028865292,0.03099900889380273,0.00851699709892273,0.015450711761202131,0.049575694433601276,-100,Strong Bearish,Low,32.61
0.3237299919128418,0.3237299919128418,0.32507601380348206,0.3043299913406372,0.3116590082645416,1295979555,0.03873138054156322,0.3258067220455506,0.3327899489505697,0.37225969560456373,0.4591069909658804,0.60921531423231,0.03800014215713393,0.034023871256871584,0.02074602246284485,0.015669856752668108,0.04840409336212173,-100,Strong Bearish,Low,32.9
0.3332209885120392,0.3332209885120392,0.3332209885120392,0.3133609890937805,0.32374998927116394,3386821229,0.029317631471577288,0.3272895753388484,0.33282913436524875,0.3707287659146608,0.4566141988380816,0.6070161562584433,0.028896088978696118,0.03395910552103725,0.019859999418258667,0.015389142291886466,0.04618299213565433,-100,Strong Bearish,Low,33.45
0.33453500270843506,0.33453500270843506,0.3462100028991699,0.3282319903373718,0.33321401476860046,1512184333,0.003943371641334625,0.32873866081276576,0.3329842133055384,0.36930940265167156,0.45419678901373217,0.6048449916883237,0.003935616931167991,0.03408201743662956,0.017978012561798096,0.015128429446901594,0.04522226171976037,-100,Strong Bearish,Low,33.69
0.3508610129356384,0.3508610129356384,0.35530000925064087,0.3321959972381592,0.3344930112361908,1292123515,0.0488020987191955,0.3331631312373403,0.33460937690827475,0.36858593638829773,0.4521505360220867,0.6028212149651948,0.04764865453247094,0.03908924132804188,0.02310401201248169,0.01631500039781843,0.046499895389663135,-100,Strong Bearish,Low,33.38
0.34341201186180115,0.34341201186180115,0.359919011592865,0.34338700771331787,0.35085201263427734,1093079294,-0.02123063207140574,0.33521290736223247,0.3354096164495044,0.3675987236617685,0.44999729791990284,0.6007542093627772,-0.02145924344012158,0.03150691397342604,0.01653200387954712,0.01642207375594548,0.04782032424233953,-100,Strong Bearish,Low,33.04
0.3661769926548004,0.3661769926548004,0.368833988904953,0.343423992395401,0.343423992395401,1627385386,0.06629057810057204,0.3414057244207461,0.33820665064998584,0.3675429695046325,0.44833748989485134,0.5988850681937894,0.0641858759348464,0.031309696707661226,0.025421977043151855,0.017271714551108226,0.04716766726900967,-60,Bearish,Low,43.21
0.37322500348091125,0.37322500348091125,0.37598899006843567,0.35291600227355957,0.36602500081062317,1604201237,0.01924755232438935,0.34776958023277915,0.34139013727097905,0.36776579436644735,0.44685011392625845,0.5970869800287466,0.019064661266600627,0.02847836941995691,0.0230729877948761,0.01779049847807203,0.04766695240712064,-60,Bearish,Low,43.08
0.3604840040206909,0.3604840040206909,0.38106000423431396,0.3587360084056854,0.37325701117515564,1534818247,-0.03413758280230539,0.3503124649903615,0.3431259433391347,0.36748023396073143,0.4451398939281284,0.5952016973513916,-0.034733880174245405,0.035634822842384666,0.02232399582862854,0.018500783613749912,0.05132206535491104,-60,Bearish,Medium,37.17
0.36703601479530334,0.36703601479530334,0.3679560124874115,0.34972599148750305,0.3606620132923126,1202692151,0.018175593650575195,0.3536571749513499,0.34529958619878637,0.3674628136013029,0.44359328246015167,0.5933836441039327,0.018012392105092177,0.03518045437735547,0.018230020999908447,0.018647000193595886,0.050804279258522766,-60,Bearish,Medium,37.3
0.3586040139198303,0.3586040139198303,0.3708379864692688,0.3554860055446625,0.3670330047607422,1150022760,-0.022973224794235914,0.35464654274504603,0.34650907962797217,0.36711540969222556,0.44191032664747204,0.5915128900785614,-0.02324122178185544,0.03784979231322493,0.015351980924606323,0.018354571291378567,0.051183396110791785,-60,Bearish,Medium,37.2
0.35954099893569946,0.35954099893569946,0.362619012594223,0.350847989320755,0.3585219979286194,863843426,0.002612868176312677,0.35562543398317675,0.3476937995650383,0.36681837397628336,0.4402792508511993,0.5896645084758295,0.002609460570718114,0.034000790735225654,0.011771023273468018,0.018713359321866716,0.05204791491724543,-60,Bearish,Medium,36.99
0.3592599928379059,0.3592599928379059,0.36656200885772705,0.35708698630332947,0.35953301191329956,912894827,-0.000781568996652382,0.3563523457541226,0.34874527168075353,0.3665219668728176,0.4386749091083618,0.5878286159209457,-0.0007818745809344879,0.032328986424219254,0.009475022554397583,0.017760076693126133,0.04943516407945619,-60,Bearish,Low,42.64
0.33731499314308167,0.33731499314308167,0.3601840138435364,0.3373129963874817,0.3592270016670227,1207904872,-0.061083895040674796,0.3525448752319144,0.34770615545005606,0.3653765953540044,0.4366677820595444,0.5858324914366599,-0.06302914885662503,0.03014324694490004,0.022871017456054688,0.018232505236353194,0.05405186726644956,-60,Bearish,Medium,36.49
0.3378159999847412,0.3378159999847412,0.3378159999847412,0.3264259994029999,0.3373050093650818,1110467650,0.001485278899082454,0.3495991001824798,0.3468070504077547,0.3642957876924647,0.43471032102836016,0.5838562644131386,0.001484176963364726,0.02779056843400411,0.011390000581741333,0.018437719770840237,0.05457917852225191,-60,Bearish,Medium,36.36
0.3591180145740509,0.3591180145740509,0.35912999510765076,0.331167995929718,0.3378260135650635,1314040220,0.06305803925886244,0.351502883060794,0.3479262289683271,0.3640927377662524,0.43321344367282927,0.5820655213865323,0.06114969736024655,0.03782442788074474,0.02796199917793274,0.0189531466790608,0.05277693100843489,-60,Bearish,Medium,36.81
0.3733760118484497,0.3733760118484497,0.37773799896240234,0.35152798891067505,0.3591429889202118,1839928651,0.0397028182819239,0.3558775088183252,0.3502398455937928,0.36445678773026013,0.43202854403274255,0.5804026567686991,0.03893492066650248,0.04028185052593341,0.026210010051727295,0.0194067188671657,0.051976340877096114,-60,Bearish,Medium,37.01
0.36867499351501465,0.36867499351501465,0.37909600138664246,0.36081600189208984,0.37338700890541077,1706911237,-0.01259057407079267,0.3584370057576631,0.3519157681320857,0.36462220756495645,0.43077401827991624,0.5787155837547255,-0.012670506991467451,0.03934561674173429,0.018279999494552612,0.019428289362362454,0.05269760549021673,-60,Bearish,Medium,36.83
0.38776400685310364,0.38776400685310364,0.40793898701667786,0.36485999822616577,0.36866798996925354,1767280595,0.051777347728661605,0.36430240597675123,0.3551746989249055,0.3655297291056681,0.4299223348853259,0.5771940572455493,0.050481445269447166,0.0430577423176749,0.043078988790512085,0.020855073417936052,0.053782901582808754,-60,Bearish,Medium,36.55
0.3804579973220825,0.3804579973220825,0.39787501096725464,0.38022300601005554,0.3877750039100647,1359568596,-0.018841381360567677,0.36753352424581753,0.3574731805973761,0.3661151513886648,0.42894284305239033,0.575626439238191,-0.019021141723369314,0.04440587094537511,0.017652004957199097,0.020935073494911194,0.05502597827425425,-60,Bearish,Medium,36.24
0.3799760043621063,0.3799760043621063,0.38539600372314453,0.3722749948501587,0.3803519904613495,1059391028,-0.001266875616674601,0.3700220202690753,0.3595188918487152,0.3666587142503684,0.42797320268228567,0.5740674716296167,-0.0012676787820007046,0.03241309665093601,0.01312100887298584,0.020056432911327908,0.052783419692509576,-60,Bearish,Medium,36.8
0.37202098965644836,0.37202098965644836,0.3914799988269806,0.3683359920978546,0.37991100549697876,1232425419,-0.02093557123169565,0.37042181414654995,0.3606554461948728,0.36686899956041075,0.42686523806791266,0.5724575395023405,-0.021157827822062696,0.035228499346272854,0.023144006729125977,0.020061505692345754,0.05392573604750643,-60,Bearish,Medium,36.52
0.3698520064353943,0.3698520064353943,0.37683001160621643,0.3645409941673279,0.37203899025917053,1105707649,-0.005830271090502381,0.37030785260431887,0.3614914971258293,0.3669859802221748,0.4257362631841004,0.5708431527846756,-0.005847333472192546,0.028711744947490226,0.01228901743888855,0.01934472152165004,0.052303951810598534,-60,Bearish,Medium,36.92
0.3713510036468506,0.3713510036468506,0.37459099292755127,0.36539000272750854,0.36986199021339417,916895439,0.0040529649302258886,0.37051648281282523,0.3623878159004676,0.3671571576113778,0.4246593273516796,0.5692535739070833,0.004044773792666255,0.02438000929569741,0.009200990200042725,0.018699790750231062,0.05035610666617261,-60,Bearish,Low,42.41
0.37659499049186707,0.37659499049186707,0.3778989911079407,0.3680360019207001,0.37127798795700073,986100302,0.014121375177441164,0.37173218434863364,0.3636793772269585,0.36752726870473035,0.42370755830495066,0.5677184457523804,0.014022597391628195,0.024297075588103036,0.0098629891872406,0.018307719911847795,0.04861381689633274,-60,Bearish,Low,42.85
0.37157100439071655,0.37157100439071655,0.37706100940704346,0.37157100439071655,0.37660500407218933,498759511,-0.013340554781646863,0.3716999483570503,0.3643967978782092,0.367685846574769,0.42267515129674804,0.5661555179327655,-0.01343033939437786,0.012771571443716996,0.005490005016326904,0.01785907575062343,0.04806369587397662,-60,Bearish,Low,42.98
0.3725059926509857,0.3725059926509857,0.3767240047454834,0.3693099915981293,0.37159401178359985,509151829,0.0025163111470507538,0.3718611572158374,0.36513399740300706,0.3678748719110912,0.4216817026106933,0.5646124938269347,0.0025131505370980935,0.01168615473626106,0.007414013147354126,0.017711860792977468,0.04754785464504553,-60,Bearish,Low,43.11
0.37875398993492126,0.37875398993492126,0.3841420114040375,0.3720560073852539,0.3725149929523468,1030742941,0.0167728772347282,0.3732397237596542,0.366372178542272,0.3683015039904571,0.42083164889434144,0.5631315495728151,0.016633765905869714,0.013884813126695343,0.01208600401878357,0.016941502690315247,0.0447295689036205,-60,Bearish,Low,43.82
0.36810100078582764,0.36810100078582764,0.3796660006046295,0.36293599009513855,0.37877699732780457,4098651206,-0.028126407726883795,0.3722119791648889,0.36652934420077704,0.3682936411196873,0.4197874776446679,0.5615775212956279,-0.028529532080547943,0.015855919330322172,0.016730010509490967,0.01732293197086879,0.047060268605321726,-60,Bearish,Low,43.23
0.3810650110244751,0.3810650110244751,0.3810650110244751,0.36007198691368103,0.3680799901485443,1732723595,0.03521862263610176,0.37398258553680613,0.3678507684574769,0.3687944791551692,0.41902069612743637,0.5601391746002402,0.03461263401159978,0.020659540947775706,0.020993024110794067,0.016825148037501743,0.044152959602006325,-60,Bearish,Low,43.96
0.38056299090385437,0.38056299090385437,0.3851099908351898,0.3783949911594391,0.3810980021953583,1088394568,-0.0013174133181922398,0.37529866661021577,0.3690064250435112,0.36925598941982357,0.4182591574101377,0.5587082886743726,-0.001318281870029359,0.020768300704623422,0.006714999675750732,0.01543264729636056,0.040552149487020066,-60,Bearish,Low,44.86
0.3799949884414673,0.3799949884414673,0.3805379867553711,0.3714829981327057,0.3805379867553711,923071430,-0.0014925320537292341,0.3762379309764661,0.37000538535241634,0.36967712663635865,0.4175014510939264,0.557284278313951,-0.0014936469892176676,0.020280407795606973,0.009079992771148682,0.014775503958974565,0.03888341796184114,-20,Neutral,Low,55.28
0.37796398997306824,0.37796398997306824,0.38603800535202026,0.37745198607444763,0.37997400760650635,590320028,-0.005344803300509571,0.37658314277578653,0.3707288948633847,0.3700021016691708,0.4167185310717312,0.5558554313949001,-0.005359137861423887,0.019519577298469707,0.008586019277572632,0.012311720422336034,0.03257379207795246,-20,Neutral,Low,56.86
0.3764509856700897,0.3764509856700897,0.3909299969673157,0.37588798999786377,0.3779990077018738,754512693,-0.004003038234108858,0.3765567113546472,0.3712490849367215,0.37025499908097154,0.415921153935065,0.5544259138990848,-0.004011071838043674,0.019670512391031392,0.015042006969451904,0.012125291994639806,0.032209483986491795,-20,Neutral,Low,56.95
0.37577399611473083,0.37577399611473083,0.38478100299835205,0.36796098947525024,0.3764509856700897,1046905199,-0.0017983471451239463,0.37640016830666395,0.3716604404983587,0.3704714303371974,0.41512616071089997,0.553002392641839,-0.0017999661126193414,0.018507084016745917,0.016820013523101807,0.012389506612505232,0.032970633254575936,-20,Neutral,Low,56.76
0.3772369921207428,0.3772369921207428,0.37762901186943054,0.3680419921875,0.3756659924983978,930440616,0.0038932869787118296,0.3765675330694797,0.3721673997367573,0.37073674648557176,0.41437588014475824,0.551601871522149,0.0038857277507726037,0.014019553358982776,0.009587019681930542,0.011421150394848414,0.030275796471181782,-20,Neutral,Low,57.43
0.379707008600235,0.379707008600235,0.39089301228523254,0.369841992855072,0.3772270083427429,1408497181,0.006547651823874068,0.3771954281756308,0.3728528187243461,0.3710885214704605,0.4136893678369459,0.5502321913395043,0.006526309064319768,0.004240452084264297,0.021051019430160522,0.01204700767993927,0.03172711434626865,-20,Neutral,Low,57.07
0.37096500396728516,0.37096500396728516,0.3808619976043701,0.3709149956703186,0.37971100211143494,927786270,-0.023023026794202872,0.3759493433339617,0.3726811992009769,0.37108367764680655,0.41284334082962587,0.5488037675357417,-0.023292196095510906,0.009637464483119675,0.009947001934051514,0.01210029423236847,0.03261842519634433,-20,Neutral,Low,56.85
0.33504900336265564,0.33504900336265564,0.3709689974784851,0.33380600810050964,0.3709689974784851,1645536381,-0.09681775968224993,0.3677692753397005,0.36926009048840225,0.36967055316507513,0.4113028588995869,0.547100542323207,-0.10183092940715548,0.038197027744189815,0.037162989377975464,0.014050294245992388,0.04193504265041615,-100,Strong Bearish,Low,34.52
0.33754101395606995,0.33754101395606995,0.3423829972743988,0.333622008562088,0.3350200057029724,848212364,0.0074377496079789385,0.3617236230629744,0.36637653807637205,0.36841057123531024,0.40984222830664596,0.545430745284425,0.007410225940207254,0.03919234354837445,0.008760988712310791,0.014283935938562666,0.042317630592949754,-100,Strong Bearish,Low,34.42
0.3453019857406616,0.3453019857406616,0.3481670022010803,0.33649900555610657,0.3374750018119812,835616993,0.022992677819003493,0.35843929559851184,0.3644606696822165,0.3675043521963044,0.4085642037013789,0.5438360938139568,0.02273232938669266,0.04179118908927671,0.011667996644973755,0.014587791902678353,0.042246475563666425,-100,Strong Bearish,Low,34.44
0.3447209894657135,0.3447209894657135,0.3452819883823395,0.33252400159835815,0.3452819883823395,1001511240,-0.001682574381093982,0.3556956343719522,0.36266615329889806,0.3666108869911832,0.40729998163730635,0.5422495192773175,-0.001683991499195433,0.04179608596761754,0.012777984142303467,0.014637219054358346,0.042461061268838654,-100,Strong Bearish,Low,34.38
0.34709200263023376,0.34709200263023376,0.34769099950790405,0.3339569866657257,0.3447340130805969,930696331,0.006878064396934835,0.3539749080236085,0.3612503214199286,0.36584544054565576,0.4061077444292455,0.5406944793040339,0.006854518417527983,0.042002509606019756,0.013734012842178345,0.014423219220978873,0.04155445562467859,-100,Strong Bearish,Low,34.61
0.34614500403404236,0.34614500403404236,0.3521359860897064,0.3396340012550354,0.3470740020275116,957472562,-0.0027283791876940855,0.3524089272256953,0.35987711074848433,0.36507287440794545,0.4049203634313207,0.5391442842819623,-0.002732107998140213,0.041468027473117605,0.01250198483467102,0.013816716415541512,0.03991597814360677,-100,Strong Bearish,Low,35.02
0.349496990442276,0.349496990442276,0.3513660132884979,0.3442789912223816,0.3461790084838867,970585823,0.009683763651559207,0.3518265398690114,0.35893346344791993,0.3644620554288996,0.4038228708968842,0.5376331504665066,0.009637176529984965,0.04199940319760545,0.007087022066116333,0.013843289443424769,0.03960918068538038,-100,Strong Bearish,Low,35.1
0.3383699953556061,0.3383699953556061,0.36956799030303955,0.33393898606300354,0.3494639992713928,1653482688,-0.03183716996415076,0.34913523096633037,0.35706405725770957,0.36343883738680965,0.40252677435151235,0.5360453962425153,-0.03235499300480292,0.017101550827601508,0.03562900424003601,0.01573964740548815,0.04651608482290738,-100,Strong Bearish,Low,33.37
0.3353469967842102,0.3353469967842102,0.3402490019798279,0.33042699098587036,0.33843299746513367,920820399,-0.008934003052542772,0.3463775841299063,0.355089779032846,0.3623371965788646,0.40119648172641725,0.5344462058085846,-0.008974150555299352,0.017263759733225043,0.00982201099395752,0.01582793252808707,0.04719867086888529,-100,Strong Bearish,Low,33.2
0.3230949938297272,0.3230949938297272,0.33716100454330444,0.3230940103530884,0.33532899618148804,596573621,-0.036535299471809446,0.3417210660698705,0.35218116219619877,0.36079828666713376,0.39964991760965113,0.5327621324063626,-0.03721942851064646,0.018401041568183913,0.014066994190216064,0.015758288758141652,0.048772927650022196,-100,Strong Bearish,Medium,27.81
0.33379700779914856,0.33379700779914856,0.33379700779914856,0.31939199566841125,0.3230549991130829,980137287,0.03312342863183271,0.34013625441572615,0.3505098754328306,0.3597394129860363,0.39834589959360156,0.5311767529274206,0.032586668606472996,0.024405397202508845,0.014405012130737305,0.015585788658687047,0.04669241573329287,-100,Strong Bearish,Low,33.33
0.32686901092529297,0.32686901092529297,0.33548200130462646,0.3211050033569336,0.3337790071964264,948448428,-0.020755119764357732,0.33748280571763956,0.3483607059321453,0.35845037761110515,0.39693051565957566,0.5295488027919455,-0.0209735347004205,0.024494829573974,0.014376997947692871,0.015927929963384355,0.048728785632801204,-100,Strong Bearish,Medium,27.82
0.3278700113296509,0.3278700113296509,0.33361300826072693,0.3248850107192993,0.32688701152801514,882676752,0.0030623900428012885,0.3355602468400418,0.3464979155137367,0.3572511475608521,0.3955629809203692,0.5279418004695368,0.003057710477748972,0.024820625317920335,0.008727997541427612,0.015047714114189148,0.045895365828562164,-100,Strong Bearish,Low,33.53
0.33319398760795593,0.33319398760795593,0.33319398760795593,0.32236799597740173,0.3278670012950897,875126154,0.016238070254470882,0.33508699499362465,0.34528846752230213,0.3563077295234836,0.39432795134982634,0.5263900250682493,0.016107642823990326,0.025681560835767583,0.0108259916305542,0.015110499092510768,0.045350455453866546,-100,Strong Bearish,Low,33.66
0.33125901222229004,0.33125901222229004,0.3349339962005615,0.3263010084629059,0.333173006772995,899373528,-0.005807353846800645,0.3343213984393577,0.34401306249502833,0.3553254268842211,0.39307906146611277,0.5248351962806321,-0.005824282096859587,0.02311523649302997,0.00863298773765564,0.013072641832487924,0.039463505444843804,-100,Strong Bearish,Low,35.13
0.32996898889541626,0.32996898889541626,0.33255699276924133,0.3275910019874573,0.3312639892101288,473116925,-0.0038943040921951555,0.33345091653056946,0.3427363285314272,0.3543310567670131,0.39182935705877225,0.5232824774966862,-0.003901906638546716,0.022977087984462,0.004965990781784058,0.012801570551736014,0.03879628384045955,-100,Strong Bearish,Low,35.3
0.3317990005016327,0.3317990005016327,0.33252599835395813,0.32894399762153625,0.3299590051174164,431905800,0.005546010891333886,0.33312053332478214,0.3417420259832641,0.35344744671739037,0.3906406371269477,0.5217567127397535,0.005530688399296537,0.01707518076704893,0.003582000732421875,0.012223999415125166,0.03684157998259255,-100,Strong Bearish,Low,35.79
0.33296000957489014,0.33296000957489014,0.3332349956035614,0.3233659863471985,0.3317990005016327,761048973,0.0034991337270520173,0.33308842857480375,0.3409436608552301,0.35264401780984134,0.38949844648235243,0.5202523565392367,0.0034930260023156817,0.011545066089910683,0.009869009256362915,0.012016215494700841,0.03608906520048056,-100,Strong Bearish,Low,35.98
0.3222079873085022,0.3222079873085022,0.34261998534202576,0.32107698917388916,0.33296799659729004,1337360825,-0.03229223317273355,0.3309123403215435,0.33924041780552755,0.3514504479862594,0.38816596214227617,0.5186743137565217,-0.03282513105814394,0.015322989845671908,0.021542996168136597,0.012574000017983573,0.039024482673498825,-100,Strong Bearish,Low,35.24
0.3373669981956482,0.3373669981956482,0.3384400010108948,0.31593799591064453,0.32215800881385803,1128804315,0.04704728462436214,0.33220327189636445,0.33907010693190215,0.350898155837608,0.3871600420641251,0.5172296339512558,0.04597409287852392,0.023895685022821002,0.022502005100250244,0.01328828717981066,0.03938822484380771,-100,Strong Bearish,Low,35.15
0.34024500846862793,0.34024500846862793,0.34260299801826477,0.32937198877334595,0.3373369872570038,1065222913,0.00853079965845005,0.33381161921081715,0.33917691616251355,0.35048038535254994,0.3862310314978776,0.5158193978916332,0.00849461801366416,0.023425608259117752,0.013231009244918823,0.013727143406867981,0.04034487814722397,-100,Strong Bearish,Low,34.91
0.3575170040130615,0.3575170040130615,0.35756000876426697,0.3399989902973175,0.34022700786590576,1487790472,0.05076340611775976,0.33855269617126604,0.3408441968761997,0.3507563311823739,0.38566243689421786,0.5145580242352302,0.04951695343959982,0.02869937049023681,0.017561018466949463,0.012436572994504656,0.03478596221971668,-100,Strong Bearish,Low,36.3
0.357681006193161,0.357681006193161,0.3612470030784607,0.3530089855194092,0.35746800899505615,851397394,0.00045872553825021534,0.34237835817564505,0.34237481590501434,0.3510278870651499,0.38510834915756326,0.5133080081552137,0.00045862035585583153,0.02837003952225807,0.008238017559051514,0.012323430606297084,0.034453690279662136,-60,Bearish,Low,46.39
0.355118989944458,0.355118989944458,0.35953399538993835,0.35176101326942444,0.357683002948761,650515883,-0.007162852386182972,0.34492648452940766,0.34353337718132737,0.3511883224721816,0.384514500460274,0.5120475378905862,-0.007188628775404055,0.02921242497987856,0.007772982120513916,0.011873858315604073,0.03343628094194904,-60,Bearish,Low,46.64
0.3594450056552887,0.3594450056552887,0.3594450056552887,0.34926900267601013,0.35514500737190247,1077587297,0.012181876591582208,0.3478301887545839,0.34497988886077835,0.3515121139695584,0.3840180748205714,0.5108315814584324,0.012108274669734211,0.029088390335394725,0.010176002979278564,0.01157178623335702,0.03219348176019582,-60,Bearish,Low,46.95
0.3336920142173767,0.3336920142173767,0.35964301228523254,0.33204400539398193,0.35946398973464966,1443625685,-0.07164654128651149,0.3450025538471425,0.34395371843865097,0.35081328652829635,0.3830215191650626,0.5094201108031252,-0.07434273647879899,0.04120645564891141,0.02759900689125061,0.012516215443611145,0.03750828581548768,-60,Bearish,Low,45.62
0.3420819938182831,0.3420819938182831,0.34389299154281616,0.3324260115623474,0.33296000957489014,1227835854,0.025142883987151476,0.34441844184137066,0.34378356165498114,0.3504708828926096,0.3822108354948293,0.5080867393530467,0.02483200188708719,0.0383808470666858,0.01146697998046875,0.012711857046399797,0.037160263551177866,-60,Bearish,Low,45.71
0.32633501291275024,0.32633501291275024,0.3424609899520874,0.3255999982357025,0.342074990272522,1521572444,-0.04603276755308483,0.34080175605564655,0.342197329951142,0.3495243781875171,0.3811043835625109,0.5066385184252356,-0.04712595566366199,0.04235926698455261,0.016860991716384888,0.01314292848110199,0.04027434372975454,-100,Strong Bearish,Low,34.93
0.356687992811203,0.356687992811203,0.35713401436805725,0.32354098558425903,0.3263840079307556,1375977237,0.09301171709260636,0.34397900340675786,0.34351466293842026,0.34980530425119105,0.3806208906763464,0.5054436935199444,0.08893692925826471,0.0523956597985463,0.03359302878379822,0.01492578855582646,0.041845503231522474,-60,Bearish,Low,44.54
0.3770039975643158,0.3770039975643158,0.37888801097869873,0.34756898880004883,0.3566470146179199,1621592330,0.05695735534295432,0.35058400223826947,0.3465591479044108,0.3508719196752352,0.38054926903056363,0.5044202696477881,0.05539436108174486,0.05648814072072422,0.0313190221786499,0.016808147941316878,0.04458347404777706,-60,Bearish,Low,43.85
0.35832300782203674,0.35832300782203674,0.39694100618362427,0.35811400413513184,0.37686800956726074,2485765138,-0.04955117150738464,0.3521318033550229,0.347628589715104,0.35116411921040386,0.3801091450462364,0.5032561480396148,-0.05082095491254767,0.06063620191752909,0.03882700204849243,0.019325648035321916,0.053933595145863794,-60,Bearish,Medium,36.52
0.38707301020622253,0.38707301020622253,0.3914949893951416,0.3417620062828064,0.3583369851112366,2788638051,0.08023487679156971,0.3591200447252629,0.35121444612338754,0.3525723110141614,0.3802470433662361,0.5023303859851654,0.07717849600181784,0.06720434050329531,0.049732983112335205,0.022173074739319936,0.057283959756085016,-60,Bearish,Medium,35.68
0.41518300771713257,0.41518300771713257,0.42152100801467896,0.3724899888038635,0.3869580030441284,3912067532,0.07262195185330467,0.3703326373236368,0.3570297699046371,0.35502763245349367,0.3809388446405113,0.501635984564703,0.07010607337749719,0.05838031498724171,0.04903101921081543,0.02413650495665414,0.05813461656190547,-20,Neutral,Medium,45.47
0.3968279957771301,0.3968279957771301,0.42832499742507935,0.3880090117454529,0.4151659905910492,3401100359,-0.044209448842636334,0.37563170901433546,0.3606477904385001,0.35666686238775397,0.381253481296682,0.500800861148069,-0.045216478681708944,0.06525532462820866,0.040315985679626465,0.025408932140895298,0.06403008963905277,-20,Neutral,High,38.99
0.48510101437568665,0.48510101437568665,0.49122899770736694,0.39478498697280884,0.39653798937797546,4916275588,0.22244654998618896,0.3975255700866057,0.37196171988733523,0.3617034957990455,0.3833098680903257,0.5006757627674125,0.20085421951837226,0.08599239121103709,0.0964440107345581,0.03135271796158382,0.06463131808110939,-20,Neutral,High,38.84
0.5071709752082825,0.5071709752082825,0.552282989025116,0.4589180052280426,0.4851369857788086,7798770582,0.04549559819205773,0.4194546511109411,0.3842534703710577,0.3674081028347018,0.3857625632807803,0.5007275174482163,0.04449102963575386,0.08484284211223671,0.09336498379707336,0.03676728691373553,0.0724948561944739,-20,Neutral,High,36.88
0.4887160062789917,0.4887160062789917,0.5150150060653687,0.47401899099349976,0.5072000026702881,3512953969,-0.03638806207652512,0.43330692214455124,0.39375006454450623,0.37216527551879164,0.3878012453203488,0.5006318081958719,-0.03706661943950424,0.0908960381684137,0.040996015071868896,0.03910714387893677,0.08002018222544527,-20,Neutral,High,34.99
0.49262699484825134,0.49262699484825134,0.518314003944397,0.47873398661613464,0.4887320101261139,3422191941,0.008002579246457087,0.4451709366852913,0.40273887639030126,0.3768892645121038,0.3898770027367429,0.5005680248225841,0.007970728422150321,0.08386507528354833,0.03958001732826233,0.04137907496520451,0.08399676712387819,-20,Neutral,High,34.0
0.4676780104637146,0.4676780104637146,0.4998610019683838,0.4598369896411896,0.49268099665641785,2916387564,-0.05064477717511606,0.44967235144097595,0.40864243403333883,0.38044960749059836,0.3914176167511384,0.5003059529950233,-0.0519722376332751,0.08972906846604395,0.040024012327194214,0.043511075632912774,0.09303639397065182,-20,Neutral,High,31.74
0.4487760066986084,0.4487760066986084,0.4852280020713806,0.440310001373291,0.4677639901638031,2838537511,-0.0404167041045278,0.44949308249250247,0.4122909406392724,0.3831290741262066,0.39255342645306845,0.49989535581337863,-0.041256155530058035,0.09068467221406755,0.0449180006980896,0.04474814661911556,0.09971153972402046,-20,Neutral,High,30.07
0.4506720006465912,0.4506720006465912,0.45437899231910706,0.4195629954338074,0.448635995388031,2670489294,0.004224811308275012,0.44972886612332025,0.415780127912665,0.38577781634269226,0.3937042893083857,0.49950313784392214,0.004215911849863118,0.08743335333594972,0.03481599688529968,0.046415933540889194,0.10299271637531289,-20,Neutral,High,30.0
0.4854170083999634,0.4854170083999634,0.5029749870300293,0.4285280108451843,0.4505940079689026,3292742359,0.07709599820606261,0.4568664945786489,0.42211075341151033,0.3896852356390559,0.39552038275574364,0.49939089776867146,0.07426852902654975,0.047176318386210926,0.07444697618484497,0.0505292181457792,0.10409445336976168,-20,Neutral,High,30.0
0.47977399826049805,0.47977399826049805,0.4959869980812073,0.47221800684928894,0.48543500900268555,3780354931,-0.011625077081797941,0.4614479953150188,0.4273528665796001,0.39321812829087716,0.39718877118158036,0.499234587812431,-0.011693176579462226,0.04295425835687736,0.023768991231918335,0.04982750117778778,0.10385619345451365,-20,Neutral,High,30.0
0.4751099944114685,0.4751099944114685,0.48351699113845825,0.46960699558258057,0.4798220098018646,1544057825,-0.009721251810101639,0.46418039513430875,0.4316944236552245,0.39642957402109646,0.3987317657009841,0.49904235997656676,-0.009768811656976895,0.041066156262726417,0.013909995555877686,0.048583999276161194,0.10225842404419107,-20,Neutral,High,30.0
0.44885000586509705,0.44885000586509705,0.4774340093135834,0.44815799593925476,0.4751189947128296,1524148633,-0.055271387373992065,0.4611143172804664,0.43325402203794017,0.3984852772306651,0.3997242061002735,0.49864242089998134,-0.056857575139499066,0.04502676310426357,0.029276013374328613,0.04790178579943521,0.1067211433073529,-20,Neutral,High,30.0
0.4628790020942688,0.4628790020942688,0.4675680100917816,0.43954798579216003,0.4488680064678192,1852548565,0.031255421735224775,0.46146725424322693,0.435947202043061,0.40101052134296333,0.40097479611995657,0.4983574534194577,0.030776916093151363,0.04403147198574913,0.028020024299621582,0.04635086016995566,0.10013601818238443,20,Neutral,High,40.0
0.4801740050315857,0.4801740050315857,0.4845980107784271,0.45296698808670044,0.4628779888153076,2192220219,0.037363982507451654,0.46520860440089873,0.4399678204965632,0.40411497168369365,0.4025430972865235,0.4982125653844946,0.03668286333056617,0.04210717294081334,0.031631022691726685,0.04510800327573504,0.09394095224452613,20,Neutral,High,41.51
0.48968300223350525,0.48968300223350525,0.499330997467041,0.47340500354766846,0.480120986700058,2480530357,0.019803231958160694,0.4701034839674201,0.44448738247264885,0.40747058072486275,0.40426863995874096,0.4981446007378732,0.019609698841741737,0.04217734253360404,0.02592599391937256,0.044080146721431186,0.0900177186473211,20,Neutral,High,42.5
0.49318400025367737,0.49318400025367737,0.504086971282959,0.48937198519706726,0.48969900608062744,1913140571,0.007149519187318321,0.47471958722467156,0.44891434772546956,0.41083189129462017,0.4060293401626011,0.49810507404078797,0.007124082542905213,0.0320340706451771,0.014714986085891724,0.03824235924652645,0.07754176783280856,20,Neutral,High,45.61
0.5182780027389526,0.5182780027389526,0.5216460227966309,0.4842050075531006,0.49327701330184937,2627481992,0.050881623232643,0.4834312703275278,0.4552201345448771,0.41504546429243716,0.4082520859561922,0.4982658145085024,0.04962945304191797,0.0357493792251327,0.03744101524353027,0.034247790064130514,0.06607996072212333,20,Neutral,Medium,53.48
0.5171129703521729,0.5171129703521729,0.5279020071029663,0.5143830180168152,0.5182250142097473,1771062053,-0.0022478908628630334,0.49016761033245687,0.46084675598190394,0.4190481115888974,0.4104077470333403,0.4984159910490894,-0.0022504211621309405,0.035127959580109884,0.013518989086151123,0.032285145350864956,0.062433447238574566,20,Neutral,Medium,54.39
0.5340610146522522,0.5340610146522522,0.5414159893989563,0.508167028427124,0.5171489715576172,1789206998,0.03277435545377472,0.498946291196416,0.4675025976792083,0.42355842151295053,0.4128563265901505,0.4987000151415449,0.03224873012367959,0.017888575763887027,0.033248960971832275,0.03183292703969138,0.05960541242730295,60,Bullish,Medium,65.1
0.49701398611068726,0.49701398611068726,0.537319004535675,0.49701398611068726,0.5340290069580078,2359086772,-0.06936853191893755,0.49855983017927025,0.47018545117297916,0.4264390318893324,0.4145228148974879,0.4986865806472751,-0.07189192531301322,0.04027874223134796,0.04030501842498779,0.03185299890381949,0.06408873752845597,20,Neutral,Medium,53.98
0.48539701104164124,0.48539701104164124,0.5008909702301025,0.4809100031852722,0.4966610074043274,2303743073,-0.023373537553647128,0.49592726635174444,0.47156832025194845,0.4287511095031485,0.4159262643260849,0.4985806876623697,-0.02365103121712125,0.0401134233197874,0.019980967044830322,0.030071782214300975,0.06195296124664677,20,Neutral,Medium,54.51
0.48837000131607056,0.48837000131607056,0.4947350025177002,0.48375600576400757,0.4854130148887634,1375026360,0.0061248631672647935,0.49441581334460966,0.47309574580323227,0.431089105260518,0.41736079377143115,0.4984993276118016,0.006106182432014783,0.0394185996343743,0.010978996753692627,0.028369139347757612,0.05808943889122553,20,Neutral,Medium,55.48
0.4808120131492615,0.4808120131492615,0.4890959858894348,0.4450240135192871,0.48835301399230957,2840221578,-0.015475946815819208,0.4916950533055401,0.4737972246528713,0.4330390232169394,0.41861725356109114,0.49835839283520766,-0.015596949323115944,0.0396322451040812,0.044071972370147705,0.02619949621813638,0.05449010320381306,20,Neutral,Medium,56.38
0.4889659881591797,0.4889659881591797,0.5095369815826416,0.4793039858341217,0.48080599308013916,2184144921,0.016958758905607718,0.49114924027626805,0.4751762031534448,0.4352322375283998,0.4200102978105582,0.498283552957311,0.016816564528946552,0.03379350874731211,0.030232995748519897,0.02666121082646506,0.0545256960035954,20,Neutral,Medium,56.37
0.48150700330734253,0.48150700330734253,0.4896700084209442,0.4799799919128418,0.4889569878578186,842401177,-0.015254608771293365,0.489220792882483,0.4757517304401627,0.43704693422561325,0.421228054355049,0.4981498752708571,-0.015372157285555155,0.033764830548690984,0.009690016508102417,0.026359783751623973,0.054744341350314085,20,Neutral,Medium,56.31
0.47701001167297363,0.47701001167297363,0.4871029853820801,0.47181299328804016,0.48153001070022583,1028960255,-0.009339410649233049,0.48677863664058113,0.4758661196431455,0.4386141137333529,0.42233264756926536,0.4979814301425871,-0.009383296403317677,0.0282614521523883,0.015289992094039917,0.02536078223160335,0.0531661424519326,20,Neutral,Medium,56.71
0.4799180030822754,0.4799180030822754,0.4812619984149933,0.4653330147266388,0.4770109951496124,1476868338,0.006096290094840695,0.48540650992892,0.4762344726830664,0.44023387409997733,0.4234729516388299,0.4978374984528635,0.006077782897123007,0.014770343503701199,0.015928983688354492,0.0244971364736557,0.05104442074755008,20,Neutral,Medium,57.24
0.4659770131111145,0.4659770131111145,0.48335400223731995,0.4598439931869507,0.4799180030822754,1380317427,-0.02904869140483335,0.48152061056535894,0.4753019763583435,0.4412434089631592,0.42431461622243954,0.49758363004376593,-0.029478957576192885,0.01610113734110941,0.023510009050369263,0.0239170640707016,0.051326703673681986,20,Neutral,Medium,57.17
0.45122700929641724,0.45122700929641724,0.466390997171402,0.450080007314682,0.46598801016807556,1434466929,-0.03165393012890971,0.4754618903115706,0.4731133429890774,0.44163492270171834,0.42484753489717175,0.49721425457964363,-0.032165745399695876,0.017781555795289998,0.01631098985671997,0.023230278066226413,0.05148246356628471,20,Neutral,Medium,57.13
0.4480839967727661,0.4480839967727661,0.4637860059738159,0.4344260096549988,0.4512229859828949,1712992943,-0.006965479589867485,0.46998631160380977,0.47083794787850364,0.44188782756724965,0.4253076628551043,0.4968227784218199,-0.006989851784782329,0.017732454172056288,0.02935999631881714,0.024276350225721086,0.05417812374591943,-20,Neutral,Medium,46.46
0.46109798550605774,0.46109798550605774,0.46109798550605774,0.43780601024627686,0.44800400733947754,1644912255,0.02904363652132691,0.4682086463842594,0.46995249675373585,0.44264116709426177,0.42601638211551923,0.4965381187173118,0.028629862679037978,0.02098219254764726,0.023291975259780884,0.02326570451259613,0.050457180998225104,-20,Neutral,Medium,47.39
0.46546998620033264,0.46546998620033264,0.47005999088287354,0.4572870135307312,0.4610869884490967,884856882,0.009481717187457717,0.46766091434747403,0.46954499579433556,0.44353641490234297,0.42679764160234723,0.496290563876539,0.009437047846434085,0.02168832933729962,0.012772977352142334,0.02321241796016693,0.04986877489062547,-20,Neutral,Medium,47.53
0.46903300285339355,0.46903300285339355,0.47100600600242615,0.45343801379203796,0.4654900133609772,950974305,0.007654664658716337,0.467935332048658,0.46949845098152265,0.44453628109650184,0.42763398538949665,0.49607337215523906,0.007625516365638357,0.022044226573709615,0.017567992210388184,0.022092348762920926,0.04710190674967571,-20,Neutral,Low,53.22
0.45382100343704224,0.45382100343704224,0.47098198533058167,0.4496909976005554,0.4690369963645935,1293537737,-0.03243268453138293,0.46511246632633485,0.468073228477479,0.4449003878549544,0.4281525402023193,0.4957366998945363,-0.03297027978679841,0.024357809440531755,0.021290987730026245,0.020734203713280813,0.04568806546248191,-20,Neutral,Low,53.58
0.461544007062912,0.461544007062912,0.47101399302482605,0.4453839957714081,0.45380699634552,1605966218,0.017017730707435508,0.4643987744736503,0.4674796628943365,0.4455530788042861,0.4288137573678756,0.4954642481588261,0.01687455123837556,0.023836614768450348,0.02562999725341797,0.021137705871037075,0.045797812445988156,-20,Neutral,Low,53.55
0.46937599778175354,0.46937599778175354,0.4702509939670563,0.45809200406074524,0.4614660143852234,1440473976,0.01696910933516671,0.46539421913527096,0.4676520569750108,0.4464873109210495,0.42961697004933846,0.4952563736538295,0.01682674230341014,0.020201149027076686,0.012158989906311035,0.021221991096224104,0.0452132004970815,-20,Neutral,Low,53.7
0.4624069929122925,0.4624069929122925,0.48045599460601807,0.4609769880771637,0.4693950116634369,1694861069,-0.014847382274330578,0.4647967738906753,0.46717523296930913,0.4471116121756081,0.4302662774327633,0.49499462560011215,-0.014958707958825904,0.02122943972454855,0.01947900652885437,0.019465350678988864,0.04209571000731162,-20,Neutral,Low,54.48
0.47398099303245544,0.47398099303245544,0.4746739864349365,0.4577850103378296,0.4624269902706146,1201992237,0.02502989854731341,0.46663361771903134,0.46779393842959516,0.4481653133856805,0.43113191536543044,0.49482718629678424,0.02472178147940743,0.020528774881742637,0.016888976097106934,0.018512206418173655,0.03905685394626372,-20,Neutral,Low,55.24
0.47041600942611694,0.47041600942611694,0.4816659986972809,0.46769699454307556,0.4739840030670166,1404785407,-0.00752136406046644,0.4673900960604485,0.468032308520188,0.44903788970099173,0.4319098182181173,0.49463267492729684,-0.007549792154197921,0.02077276357514441,0.013969004154205322,0.01881784839289529,0.04000256797350942,-20,Neutral,Low,55.0
0.45845499634742737,0.45845499634742737,0.4725100100040436,0.4556420147418976,0.47040700912475586,964813817,-0.0254264583666729,0.4656030761178443,0.46716164377720976,0.44940718800085194,0.4324354653097868,0.4943444065720788,-0.025755296865183804,0.02286138900644288,0.016867995262145996,0.018930562904902866,0.041292085495250805,-20,Neutral,Low,54.68
0.4659149944782257,0.4659149944782257,0.46611401438713074,0.449523001909256,0.45840099453926086,1462007947,0.01627204020074635,0.4656654597899206,0.46704831202275665,0.450054552960749,0.43309842628341927,0.4941178773920481,0.01614106941911907,0.019514407034476995,0.016591012477874756,0.018977850675582886,0.04073243166778957,-20,Neutral,Low,54.82
0.46457698941230774,0.46457698941230774,0.46640101075172424,0.4552760124206543,0.4658209979534149,1273429763,-0.002871779362706217,0.46544776571439805,0.4668236463308976,0.45062406027257484,0.43372176416715963,0.49388249183045657,-0.0028759108327363297,0.018713095366007095,0.011124998331069946,0.01809320705277579,0.038945551469658,-20,Neutral,Low,55.26
0.450874000787735,0.450874000787735,0.4652999937534332,0.44782400131225586,0.4645250141620636,1381853436,-0.029495624916565766,0.46253301272906544,0.46537367855424644,0.45063386186140464,0.43406141241707197,0.49353979469067394,-0.029939368311688624,0.020369035357917373,0.017475992441177368,0.018176421523094177,0.040313749498391185,-20,Neutral,Low,54.92
0.4551349878311157,0.4551349878311157,0.4593620002269745,0.4500980079174042,0.45088499784469604,1086924485,0.009450505098844042,0.46105340774947556,0.4644428884885073,0.4508103766053149,0.4344787109401223,0.4932337802933866,0.009406128444314864,0.020612504100681023,0.009263992309570312,0.016740992665290833,0.03678247797443077,-20,Neutral,Low,55.8
0.5044040083885193,0.5044040083885193,0.5051109790802002,0.4539969861507416,0.45514100790023804,2774226120,0.1082514459988857,0.46972352787728433,0.46807571757032657,0.4529120876556367,0.4358633702955361,0.49332278609494146,0.10278349940092557,0.044694431854770574,0.05111399292945862,0.018728279641696384,0.03712952183217158,20,Neutral,Low,65.72
0.4933300018310547,0.4933300018310547,0.5071030259132385,0.4921039938926697,0.5044329762458801,1216193223,-0.021954636309977182,0.4744448226680384,0.47037156159402915,0.45449710389780995,0.43700132339524933,0.4933228435908467,-0.022199225881903102,0.045918562536063565,0.014999032020568848,0.018887283546583995,0.038285292758359575,20,Neutral,Low,65.43
0.47067001461982727,0.47067001461982727,0.49429601430892944,0.47047901153564453,0.49332499504089355,940815148,-0.04593271669495491,0.47368986105839617,0.4703986936872835,0.45513133569083025,0.43766803015217165,0.4931423429615956,-0.047021082447380375,0.049029082307637945,0.023817002773284912,0.01933364144393376,0.04107684968958572,20,Neutral,Low,64.73
0.46585699915885925,0.46585699915885925,0.4791699945926666,0.46215999126434326,0.4706839919090271,1592938583,-0.01022588079008091,0.4721232886784888,0.4699858123665176,0.45555194994447845,0.4382262275582447,0.49292492986356584,-0.010278524300728125,0.04893361712865325,0.017010003328323364,0.019027856843812124,0.040844844830427336,20,Neutral,Low,64.79
0.4062420129776001,0.4062420129776001,0.4666289985179901,0.362060010433197,0.46582499146461487,3984776863,-0.12796842440684286,0.45894703353831107,0.46419092151297964,0.45361822692616954,0.43759287677446956,0.49223422933060995,-0.1369296451861319,0.07134012637173333,0.10456898808479309,0.02466635618891035,0.06071837821035619,-20,Neutral,Medium,44.82
0.3331809937953949,0.3331809937953949,0.40985798835754395,0.32581499218940735,0.40625301003456116,3642933610,-0.17984604459468778,0.4337938255897279,0.4522809280841083,0.4488951981759431,0.43552531473528,0.49096687287216206,-0.19826320585247334,0.0986980971634697,0.0840429961681366,0.029800928064755032,0.08944366161250981,-20,Neutral,High,32.64
0.3957050144672394,0.3957050144672394,0.40045100450515747,0.33121898770332336,0.33315300941467285,3104223968,0.18765782513464813,0.42617606336523023,0.44713766320984744,0.446809308618739,0.43473679393789305,0.49020781423945353,0.1719831534720679,0.1279408152261169,0.0692320168018341,0.03335471451282501,0.0842918671569841,-20,Neutral,High,33.93
0.38415899872779846,0.38415899872779846,0.3976829946041107,0.3692919909954071,0.3956489861011505,1720205430,-0.029178340726831564,0.4177726504377439,0.44141233007511566,0.4443524337210551,0.43373525343868324,0.48936280375728897,-0.02961249463159149,0.11599458430856766,0.028391003608703613,0.03417628790651049,0.08896391343087243,-60,Bearish,High,22.76
0.3636769950389862,0.3636769950389862,0.3841800093650818,0.36141499876976013,0.3841800093650818,931936263,-0.053316475096617744,0.4069535193579924,0.4343454814354675,0.44118869102764063,0.43234796119314467,0.48836132320973275,-0.05479042865702496,0.11586638475238148,0.022765010595321655,0.03480457408087594,0.09570188534236236,-60,Bearish,High,21.07
0.3402960002422333,0.3402960002422333,0.36875900626182556,0.3353370130062103,0.3636719882488251,1064115311,-0.06429055209897583,0.3936220155348406,0.4257955285997189,0.43723211491840897,0.4305251500852058,0.4871815198394738,-0.06645026960362976,0.11619539260388019,0.033421993255615234,0.03598700250898089,0.10575205845312381,-60,Bearish,High,20.0
0.3764060139656067,0.3764060139656067,0.3778989911079407,0.32395899295806885,0.34033000469207764,2400878272,0.10611354143942098,0.39017881522099385,0.4213055727238905,0.4348467776261422,0.4294534840234316,0.4862988464858971,0.10085255736032792,0.12884610126389104,0.053939998149871826,0.03865478719983782,0.10269439319683618,-60,Bearish,High,20.0
0.3885209858417511,0.3885209858417511,0.3959369957447052,0.36847200989723206,0.37634000182151794,1966568664,0.03218591474803434,0.38984724934514536,0.4183251557346051,0.43303007990910725,0.42864293950498245,0.4855197400265812,0.03167880078396309,0.12115529160079734,0.027464985847473145,0.03982192916529519,0.10249621157276458,-60,Bearish,High,20.0
0.37630099058151245,0.37630099058151245,0.3902609944343567,0.3648560047149658,0.38853201270103455,1315104592,-0.03145260025983765,0.38713799759241885,0.4145047770843239,0.4308054097393976,0.42760646526887414,0.4846494711067002,-0.031957855938601704,0.08939878987292067,0.02540498971939087,0.040388286113739014,0.10732973636695836,-60,Bearish,High,20.0
0.38254401087760925,0.38254401087760925,0.3847860097885132,0.37040600180625916,0.3762899935245514,1326199204,0.016590496576820657,0.38621920024945694,0.41159925288371346,0.4289128058624648,0.42671413943934416,0.48383588178216563,0.016454377744613762,0.05859168717060406,0.014380007982254028,0.04075371580464499,0.10653340438176065,-60,Bearish,High,20.0
0.3830629885196686,0.3830629885196686,0.3863759934902191,0.37602299451828003,0.38254299759864807,945178987,0.001356648195507626,0.3855879579034993,0.4090050470324367,0.4271147738098061,0.42584976021321197,0.4830329105211099,0.0013557287797996043,0.05756899789889317,0.010352998971939087,0.03784221623625074,0.0987884952876561,-60,Bearish,High,20.3
0.3846989870071411,0.3846989870071411,0.38744398951530457,0.37690600752830505,0.38305601477622986,571403780,0.004270834135646329,0.38541016372422765,0.40679540521195523,0.4254514096214663,0.42503489341705214,0.4822493732819548,0.0042617400073537955,0.05236307207771999,0.010537981986999512,0.0375235698052815,0.09754007957547586,-60,Bearish,High,20.61
0.3619450032711029,0.3619450032711029,0.3935849964618683,0.36104199290275574,0.38469699025154114,1156162576,-0.0591475010450595,0.38071713163360277,0.40271809594460506,0.4229609623136089,0.4237855886616868,0.48129077272409937,-0.06096890093406544,0.05108916525981926,0.03254300355911255,0.03814685557569776,0.10539406603473711,-100,Strong Bearish,High,10.0
0.36479899287223816,0.36479899287223816,0.3671959936618805,0.3477970063686371,0.3619459867477417,2153323835,0.007885147122745462,0.37753350388132983,0.3992709047562081,0.4206801007668885,0.4226175372599155,0.48036255137069805,0.00785422181088585,0.031502227726334764,0.019398987293243408,0.03831749728747776,0.10503728912677542,-100,Strong Bearish,High,10.0
0.37606099247932434,0.37606099247932434,0.3776730000972748,0.3524470031261444,0.3647240102291107,1363821412,0.03087179467907797,0.37723900160092877,0.3971609127310368,0.418930331814435,0.421695625482082,0.47953146325204166,0.03040484684590142,0.03126131207734756,0.02522599697113037,0.032650140779359,0.08682139714651232,-100,Strong Bearish,High,13.29
0.38158100843429565,0.38158100843429565,0.3817889988422394,0.36906999349594116,0.3760429918766022,1100062349,0.014678512436449465,0.3781074029676022,0.3957445577949694,0.41746565246619427,0.4209012766296506,0.47875098154034645,0.014571825806332695,0.029378845819863178,0.012719005346298218,0.027555570006370544,0.0722142071992436,-100,Strong Bearish,High,16.95
0.40199199318885803,0.40199199318885803,0.40397700667381287,0.3754419982433319,0.3815790116786957,1259638131,0.05349056767346161,0.3828843210118534,0.3963125064671411,0.4168588422984556,0.4205268353733973,0.4781393561351553,0.05210900089830603,0.034880149437265265,0.028535008430480957,0.024648640836988176,0.061316248220416945,-100,Strong Bearish,Medium,24.67
0.40841200947761536,0.40841200947761536,0.41690999269485474,0.39023301005363464,0.40198200941085815,1269230070,0.015970507864670802,0.3879898587050058,0.3974124612862751,0.4165275939525403,0.42028693783090654,0.4775837597474458,0.01584432104272539,0.03491343746186604,0.026676982641220093,0.024526210767882212,0.06005261892090974,-100,Strong Bearish,Medium,24.99
0.3966290056705475,0.3966290056705475,0.4122759997844696,0.39508599042892456,0.4084100127220154,614794664,-0.0288507769938966,0.38971768809811413,0.3973412380484817,0.41574725715716804,0.41981846392674105,0.47693870194603627,-0.029275142780407114,0.03787230695632633,0.017190009355545044,0.024127996393612454,0.06083265734138951,-100,Strong Bearish,Medium,24.79
0.396820992231369,0.396820992231369,0.4079110026359558,0.39597100019454956,0.3966059982776642,630018233,0.0004840456902464041,0.3911383489247651,0.39729394297419873,0.4150050506894897,0.4193630684476248,0.4763003138208198,0.00048392857792156776,0.025209724819676805,0.01194000244140625,0.02259356847831181,0.05693642453557116,-100,Strong Bearish,Medium,25.77
0.39031800627708435,0.39031800627708435,0.3987790048122406,0.3755199909210205,0.3968009948730469,1179083829,-0.01638770650140675,0.390974280395229,0.39665976691082466,0.4140369313007679,0.4187879187016735,0.4756151958324235,-0.016523470244645195,0.027629567340138342,0.023259013891220093,0.02040206960269383,0.052270377678170776,-100,Strong Bearish,Medium,26.93
0.39854899048805237,0.39854899048805237,0.40297600626945496,0.38425499200820923,0.39027899503707886,969049648,0.02108789263779154,0.3924892224137937,0.3968315145087544,0.4134295610728183,0.4183871478459582,0.475001122483066,0.02086862033325927,0.02665407503447546,0.018721014261245728,0.019777500203677585,0.0496237618854801,-100,Strong Bearish,Medium,27.59
0.4087429940700531,0.4087429940700531,0.41081398725509644,0.39517998695373535,0.3985530138015747,933343511,0.025577793007372618,0.39573997674504563,0.3979143762870543,0.4132457741315334,0.4181961745038611,0.47447316926861965,0.025256154265926742,0.027369598936405396,0.015634000301361084,0.01907957238810403,0.046678653004225065,-100,Strong Bearish,Low,33.33
0.39670801162719727,0.39670801162719727,0.40898099541664124,0.39547500014305115,0.4087440073490143,742091191,-0.029443886788168894,0.39593358372147597,0.39780470677252183,0.412597234425481,0.41777066632808557,0.47385352657824975,-0.02988605917606806,0.02353321764424557,0.013505995273590088,0.019017142908913747,0.04793738052052484,-100,Strong Bearish,Medium,28.02
0.3962729871273041,0.3962729871273041,0.39758598804473877,0.38550499081611633,0.3967140018939972,778302835,-0.001096586121638543,0.3960014644026416,0.3976654595320475,0.4119570678647682,0.4173449697102483,0.4732353549491585,-0.0010971878121101284,0.02224105184991964,0.012080997228622437,0.019140571355819702,0.04830147897431809,-100,Strong Bearish,Medium,27.92
0.3881469964981079,0.3881469964981079,0.3964180052280426,0.3876110017299652,0.3962709903717041,496500336,-0.020506042281871917,0.3944305708217349,0.39680014471078023,0.41102333957587955,0.4167667920228792,0.4725573600611023,-0.020719210357632092,0.020830827158066726,0.008807003498077393,0.019016930035182407,0.0489941445038983,-100,Strong Bearish,Medium,27.75
0.390735000371933,0.390735000371933,0.3928239941596985,0.3875409960746765,0.38812199234962463,450960651,0.006667587015162457,0.3936914567317745,0.3962487679527032,0.4102277184306268,0.4162513110000882,0.47190538906756313,0.006645456971723289,0.02113488560250362,0.005282998085021973,0.01706978678703308,0.043686352056469695,-100,Strong Bearish,Low,34.08
0.3895840048789978,0.3895840048789978,0.39460301399230957,0.383432000875473,0.39064499735832214,890179719,-0.002945718944654452,0.3928699663612192,0.3956428804005481,0.40941816103644524,0.41572324553234385,0.4712494417831921,-0.002950066113829568,0.020204774671941313,0.011171013116836548,0.016482074345861162,0.04230685587561631,-100,Strong Bearish,Low,34.42
0.3920939862728119,0.3920939862728119,0.39225998520851135,0.3816789984703064,0.38960000872612,814317329,0.006442721883804348,0.39271477034353774,0.395320253661663,0.40873878163394983,0.4152553394083927,0.4706187210221532,0.006422056265562972,0.018337379565095256,0.010580986738204956,0.01543600218636649,0.039368117662550425,-100,Strong Bearish,Low,35.16
0.3837209939956665,0.3837209939956665,0.3920910060405731,0.3765830099582672,0.3920910060405731,839949038,-0.021354554189259134,0.3909160150739635,0.3942657755102088,0.4077576919226446,0.4146308969249724,0.46992630885461145,-0.021585861586821124,0.014796640294261445,0.015510976314544678,0.01563542868409838,0.040746867981570366,-100,Strong Bearish,Low,34.81
0.3945449888706207,0.3945449888706207,0.3950139880180359,0.3836050033569336,0.38371899724006653,770396956,0.028207981956484884,0.39164180983329494,0.39429115854297353,0.4072395467049182,0.4142331561714209,0.4693256608866115,0.027817463647925977,0.017127403608315005,0.011408984661102295,0.014412141271999903,0.03652851177568989,-100,Strong Bearish,Low,35.87
0.38915300369262695,0.38915300369262695,0.3949289917945862,0.3862200081348419,0.39454999566078186,693718603,-0.013666338009838297,0.39114404860516133,0.3938240535565784,0.40653027050835777,0.4137365194886725,0.4686868349328746,-0.013760582039384562,0.017821088843245732,0.008708983659744263,0.013128712773323059,0.033736634816502124,-100,Strong Bearish,Low,36.57
0.38669800758361816,0.38669800758361816,0.38931700587272644,0.3862070143222809,0.38916200399398804,331624480,-0.006308562662278416,0.39025484040085273,0.3931762311954002,0.4057525347073876,0.4132011034113447,0.4680335375037969,-0.006328545731002972,0.016131099858923033,0.0031099915504455566,0.012122997215815954,0.03135003795744803,-100,Strong Bearish,Low,37.16
0.3817490041255951,0.3817490041255951,0.3885340094566345,0.3805539906024933,0.3867120146751404,366643114,-0.012798109535004265,0.38855367314580125,0.3921373923708725,0.4048112197826114,0.41257828956410214,0.4673460113414208,-0.012880710856149788,0.01636913787027945,0.007980018854141235,0.011840141245297022,0.031015513118147195,-100,Strong Bearish,Low,37.25
0.3873940110206604,0.3873940110206604,0.3887520134449005,0.3726949989795685,0.3817310035228729,881038173,0.014787221011866913,0.3883217407207731,0.3917061758844895,0.40412819198802513,0.4120795909790835,0.46670894360978127,0.014678956046306453,0.01773533349969915,0.01605701446533203,0.011325712714876448,0.02923564224711886,-100,Strong Bearish,Low,37.69
0.39510199427604675,0.39510199427604675,0.3960849940776825,0.3792699873447418,0.3873859941959381,1137292765,0.019897011920959384,0.38967779143182785,0.3920148866473584,0.4037742234503005,0.41174340094535994,0.4661383703083173,0.019701653493555103,0.019280217545349556,0.016815006732940674,0.011189569319997515,0.02832071080911749,-100,Strong Bearish,Low,37.92
0.3864139914512634,0.3864139914512634,0.3952530026435852,0.3808630108833313,0.39510101079940796,893235466,-0.02198926593803341,0.389025031435715,0.3915057143568043,0.40309343003857356,0.4112418284801303,0.4655031162935201,-0.022234633484067113,0.019408532162650913,0.014389991760253906,0.011100711567061288,0.028727509387975584,-100,Strong Bearish,Low,37.82
0.3782370090484619,0.3782370090484619,0.38666099309921265,0.37537500262260437,0.3863869905471802,739736057,-0.021161196498323043,0.38686742695826437,0.39029946841968227,0.4021186684311182,0.4105882676993052,0.464807768825432,-0.021388304245930245,0.016813832472544445,0.011285990476608276,0.010942139795848302,0.028929320859890608,-100,Strong Bearish,Low,37.77
0.3519879877567291,0.3519879877567291,0.3796299993991852,0.34812599420547485,0.3782140016555786,1061370203,-0.06939834194905448,0.37989153911795737,0.38681660654123196,0.4001527593850637,0.40942786611628385,0.4639088064264782,-0.0719239578721816,0.03026318703992299,0.03150400519371033,0.012329497507640294,0.035028176916541906,-100,Strong Bearish,Low,36.24
0.3548099994659424,0.3548099994659424,0.35641801357269287,0.34883901476860046,0.35191500186920166,590468250,0.00801735231704459,0.3748752311875544,0.3839069149889329,0.39837461193725504,0.4083463242024157,0.4630394932236054,0.007985384101249993,0.03135844991722325,0.007578998804092407,0.012241782886641366,0.03450236155989858,-100,Strong Bearish,Low,36.37
0.35027000308036804,0.35027000308036804,0.35495999455451965,0.34859201312065125,0.35481300950050354,313888826,-0.01279557056567715,0.36995418556611714,0.38084901390633613,0.3964881566879654,0.407196298041583,0.46214093154915725,-0.012878138974869295,0.03135844191943926,0.006367981433868408,0.012319281697273254,0.035170815624901354,-100,Strong Bearish,Low,36.21
0.33886998891830444,0.33886998891830444,0.35255300998687744,0.3343069851398468,0.35028499364852905,986711247,-0.03254636155482582,0.3637373462365546,0.37703273890742417,0.3942286206969983,0.4058433018213201,0.4611586929624572,-0.033087774146064904,0.029661946033143795,0.01824602484703064,0.012824639678001404,0.037845309698089545,-100,Strong Bearish,Low,35.54
0.3493730127811432,0.3493730127811432,0.3528220057487488,0.3372589945793152,0.3389039933681488,932296715,0.030994257993648633,0.36086447954547235,0.37451821835048954,0.39246957724931775,0.40472507827597004,0.4602679704112117,0.030523635663008065,0.03219622463436736,0.015563011169433594,0.013180498565946306,0.03772614965599226,-100,Strong Bearish,Low,35.57
0.34602001309394836,0.34602001309394836,0.350151002407074,0.3397360146045685,0.3493320047855377,743732204,-0.009597191438753816,0.35789558625516754,0.3719274724180767,0.3906480257138131,0.40356260173771213,0.4593576281218311,-0.009643541271046153,0.032243999153683464,0.010414987802505493,0.012816499386514937,0.037039763312866854,-100,Strong Bearish,Low,35.74
0.3495999872684479,0.3495999872684479,0.3497900068759918,0.3423739969730377,0.3459709882736206,685101342,0.010346147734314748,0.35623646645782364,0.36989770104083775,0.38903829871595563,0.40249403511455834,0.4584830652465054,0.01029299266692698,0.033522594895957894,0.0074160099029541016,0.012531286903790064,0.03584464347868424,-100,Strong Bearish,Low,36.04
0.3542729914188385,0.3542729914188385,0.3545460104942322,0.3477030098438263,0.3495909869670868,577979156,0.013366717164100983,0.35584377145002666,0.3684772728933832,0.387674953331755,0.4015391629621678,0.4576527060925001,0.013278170777196712,0.020918006136218716,0.006843000650405884,0.012398002403123038,0.034995618360490616,-100,Strong Bearish,Low,36.25
0.35217899084091187,0.35217899084091187,0.35430198907852173,0.3514989912509918,0.35427799820899963,225391032,-0.0059106977631580015,0.35511081532820377,0.3669956108886131,0.38628295480270236,0.4005617338112518,0.4568122780825273,-0.005928235076500227,0.020795925761491592,0.0028029978275299072,0.012376074280057634,0.035141432629205924,-100,Strong Bearish,Low,36.21
0.3463920056819916,0.3463920056819916,0.35218799114227295,0.3447229862213135,0.35218799114227295,323700210,-0.01643194315794494,0.35336705339896135,0.36512255586982933,0.38471860385679213,0.39948906592750405,0.4559324352745549,-0.016568444927864235,0.02118842848591364,0.007465004920959473,0.012339287570544652,0.0356223220170758,-100,Strong Bearish,Low,36.09
0.36572301387786865,0.36572301387786865,0.36910301446914673,0.34596899151802063,0.3463830053806305,797909103,0.055806738835722625,0.3558382454947428,0.36517714296146925,0.38397367875957944,0.3988204312334519,0.4552136351040634,0.05430515606907306,0.024949484373564913,0.0231340229511261,0.012844788176672799,0.035121629455241915,-100,Strong Bearish,Low,36.22
0.3681260049343109,0.3681260049343109,0.37226998805999756,0.35944101214408875,0.3657279908657074,905248563,0.006570521857409695,0.35829579738265643,0.3654452213226367,0.38335220135466697,0.39821262081168673,0.45451970976406536,0.00654903006881479,0.02340340785072275,0.012828975915908813,0.012560071689741952,0.03411894710340606,-100,Strong Bearish,Low,36.47
0.3565309941768646,0.3565309941768646,0.36854299902915955,0.3561359941959381,0.36812201142311096,839617676,-0.03149739654908468,0.35794283674149807,0.3646348370366574,0.38230038930847865,0.3973872420664427,0.4537389231856813,-0.03200410801178641,0.027325781261850136,0.012407004833221436,0.01241842976638249,0.03483127685729917,-100,Strong Bearish,Low,36.29
0.34284600615501404,0.34284600615501404,0.3572250008583069,0.3389109969139099,0.3565239906311035,898022518,-0.03838372608655127,0.35492347062420126,0.36265403422923526,0.3807531585965781,0.39630721759294907,0.45285531428503856,-0.03913979155753527,0.03156930442370398,0.018314003944396973,0.012920430728367396,0.03768581373681094,-100,Strong Bearish,Low,35.58
0.3450169861316681,0.3450169861316681,0.34531301259994507,0.335332989692688,0.34283098578453064,672119602,0.006332230615725631,0.35294217372569464,0.3610506662203655,0.37935174006854244,0.39529156944520094,0.45199604473799976,0.0063122662783093135,0.03108456851215907,0.00998002290725708,0.011383003422192164,0.032992588422438116,-100,Strong Bearish,Low,36.75
0.3399290144443512,0.3399290144443512,0.3450999855995178,0.3398680090904236,0.3450320065021515,337167278,-0.0147470179493574,0.35033954186942595,0.35913051605890967,0.3778057508283781,0.39419528122736236,0.45110308035318986,-0.014856836217219638,0.031369197167533204,0.005231976509094238,0.011215358972549438,0.03299323828206337,-100,Strong Bearish,Low,36.75
